product_id,date,avg_discount_rate,late_delivery_rate
P019,2017-04-24,0.100000001,1.0
P019,2017-04-26,0.090000004,0.0
P019,2017-05-03,0.07,0.0
P019,2017-05-04,0.059999999,0.0
P019,2017-05-06,0.050000001,0.0
P019,2017-05-14,0.039999999,0.0
P019,2017-05-16,0.029999999,1.0
P019,2017-05-19,0.02,1.0
P019,2017-05-20,0.01,1.0
P019,2017-05-22,0.0,0.0
P019,2017-05-23,0.2250000015,1.0
P019,2017-05-24,0.180000007,1.0
P019,2017-05-25,0.170000002,0.0
P019,2017-05-28,0.159999996,0.0
P019,2017-06-01,0.150000006,0.0
P019,2017-06-02,0.129999995,1.0
P019,2017-06-04,0.119999997,1.0
P019,2017-06-05,0.100000001,0.0
P019,2017-06-07,0.090000004,1.0
P019,2017-06-12,0.0649999995,0.5
P019,2017-06-22,0.050000001,0.0
P019,2017-06-25,0.039999999,0.0
P019,2017-06-27,0.029999999,0.0
P019,2017-06-28,0.02,1.0
P019,2017-06-30,0.005,1.0
P019,2017-07-01,0.2250000015,0.5
P019,2017-07-02,0.180000007,1.0
P019,2017-07-06,0.164999999,1.0
P019,2017-07-10,0.150000006,0.0
P019,2017-07-13,0.129999995,0.0
P019,2017-07-14,0.119999997,1.0
P019,2017-07-17,0.100000001,1.0
P019,2017-07-20,0.090000004,1.0
P019,2017-07-22,0.07,0.0
P019,2017-07-23,0.059999999,1.0
P019,2017-07-25,0.045,0.5
P019,2017-07-29,0.029999999,1.0
P019,2017-08-02,0.02,1.0
P019,2017-08-05,0.01,1.0
P019,2017-08-07,0.0,1.0
P019,2017-08-15,0.2250000015,0.5
P019,2017-08-18,0.180000007,0.0
P019,2017-08-19,0.170000002,1.0
P019,2017-08-20,0.155000001,1.0
P019,2017-08-22,0.129999995,1.0
P019,2017-08-23,0.119999997,0.0
P019,2017-08-27,0.0950000025,0.5
P019,2017-08-28,0.07,1.0
P019,2017-08-29,0.059999999,0.0
P019,2017-08-31,0.045,1.0
P019,2017-09-01,0.029999999,0.0
P019,2017-09-04,0.02,1.0
P019,2017-09-06,0.01,0.0
P019,2017-09-10,0.0,1.0
P024,2017-04-23,0.119999997,0.0
P024,2017-04-27,0.039999999,0.0
P024,2017-04-28,0.090000004,1.0
P024,2017-04-29,0.050000001,0.0
P024,2017-05-01,0.170000002,1.0
P024,2017-05-02,0.159999996,0.0
P024,2017-05-03,0.02,1.0
P024,2017-05-04,0.13,0.0
P024,2017-05-05,0.02,0.0
P024,2017-05-07,0.150000006,1.0
P024,2017-05-08,0.050000001,0.0
P024,2017-05-13,0.180000007,0.0
P024,2017-05-15,0.0,1.0
P024,2017-05-20,0.164999999,0.5
P024,2017-05-21,0.129999995,1.0
P024,2017-05-22,0.180000007,1.0
P024,2017-05-23,0.129999995,0.0
P024,2017-05-25,0.109999999,0.5
P024,2017-05-29,0.1275000005,0.5
P024,2017-05-30,0.07,0.0
P024,2017-06-03,0.050000001,0.0
P024,2017-06-05,0.07,1.0
P024,2017-06-06,0.050000001,1.0
P024,2017-06-09,0.039999999,0.0
P024,2017-06-11,0.059999999,0.0
P024,2017-06-12,0.05499999950000001,1.0
P024,2017-06-13,0.029999999,0.0
P024,2017-06-17,0.029999999,1.0
P024,2017-06-19,0.045,0.5
P024,2017-06-20,0.150000006,0.0
P024,2017-06-23,0.0950000025,1.0
P024,2017-06-25,0.02,0.0
P024,2017-06-26,0.200000003,0.0
P024,2017-06-28,0.25,1.0
P024,2017-07-01,0.120000003,1.0
P024,2017-07-03,0.085000001,1.0
P024,2017-07-05,0.01,1.0
P024,2017-07-08,0.050000001,1.0
P024,2017-07-11,0.1750000045,1.0
P024,2017-07-17,0.180000007,0.0
P024,2017-07-18,0.02,0.0
P024,2017-07-23,0.159999996,0.0
P024,2017-07-25,0.119999997,0.0
P024,2017-07-27,0.12333333499999999,0.0
P024,2017-07-29,0.07,1.0
P024,2017-08-02,0.119999997,0.0
P024,2017-08-03,0.200000003,1.0
P024,2017-08-13,0.116666667,1.0
P024,2017-08-15,0.055,0.5
P024,2017-08-22,0.02,0.0
P024,2017-08-24,0.034999999000000004,0.5
P024,2017-08-29,0.0,0.0
P024,2017-08-30,0.200000003,1.0
P024,2017-09-05,0.0,0.0
P024,2017-09-06,0.25,0.0
P024,2017-09-08,0.02,1.0
P035,2017-04-24,0.1400000005,0.0
P035,2017-04-26,0.119999997,0.0
P035,2017-04-27,0.100000001,0.0
P035,2017-04-28,0.090000004,0.0
P035,2017-05-01,0.0649999995,1.0
P035,2017-05-02,0.050000001,1.0
P035,2017-05-05,0.039999999,1.0
P035,2017-05-12,0.0249999995,0.0
P035,2017-05-17,0.01,0.0
P035,2017-05-22,0.0,1.0
P035,2017-05-23,0.25,0.0
P035,2017-05-25,0.190000005,1.0
P035,2017-05-28,0.170000002,1.0
P035,2017-05-29,0.159999996,1.0
P035,2017-05-31,0.1400000005,1.0
P035,2017-06-02,0.119999997,1.0
P035,2017-06-06,0.100000001,0.0
P035,2017-06-07,0.090000004,0.0
P035,2017-06-12,0.07,0.0
P035,2017-06-13,0.059999999,1.0
P035,2017-06-16,0.050000001,1.0
P035,2017-06-18,0.039999999,0.0
P035,2017-06-20,0.029999999,0.0
P035,2017-06-21,0.015,1.0
P035,2017-06-24,0.0,0.0
P035,2017-06-28,0.25,1.0
P035,2017-07-03,0.200000003,0.0
P035,2017-07-05,0.180000007,1.0
P035,2017-07-10,0.170000002,0.0
P035,2017-07-11,0.159999996,0.0
P035,2017-07-12,0.1400000005,0.5
P035,2017-07-13,0.119999997,1.0
P035,2017-07-18,0.100000001,1.0
P035,2017-07-19,0.090000004,1.0
P035,2017-07-23,0.07,1.0
P035,2017-07-27,0.059999999,1.0
P035,2017-07-28,0.050000001,0.0
P035,2017-07-30,0.039999999,0.0
P035,2017-07-31,0.029999999,1.0
P035,2017-08-02,0.015,0.0
P035,2017-08-08,0.0,0.0
P035,2017-08-09,0.25,1.0
P035,2017-08-14,0.200000003,0.0
P035,2017-08-15,0.180000007,1.0
P035,2017-08-20,0.164999999,1.0
P035,2017-08-22,0.150000006,1.0
P035,2017-08-24,0.11666666433333334,0.6666666666666666
P035,2017-08-27,0.090000004,0.0
P035,2017-08-28,0.07,1.0
P035,2017-09-03,0.055,0.5
P035,2017-09-06,0.034999999000000004,0.5
P035,2017-09-11,0.02,1.0
P037,2015-01-01,0.200000003,1.0
P037,2015-01-17,0.1499999985,1.0
P037,2015-01-23,0.129999995,1.0
P037,2015-01-25,0.050000001,1.0
P037,2015-02-03,0.159999996,1.0
P037,2015-02-07,0.079999997,0.5
P037,2015-02-11,0.100000001,1.0
P037,2015-02-13,0.02,1.0
P037,2015-02-20,0.029999999,1.0
P037,2015-02-24,0.07,1.0
P037,2015-02-25,0.059999999,1.0
P037,2015-02-27,0.01,0.0
P037,2015-03-04,0.0,0.0
P037,2015-03-06,0.25,0.0
P037,2015-03-18,0.090000004,0.0
P037,2015-03-27,0.180000007,0.0
P037,2015-03-31,0.02,1.0
P037,2015-04-01,0.090000004,0.0
P037,2015-04-02,0.1750000045,0.5
P037,2015-04-07,0.170000002,0.0
P037,2015-04-10,0.150000006,1.0
P037,2015-04-11,0.200000003,1.0
P037,2015-04-14,0.119999997,0.0
P037,2015-04-17,0.050000001,1.0
P037,2015-04-20,0.150000006,0.0
P037,2015-04-21,0.180000007,0.0
P037,2015-04-29,0.039999999,1.0
P037,2015-05-05,0.0699999985,0.5
P037,2015-05-08,0.039999999,1.0
P037,2015-05-12,0.1400000005,1.0
P037,2015-05-16,0.119999997,1.0
P037,2015-05-20,0.0,1.0
P037,2015-05-22,0.100000001,1.0
P037,2015-05-24,0.07,1.0
P037,2015-05-25,0.059999999,0.0
P037,2015-05-26,0.050000001,1.0
P037,2015-05-28,0.039999999,0.0
P037,2015-06-07,0.25,0.0
P037,2015-06-14,0.090000004,0.0
P037,2015-06-18,0.02,0.0
P037,2015-06-25,0.07,1.0
P037,2015-06-30,0.159999996,0.0
P037,2015-07-03,0.170000002,1.0
P037,2015-07-07,0.050000001,1.0
P037,2015-07-08,0.25,0.0
P037,2015-07-09,0.039999999,1.0
P037,2015-07-10,0.029999999,1.0
P037,2015-07-11,0.200000003,0.0
P037,2015-07-18,0.159999996,1.0
P037,2015-07-20,0.150000006,0.0
P037,2015-07-24,0.02,0.0
P037,2015-07-25,0.0,1.0
P037,2015-07-26,0.13,0.5
P037,2015-08-03,0.119999997,1.0
P037,2015-08-06,0.0,0.0
P037,2015-08-12,0.07,1.0
P037,2015-08-18,0.08,1.0
P037,2015-08-19,0.090000004,1.0
P037,2015-09-01,0.200000003,1.0
P037,2015-09-03,0.119999997,0.0
P037,2015-09-09,0.029999999,0.0
P037,2015-09-11,0.100000001,1.0
P037,2015-09-13,0.02,0.0
P037,2015-09-17,0.090000004,0.0
P037,2015-09-19,0.01,1.0
P037,2015-09-22,0.039999999,1.0
P037,2015-09-26,0.02,0.0
P037,2015-10-07,0.129999995,1.0
P037,2015-10-27,0.100000001,0.0
P037,2015-10-29,0.090000004,1.0
P037,2015-10-30,0.0649999995,1.0
P037,2015-11-01,0.029999999,1.0
P037,2015-11-02,0.170000002,0.0
P037,2015-11-06,0.200000003,0.0
P037,2015-11-09,0.039999999,1.0
P037,2015-11-12,0.029999999,1.0
P037,2015-11-13,0.150000006,1.0
P037,2015-11-14,0.150000006,0.0
P037,2015-11-16,0.029999999,1.0
P037,2015-11-17,0.129999995,0.0
P037,2015-11-18,0.124999996,0.0
P037,2015-11-21,0.02,1.0
P037,2015-11-23,0.02,1.0
P037,2015-11-29,0.01,0.0
P037,2015-11-30,0.090000004,0.0
P037,2015-12-03,0.25,0.0
P037,2015-12-07,0.0649999995,1.0
P037,2015-12-09,0.050000001,0.0
P037,2015-12-12,0.029999999,0.0
P037,2015-12-14,0.25,1.0
P037,2015-12-16,0.25,0.0
P037,2015-12-18,0.01,0.0
P037,2015-12-21,0.200000003,0.0
P037,2015-12-23,0.07,1.0
P037,2015-12-26,0.200000003,0.0
P037,2015-12-27,0.200000003,0.0
P037,2015-12-29,0.180000007,0.0
P037,2016-01-01,0.170000002,1.0
P037,2016-01-04,0.159999996,0.0
P037,2016-01-10,0.059999999,0.0
P037,2016-01-12,0.10000000349999999,0.5
P037,2016-01-22,0.02,1.0
P037,2016-01-26,0.150000006,0.0
P037,2016-01-29,0.119999997,1.0
P037,2016-01-31,0.100000001,1.0
P037,2016-02-05,0.090000004,1.0
P037,2016-02-07,0.01,1.0
P037,2016-02-13,0.07,1.0
P037,2016-02-18,0.180000007,0.0
P037,2016-02-20,0.0,1.0
P037,2016-02-23,0.050000001,1.0
P037,2016-02-27,0.059999999,1.0
P037,2016-02-28,0.20499999800000002,1.0
P037,2016-03-04,0.050000001,1.0
P037,2016-03-09,0.050000001,1.0
P037,2016-03-21,0.02,1.0
P037,2016-03-25,0.124999996,0.0
P037,2016-03-30,0.0,1.0
P037,2016-03-31,0.1750000005,1.0
P037,2016-04-01,0.200000003,1.0
P037,2016-04-07,0.059999999,1.0
P037,2016-04-08,0.050000001,0.0
P037,2016-04-10,0.180000007,1.0
P037,2016-04-12,0.039999999,0.0
P037,2016-04-13,0.08000000066666667,0.0
P037,2016-04-18,0.170000002,0.0
P037,2016-04-28,0.150000006,0.0
P037,2016-05-09,0.170000002,1.0
P037,2016-05-12,0.150000006,1.0
P037,2016-05-13,0.02,1.0
P037,2016-05-23,0.2250000015,0.5
P037,2016-05-24,0.180000007,1.0
P037,2016-05-25,0.150000006,0.0
P037,2016-06-03,0.119999997,1.0
P037,2016-06-12,0.124999996,0.5
P037,2016-06-18,0.090000004,0.0
P037,2016-06-26,0.07,1.0
P037,2016-06-27,0.159999996,1.0
P037,2016-06-28,0.07,1.0
P037,2016-06-30,0.07,1.0
P037,2016-07-01,0.059999999,0.0
P037,2016-07-02,0.059999999,1.0
P037,2016-07-03,0.059999999,0.0
P037,2016-07-07,0.050000001,0.0
P037,2016-07-08,0.046666667,0.6666666666666666
P037,2016-07-09,0.029999999,1.0
P037,2016-07-11,0.029999999333333333,1.0
P037,2016-07-15,0.1099999995,1.0
P037,2016-07-17,0.07,0.0
P037,2016-07-19,0.119999997,0.0
P037,2016-07-20,0.01,1.0
P037,2016-07-22,0.0500000005,0.5
P037,2016-07-25,0.050000001,0.0
P037,2016-07-26,0.0,1.0
P037,2016-07-30,0.25,1.0
P037,2016-08-03,0.200000003,0.0
P037,2016-08-06,0.170000002,1.0
P037,2016-08-28,0.1049999985,0.0
P037,2016-08-30,0.129999995,0.0
P037,2016-08-31,0.029999999,0.0
P037,2016-09-04,0.090000004,1.0
P037,2016-09-08,0.039999999,1.0
P037,2016-09-17,0.07,1.0
P037,2016-09-21,0.01,0.0
P037,2016-09-25,0.059999999,1.0
P037,2016-09-27,0.119999997,1.0
P037,2016-10-01,0.200000003,0.0
P037,2016-10-02,0.01,0.0
P037,2016-10-07,0.180000007,1.0
P037,2016-10-08,0.0,0.0
P037,2016-10-14,0.170000002,1.0
P037,2016-10-15,0.170000002,1.0
P037,2016-10-21,0.059999999,0.0
P037,2016-10-23,0.039999999,1.0
P037,2016-10-27,0.129999995,1.0
P037,2016-11-01,0.119999997,0.0
P037,2016-11-05,0.100000001,0.0
P037,2016-11-08,0.039999999,0.0
P037,2016-11-10,0.07,1.0
P037,2016-11-11,0.150000006,1.0
P037,2016-11-14,0.129999995,0.0
P037,2016-11-15,0.119999997,0.0
P037,2016-11-19,0.029999999,1.0
P037,2016-11-21,0.02,1.0
P037,2016-11-22,0.170000002,0.0
P037,2016-11-25,0.090000004,1.0
P037,2016-12-02,0.0,1.0
P037,2016-12-10,0.25,0.0
P037,2016-12-13,0.059999999,0.0
P037,2016-12-14,0.02,1.0
P037,2016-12-18,0.050000001,1.0
P037,2016-12-27,0.129999995,1.0
P037,2016-12-28,0.25,1.0
P037,2016-12-29,0.029999999,0.0
P037,2017-01-05,0.119999997,1.0
P037,2017-01-06,0.100000001,1.0
P037,2017-01-13,0.159999996,0.0
P037,2017-01-16,0.180000007,1.0
P037,2017-01-17,0.170000002,1.0
P037,2017-01-19,0.170000002,1.0
P037,2017-01-25,0.0,0.0
P037,2017-01-26,0.150000006,1.0
P037,2017-01-28,0.159999996,0.0
P037,2017-01-30,0.129999995,1.0
P037,2017-01-31,0.25,1.0
P037,2017-02-01,0.050000001,0.0
P037,2017-02-08,0.119999997,1.0
P037,2017-02-16,0.119999997,0.0
P037,2017-02-17,0.150000006,1.0
P037,2017-02-19,0.114999998,1.0
P037,2017-02-20,0.180000007,1.0
P037,2017-02-21,0.090000004,1.0
P037,2017-02-22,0.119999997,0.0
P037,2017-02-23,0.039999999,1.0
P037,2017-03-02,0.059999999,1.0
P037,2017-03-03,0.050000001,0.0
P037,2017-03-04,0.10666666666666667,1.0
P037,2017-03-05,0.059999999,1.0
P037,2017-03-08,0.050000001,0.0
P037,2017-03-11,0.044999999,1.0
P037,2017-03-14,0.129999995,1.0
P037,2017-03-15,0.01,1.0
P037,2017-03-20,0.029999999,0.0
P037,2017-03-22,0.119999997,1.0
P037,2017-03-24,0.01,1.0
P037,2017-03-25,0.02,1.0
P037,2017-03-27,0.050000001,0.0
P037,2017-03-29,0.039999999,0.0
P037,2017-03-30,0.029999999,0.0
P037,2017-04-06,0.25,1.0
P037,2017-04-10,0.200000003,0.0
P037,2017-04-22,0.04,0.5
P044,2015-01-08,0.100000001,1.0
P044,2015-01-13,0.07,1.0
P044,2015-01-18,0.07,1.0
P044,2015-01-19,0.039999999,1.0
P044,2015-01-20,0.07,0.0
P044,2015-01-21,0.12666666733333334,0.6666666666666666
P044,2015-01-24,0.0249999995,0.5
P044,2015-01-25,0.07,0.0
P044,2015-01-27,0.16000000066666667,0.6666666666666666
P044,2015-01-31,0.129999995,1.0
P044,2015-02-01,0.200000003,1.0
P044,2015-02-07,0.100000001,0.0
P044,2015-02-10,0.200000003,1.0
P044,2015-02-12,0.1099999995,0.0
P044,2015-02-13,0.07,0.0
P044,2015-02-14,0.01,1.0
P044,2015-02-22,0.159999996,1.0
P044,2015-02-28,0.159999996,1.0
P044,2015-03-13,0.1000000015,0.5
P044,2015-03-18,0.01,0.0
P044,2015-03-19,0.180000007,1.0
P044,2015-03-20,0.100000001,1.0
P044,2015-03-21,0.0,1.0
P044,2015-03-22,0.14333333566666664,0.6666666666666666
P044,2015-03-26,0.170000002,1.0
P044,2015-03-27,0.129999995,0.0
P044,2015-03-30,0.085000001,0.5
P044,2015-03-31,0.100000001,1.0
P044,2015-04-05,0.100000001,0.0
P044,2015-04-08,0.029999999,1.0
P044,2015-04-10,0.150000006,1.0
P044,2015-04-13,0.08499999800000001,0.5
P044,2015-04-15,0.02,1.0
P044,2015-04-18,0.180000007,1.0
P044,2015-04-23,0.180000007,1.0
P044,2015-04-27,0.050000001,0.0
P044,2015-04-30,0.050000001,0.0
P044,2015-05-04,0.150000006,0.0
P044,2015-05-08,0.150000006,0.0
P044,2015-05-12,0.1250000035,0.5
P044,2015-05-15,0.159999996,1.0
P044,2015-05-20,0.150000006,0.5
P044,2015-05-21,0.170000002,1.0
P044,2015-05-22,0.02,0.0
P044,2015-05-23,0.02,1.0
P044,2015-05-24,0.25,1.0
P044,2015-05-26,0.200000003,0.0
P044,2015-05-27,0.059999999,0.0
P044,2015-05-31,0.029999999,1.0
P044,2015-06-01,0.055,0.0
P044,2015-06-02,0.170000002,0.0
P044,2015-06-06,0.029999999,1.0
P044,2015-06-07,0.129999995,1.0
P044,2015-06-18,0.25,1.0
P044,2015-06-25,0.150000006,0.0
P044,2015-06-27,0.200000003,1.0
P044,2015-06-28,0.0500000005,0.5
P044,2015-06-30,0.100000001,1.0
P044,2015-07-05,0.150000006,1.0
P044,2015-07-09,0.12000000100000001,0.0
P044,2015-07-10,0.0350000005,0.5
P044,2015-07-12,0.109999999,0.0
P044,2015-07-14,0.159999996,1.0
P044,2015-07-15,0.01,1.0
P044,2015-07-21,0.180000007,0.0
P044,2015-07-28,0.059999999,1.0
P044,2015-07-31,0.1399999995,0.0
P044,2015-08-05,0.170000002,1.0
P044,2015-08-09,0.0,0.0
P044,2015-08-12,0.180000007,1.0
P044,2015-08-15,0.150000006,1.0
P044,2015-08-19,0.02,1.0
P044,2015-08-21,0.07,1.0
P044,2015-08-27,0.200000003,0.0
P044,2015-08-28,0.02,1.0
P044,2015-09-03,0.155000001,0.0
P044,2015-09-05,0.180000007,0.0
P044,2015-09-07,0.01,0.0
P044,2015-09-13,0.12000000100000001,0.5
P044,2015-09-16,0.170000002,1.0
P044,2015-09-17,0.129999995,1.0
P044,2015-09-19,0.039999999,0.0
P044,2015-09-20,0.10500000150000001,0.0
P044,2015-09-21,0.159999996,0.0
P044,2015-09-22,0.100000001,1.0
P044,2015-09-24,0.25,1.0
P044,2015-09-27,0.10500000150000001,0.0
P044,2015-10-05,0.200000003,1.0
P044,2015-10-10,0.159999996,1.0
P044,2015-10-12,0.119999997,0.0
P044,2015-10-13,0.1100000015,1.0
P044,2015-10-16,0.124999996,0.5
P044,2015-10-28,0.25,0.0
P044,2015-10-31,0.170000002,0.0
P044,2015-11-02,0.050000001,1.0
P044,2015-11-03,0.01,1.0
P044,2015-11-07,0.180000007,1.0
P044,2015-11-08,0.200000003,1.0
P044,2015-12-02,0.090000004,0.0
P044,2015-12-03,0.100000001,0.0
P044,2015-12-04,0.059999999,0.0
P044,2015-12-06,0.059999999,0.0
P044,2015-12-08,0.155000001,0.0
P044,2015-12-10,0.100000001,0.0
P044,2015-12-13,0.085000001,1.0
P044,2015-12-19,0.059999999,0.0
P044,2015-12-22,0.050000001,1.0
P044,2015-12-30,0.059999999,0.0
P044,2016-01-04,0.119999997,0.0
P044,2016-01-19,0.100000001,0.0
P044,2016-01-21,0.200000003,1.0
P044,2016-01-22,0.0,1.0
P044,2016-01-24,0.114999998,1.0
P044,2016-01-25,0.090000004,0.0
P044,2016-02-08,0.159999996,0.0
P044,2016-02-09,0.0399999995,1.0
P044,2016-02-10,0.200000003,1.0
P044,2016-02-15,0.090000004,1.0
P044,2016-02-16,0.200000003,0.0
P044,2016-02-17,0.029999999,0.0
P044,2016-02-19,0.029999999,0.0
P044,2016-02-23,0.039999999,1.0
P044,2016-02-27,0.090000004,1.0
P044,2016-02-28,0.100000001,1.0
P044,2016-03-03,0.059999999,1.0
P044,2016-03-04,0.180000007,0.0
P044,2016-03-06,0.07,0.0
P044,2016-03-08,0.159999996,0.0
P044,2016-03-10,0.059999999,1.0
P044,2016-03-12,0.119999997,0.0
P044,2016-03-14,0.01,1.0
P044,2016-03-16,0.150000006,1.0
P044,2016-03-18,0.059999999,0.0
P044,2016-03-24,0.150000006,0.0
P044,2016-03-27,0.25,1.0
P044,2016-03-30,0.07,1.0
P044,2016-04-01,0.200000003,0.0
P044,2016-04-02,0.159999996,0.0
P044,2016-04-04,0.159999996,1.0
P044,2016-04-08,0.01,1.0
P044,2016-04-10,0.039999999,1.0
P044,2016-04-14,0.170000002,1.0
P044,2016-04-15,0.1499999985,0.5
P044,2016-04-19,0.180000007,0.0
P044,2016-04-20,0.180000007,1.0
P044,2016-04-21,0.039999999,0.0
P044,2016-04-24,0.07,1.0
P044,2016-04-27,0.170000002,0.0
P044,2016-04-28,0.01,1.0
P044,2016-05-06,0.02,1.0
P044,2016-05-07,0.090000004,1.0
P044,2016-05-08,0.090000004,0.0
P044,2016-05-10,0.170000002,1.0
P044,2016-05-16,0.200000003,1.0
P044,2016-05-18,0.150000006,1.0
P044,2016-05-21,0.180000007,0.0
P044,2016-05-24,0.07,1.0
P044,2016-05-27,0.159999996,0.0
P044,2016-05-28,0.25,0.0
P044,2016-05-29,0.129999995,0.0
P044,2016-05-30,0.119999997,0.5
P044,2016-05-31,0.180000007,0.5
P044,2016-06-02,0.039999999,0.0
P044,2016-06-08,0.119999997,1.0
P044,2016-06-24,0.25,0.0
P044,2016-06-26,0.039999999,0.0
P044,2016-06-29,0.100000001,0.0
P044,2016-07-06,0.0950000035,0.5
P044,2016-07-07,0.119999997,0.0
P044,2016-07-08,0.100000001,0.0
P044,2016-07-09,0.02,0.0
P044,2016-07-13,0.129999995,0.0
P044,2016-07-15,0.023333333666666668,0.6666666666666666
P044,2016-07-17,0.180000007,1.0
P044,2016-07-22,0.11500000399999999,0.0
P044,2016-07-28,0.07,1.0
P044,2016-07-30,0.170000002,0.0
P044,2016-07-31,0.119999997,1.0
P044,2016-08-01,0.02,0.0
P044,2016-08-06,0.1350000055,0.5
P044,2016-08-07,0.119999997,1.0
P044,2016-08-11,0.100000001,0.0
P044,2016-08-22,0.159999996,0.0
P044,2016-09-01,0.039999999,0.0
P044,2016-09-02,0.200000003,0.0
P044,2016-09-03,0.119999997,1.0
P044,2016-09-09,0.150000006,0.0
P044,2016-09-10,0.0949999975,1.0
P044,2016-09-13,0.119999997,1.0
P044,2016-09-15,0.0,0.0
P044,2016-09-16,0.200000003,1.0
P044,2016-09-17,0.050000001,0.0
P044,2016-09-19,0.050000001,1.0
P044,2016-09-21,0.07,0.0
P044,2016-09-22,0.029999999,1.0
P044,2016-10-02,0.119999997,1.0
P044,2016-10-04,0.150000006,0.0
P044,2016-10-07,0.1100000015,0.5
P044,2016-10-08,0.01,0.0
P044,2016-10-10,0.159999996,1.0
P044,2016-10-12,0.029999999,1.0
P044,2016-10-16,0.25,1.0
P044,2016-10-19,0.170000002,0.0
P044,2016-10-29,0.02,1.0
P044,2016-10-31,0.150000006,0.0
P044,2016-11-08,0.159999996,0.0
P044,2016-11-14,0.039999999,0.0
P044,2016-11-16,0.0,1.0
P044,2016-11-20,0.0,0.0
P044,2016-11-29,0.170000002,1.0
P044,2016-11-30,0.0,1.0
P044,2016-12-01,0.07,0.0
P044,2016-12-02,0.180000007,1.0
P044,2016-12-05,0.119999997,0.0
P044,2016-12-08,0.170000002,0.0
P044,2016-12-11,0.180000007,0.0
P044,2016-12-13,0.059999999,1.0
P044,2016-12-14,0.01,0.0
P044,2016-12-16,0.129999995,1.0
P044,2016-12-19,0.129999995,1.0
P044,2016-12-27,0.100000001,1.0
P044,2016-12-29,0.100000001,1.0
P044,2016-12-30,0.25,0.0
P044,2017-01-03,0.02,1.0
P044,2017-01-04,0.200000003,0.0
P044,2017-01-06,0.059999999,1.0
P044,2017-01-08,0.029999999,1.0
P044,2017-01-12,0.01,0.0
P044,2017-01-13,0.129999995,1.0
P044,2017-01-22,0.02,0.0
P044,2017-01-23,0.050000001,0.0
P044,2017-01-25,0.100000001,0.0
P044,2017-01-26,0.159999996,0.0
P044,2017-01-28,0.050000001,1.0
P044,2017-01-29,0.130000001,0.5
P044,2017-02-05,0.059999999,0.0
P044,2017-02-06,0.25,0.0
P044,2017-02-12,0.0,1.0
P044,2017-02-17,0.050000001,1.0
P044,2017-02-18,0.0,1.0
P044,2017-02-22,0.090000004,1.0
P044,2017-02-24,0.170000002,0.0
P044,2017-03-06,0.129999995,1.0
P044,2017-03-07,0.059999999,1.0
P044,2017-03-09,0.059999999,1.0
P044,2017-03-16,0.119999997,0.0
P044,2017-03-18,0.02,1.0
P044,2017-03-21,0.15499999949999999,0.5
P044,2017-03-22,0.200000003,1.0
P044,2017-03-25,0.039999999,1.0
P044,2017-03-28,0.150000006,1.0
P044,2017-04-01,0.050000001,0.0
P044,2017-04-03,0.100000001,0.0
P044,2017-04-05,0.109999999,1.0
P044,2017-04-08,0.25,0.0
P044,2017-04-10,0.02,1.0
P044,2017-04-12,0.02,1.0
P044,2017-04-13,0.039999999,0.0
P044,2017-04-16,0.07,1.0
P044,2017-04-17,0.0650000015,0.0
P044,2017-04-21,0.119999997,0.0
P058,2017-09-11,0.140000004,0.5
P058,2017-09-12,0.11250000099999999,0.75
P058,2017-09-13,0.14666666566666667,1.0
P058,2017-09-14,0.200000003,1.0
P058,2017-09-15,0.039999999,0.0
P058,2017-09-16,0.200000003,0.0
P058,2017-09-17,0.1449999995,0.5
P058,2017-09-20,0.07500000100000001,0.5
P058,2017-09-21,0.114999998,0.5
P058,2017-09-23,0.2250000015,0.5
P058,2017-09-24,0.10666666666666667,0.6666666666666666
P058,2017-09-25,0.066666669,0.3333333333333333
P058,2017-09-28,0.159999996,1.0
P058,2017-09-29,0.0199999995,1.0
P060,2017-09-30,0.109999999,1.0
P060,2017-10-01,0.062000000599999994,0.4
P060,2017-10-02,0.019999999666666667,1.0
P061,2017-09-11,0.129999995,0.0
P061,2017-09-12,0.0,0.0
P061,2017-09-13,0.07,0.0
P061,2017-09-14,0.06250000124999999,0.75
P061,2017-09-15,0.129999995,0.0
P061,2017-09-17,0.08666666833333332,0.3333333333333333
P061,2017-09-18,0.029999999,1.0
P061,2017-09-19,0.200000003,1.0
P061,2017-09-20,0.180000007,0.0
P061,2017-09-21,0.159999996,0.0
P061,2017-09-22,0.039999999,0.0
P061,2017-09-23,0.1750000045,1.0
P061,2017-09-24,0.0949999985,1.0
P061,2017-09-25,0.039999999,0.0
P061,2017-09-27,0.05333333266666667,0.0
P061,2017-09-28,0.10000000125,0.5
P078,2017-04-25,0.07,0.0
P078,2017-04-26,0.02,1.0
P078,2017-04-28,0.01,1.0
P078,2017-05-02,0.059999999,0.0
P078,2017-05-03,0.050000001,1.0
P078,2017-05-07,0.1100000015,0.5
P078,2017-05-10,0.029999999,1.0
P078,2017-05-12,0.25,0.0
P078,2017-05-15,0.090000004,0.0
P078,2017-05-16,0.10000000349999999,0.5
P078,2017-05-17,0.01,1.0
P078,2017-05-18,0.050000001,1.0
P078,2017-05-20,0.119999997,0.0
P078,2017-05-22,0.180000007,0.0
P078,2017-05-25,0.129999995,1.0
P078,2017-05-26,0.090000004,1.0
P078,2017-05-27,0.159999996,1.0
P078,2017-05-29,0.02,1.0
P078,2017-05-30,0.090000004,0.0
P078,2017-06-01,0.050000001,1.0
P078,2017-06-03,0.170000002,0.0
P078,2017-06-05,0.119999997,1.0
P078,2017-06-06,0.150000006,1.0
P078,2017-06-13,0.08500000299999999,1.0
P078,2017-06-17,0.07,0.0
P078,2017-06-21,0.07,0.0
P078,2017-06-26,0.090000004,0.0
P078,2017-06-27,0.034999999000000004,0.5
P078,2017-06-29,0.180000007,1.0
P078,2017-07-01,0.200000003,0.0
P078,2017-07-04,0.11500000399999999,0.0
P078,2017-07-05,0.055000002,1.0
P078,2017-07-07,0.01,1.0
P078,2017-07-10,0.25,0.0
P078,2017-07-13,0.029999999,1.0
P078,2017-07-14,0.01,1.0
P078,2017-07-16,0.170000002,1.0
P078,2017-07-18,0.119999997,1.0
P078,2017-07-22,0.07,0.0
P078,2017-07-24,0.150000006,1.0
P078,2017-08-01,0.129999995,1.0
P078,2017-08-06,0.02,1.0
P078,2017-08-09,0.01,1.0
P078,2017-08-11,0.119999997,0.0
P078,2017-08-12,0.115000001,0.0
P078,2017-08-13,0.029999999,0.0
P078,2017-08-18,0.039999999,0.0
P078,2017-08-21,0.080000002,1.0
P078,2017-08-24,0.200000003,1.0
P078,2017-08-25,0.200000003,1.0
P078,2017-09-01,0.100000001,1.0
P078,2017-09-07,0.02,1.0
P078,2017-09-08,0.180000007,0.0
P078,2017-09-09,0.129999995,1.0
P078,2017-09-10,0.119999997,1.0
P093,2015-01-01,0.25,0.0
P093,2015-01-02,0.200000003,0.0
P093,2015-01-06,0.090000004,1.0
P093,2015-01-08,0.11500000399999999,0.0
P093,2015-01-15,0.170000002,0.0
P093,2015-01-23,0.100000001,0.0
P093,2015-01-24,0.129999995,1.0
P093,2015-01-26,0.200000003,0.0
P093,2015-01-28,0.01,1.0
P093,2015-02-03,0.150000006,1.0
P093,2015-02-06,0.07,1.0
P093,2015-02-08,0.02,0.0
P093,2015-02-11,0.0,1.0
P093,2015-02-13,0.119999997,0.0
P093,2015-02-19,0.1750000045,1.0
P093,2015-02-21,0.039999999,1.0
P093,2015-03-03,0.01,1.0
P093,2015-03-06,0.029999999,1.0
P093,2015-03-07,0.18666666733333334,0.6666666666666666
P093,2015-03-11,0.039999999,1.0
P093,2015-03-19,0.159999996,1.0
P093,2015-03-26,0.029999999,0.0
P093,2015-03-29,0.100000001,1.0
P093,2015-03-30,0.059999999,1.0
P093,2015-04-01,0.180000007,1.0
P093,2015-04-02,0.25,0.0
P093,2015-04-04,0.200000003,1.0
P093,2015-04-08,0.100000001,0.0
P093,2015-04-11,0.150000006,0.0
P093,2015-04-17,0.20000000299999998,0.5
P093,2015-04-18,0.100000001,0.0
P093,2015-04-21,0.180000007,1.0
P093,2015-04-27,0.100000001,1.0
P093,2015-05-02,0.07,1.0
P093,2015-05-04,0.050000001,1.0
P093,2015-05-05,0.02,0.0
P093,2015-05-08,0.01,1.0
P093,2015-05-10,0.25,1.0
P093,2015-05-13,0.200000003,1.0
P093,2015-05-14,0.1650000065,1.0
P093,2015-05-18,0.159999996,1.0
P093,2015-05-21,0.180000007,0.0
P093,2015-05-23,0.02,1.0
P093,2015-05-26,0.21500000349999998,1.0
P093,2015-05-29,0.119999997,0.0
P093,2015-06-02,0.159999996,0.0
P093,2015-06-13,0.039999999,0.0
P093,2015-06-16,0.02,1.0
P093,2015-06-18,0.01,1.0
P093,2015-06-30,0.159999996,0.0
P093,2015-07-01,0.100000001,1.0
P093,2015-07-02,0.0,1.0
P093,2015-07-03,0.085000001,0.0
P093,2015-07-07,0.07,0.0
P093,2015-07-15,0.07,1.0
P093,2015-07-17,0.0,0.0
P093,2015-07-20,0.100000001,1.0
P093,2015-07-28,0.02,1.0
P093,2015-07-30,0.180000007,1.0
P093,2015-08-01,0.159999996,1.0
P093,2015-08-04,0.02,0.0
P093,2015-08-06,0.25,0.0
P093,2015-08-11,0.090000004,0.0
P093,2015-08-12,0.02,1.0
P093,2015-08-14,0.155000001,0.0
P093,2015-08-17,0.159999996,0.0
P093,2015-08-18,0.159999996,0.0
P093,2015-08-21,0.159999996,1.0
P093,2015-08-25,0.07,0.0
P093,2015-08-27,0.170000002,1.0
P093,2015-09-06,0.090000004,1.0
P093,2015-09-08,0.029999999,0.0
P093,2015-09-09,0.150000006,1.0
P093,2015-09-11,0.050000001,1.0
P093,2015-09-15,0.129999995,0.0
P093,2015-09-24,0.02,0.0
P093,2015-09-30,0.090000004,1.0
P093,2015-10-01,0.0299999995,1.0
P093,2015-10-03,0.0474999995,0.75
P093,2015-10-06,0.180000007,0.0
P093,2015-10-14,0.13,0.0
P093,2015-10-16,0.25,0.0
P093,2015-10-18,0.129999995,0.0
P093,2015-10-24,0.129999995,1.0
P093,2015-10-25,0.180000007,0.0
P093,2015-10-28,0.200000003,1.0
P093,2015-11-03,0.100000001,1.0
P093,2015-11-09,0.119999997,0.0
P093,2015-11-20,0.170000002,1.0
P093,2015-11-28,0.0,1.0
P093,2015-11-29,0.129999995,1.0
P093,2015-11-30,0.01,1.0
P093,2015-12-04,0.07,1.0
P093,2015-12-05,0.044999999,1.0
P093,2015-12-06,0.02,1.0
P093,2015-12-09,0.059999999,0.0
P093,2015-12-15,0.170000002,1.0
P093,2015-12-22,0.0,0.0
P093,2015-12-26,0.100000001,1.0
P093,2015-12-27,0.155000001,1.0
P093,2016-01-11,0.01,0.0
P093,2016-01-18,0.25,1.0
P093,2016-01-27,0.10000000349999999,0.5
P093,2016-01-30,0.039999999,1.0
P093,2016-02-03,0.100000001,0.0
P093,2016-02-08,0.050000001,1.0
P093,2016-02-09,0.039999999,0.0
P093,2016-02-10,0.01,1.0
P093,2016-02-25,0.119999997,1.0
P093,2016-02-26,0.150000006,0.0
P093,2016-02-27,0.100000001,0.0
P093,2016-03-03,0.159999996,0.0
P093,2016-03-06,0.150000006,1.0
P093,2016-03-07,0.25,0.0
P093,2016-03-09,0.100000001,1.0
P093,2016-03-12,0.044999999,0.5
P093,2016-03-23,0.0,1.0
P093,2016-03-25,0.140000004,0.5
P093,2016-03-30,0.0699999985,1.0
P093,2016-03-31,0.180000007,1.0
P093,2016-04-01,0.159999996,1.0
P093,2016-04-02,0.07,0.0
P093,2016-04-04,0.129999995,1.0
P093,2016-04-05,0.170000002,0.0
P093,2016-04-09,0.0550000005,0.5
P093,2016-04-10,0.02,1.0
P093,2016-04-11,0.039999999,1.0
P093,2016-04-12,0.0,1.0
P093,2016-04-14,0.02,1.0
P093,2016-04-16,0.119999997,1.0
P093,2016-04-17,0.25,0.0
P093,2016-04-19,0.25,0.0
P093,2016-05-11,0.100000001,1.0
P093,2016-05-12,0.119999997,0.0
P093,2016-05-25,0.07,1.0
P093,2016-05-27,0.01,1.0
P093,2016-05-29,0.119999997,1.0
P093,2016-05-31,0.07,0.0
P093,2016-06-02,0.25,1.0
P093,2016-06-03,0.200000003,1.0
P093,2016-06-06,0.10500000050000001,0.5
P093,2016-06-08,0.129999995,0.0
P093,2016-06-10,0.01,0.0
P093,2016-06-18,0.180000007,1.0
P093,2016-06-23,0.119999997,1.0
P093,2016-06-25,0.100000001,0.0
P093,2016-06-26,0.129999995,0.0
P093,2016-06-27,0.119999997,1.0
P093,2016-07-08,0.10000000349999999,1.0
P093,2016-07-16,0.02,1.0
P093,2016-07-17,0.100000001,1.0
P093,2016-07-20,0.180000007,0.0
P093,2016-07-22,0.150000006,1.0
P093,2016-07-27,0.119999997,0.0
P093,2016-07-30,0.129999995,1.0
P093,2016-07-31,0.100000001,1.0
P093,2016-08-05,0.100000001,0.0
P093,2016-08-09,0.059999999,0.0
P093,2016-08-11,0.050000001,0.0
P093,2016-08-13,0.059999999,1.0
P093,2016-08-17,0.029999999,0.0
P093,2016-08-18,0.150000006,0.0
P093,2016-09-05,0.129999995,1.0
P093,2016-09-08,0.200000003,1.0
P093,2016-09-09,0.07,1.0
P093,2016-09-11,0.200000003,0.0
P093,2016-09-12,0.059999999,0.0
P093,2016-09-19,0.050000001,1.0
P093,2016-09-24,0.039999999,1.0
P093,2016-09-25,0.050000001,1.0
P093,2016-10-03,0.0,1.0
P093,2016-10-05,0.180000007,0.0
P093,2016-10-11,0.159999996,1.0
P093,2016-10-14,0.100000001,1.0
P093,2016-10-18,0.150000006,1.0
P093,2016-10-19,0.07,1.0
P093,2016-10-22,0.050000001,1.0
P093,2016-10-24,0.039999999,1.0
P093,2016-10-28,0.1100000015,0.5
P093,2016-10-29,0.0,0.0
P093,2016-10-30,0.090000004,1.0
P093,2016-10-31,0.150000006,0.0
P093,2016-11-03,0.25,1.0
P093,2016-11-07,0.119999997,0.0
P093,2016-11-12,0.200000003,0.0
P093,2016-11-14,0.07,1.0
P093,2016-11-17,0.029999999,0.0
P093,2016-11-19,0.02,1.0
P093,2016-11-20,0.005,1.0
P093,2016-11-23,0.100000001,1.0
P093,2016-11-24,0.050000001,1.0
P093,2016-11-30,0.150000006,1.0
P093,2016-12-02,0.12999999833333334,1.0
P093,2016-12-03,0.150000006,0.0
P093,2016-12-05,0.100000001,1.0
P093,2016-12-07,0.04,1.0
P093,2016-12-10,0.159999996,1.0
P093,2016-12-14,0.159999996,0.0
P093,2016-12-19,0.170000002,1.0
P093,2016-12-20,0.150000006,1.0
P093,2016-12-22,0.07,1.0
P093,2016-12-25,0.129999995,1.0
P093,2016-12-30,0.050000001,1.0
P093,2017-01-04,0.02,0.0
P093,2017-01-07,0.25,0.0
P093,2017-01-11,0.129999995,1.0
P093,2017-01-18,0.07,0.0
P093,2017-01-19,0.04999999833333333,0.3333333333333333
P093,2017-01-20,0.119999997,0.0
P093,2017-01-21,0.07,1.0
P093,2017-01-23,0.170000002,0.0
P093,2017-01-24,0.039999999,0.0
P093,2017-01-27,0.090000004,0.0
P093,2017-01-29,0.0950000025,0.5
P093,2017-02-07,0.090000004,0.0
P093,2017-02-08,0.029999999,0.0
P093,2017-02-13,0.159999996,1.0
P093,2017-02-15,0.180000007,1.0
P093,2017-02-17,0.159999996,1.0
P093,2017-02-18,0.129999995,0.0
P093,2017-02-20,0.25,1.0
P093,2017-02-21,0.090000004,0.0
P093,2017-02-22,0.07,0.0
P093,2017-02-25,0.050000001,1.0
P093,2017-02-26,0.049999999,1.0
P093,2017-02-27,0.119999997,1.0
P093,2017-02-28,0.029999999,0.0
P093,2017-03-02,0.0,0.0
P093,2017-03-04,0.02,1.0
P093,2017-03-05,0.029999999,1.0
P093,2017-03-08,0.200000003,0.0
P093,2017-03-09,0.119999997,0.0
P093,2017-03-11,0.0199999995,1.0
P093,2017-03-13,0.170000002,0.0
P093,2017-03-22,0.119999997,0.0
P093,2017-03-24,0.159999996,1.0
P093,2017-03-26,0.090000004,1.0
P093,2017-04-04,0.129999995,1.0
P093,2017-04-05,0.01,0.5
P093,2017-04-07,0.090000004,1.0
P093,2017-04-12,0.050000001,0.0
P093,2017-04-15,0.029999999,0.0
P093,2017-04-17,0.180000007,0.0
P093,2017-04-18,0.125000002,1.0
P1004,2015-01-01,0.09200000039999999,0.5333333333333333
P1004,2015-01-02,0.13500000091666667,0.5
P1004,2015-01-03,0.09428571466666666,0.5238095238095238
P1004,2015-01-04,0.10166666716666667,0.6666666666666666
P1004,2015-01-05,0.11818181890909091,0.7272727272727273
P1004,2015-01-06,0.10166666716666667,0.3888888888888889
P1004,2015-01-07,0.10000000082352942,0.4117647058823529
P1004,2015-01-08,0.10000000020833333,0.625
P1004,2015-01-09,0.10692307753846154,0.5384615384615384
P1004,2015-01-10,0.1026315792631579,0.5263157894736842
P1004,2015-01-11,0.08807692353846154,0.46153846153846156
P1004,2015-01-12,0.10166666716666667,0.5555555555555556
P1004,2015-01-13,0.10166666716666667,0.3888888888888889
P1004,2015-01-14,0.12071428642857143,0.5
P1004,2015-01-15,0.09894736894736843,0.631578947368421
P1004,2015-01-16,0.1075000005625,0.5
P1004,2015-01-17,0.0975000005,0.5833333333333334
P1004,2015-01-18,0.08000000007142857,0.7142857142857143
P1004,2015-01-19,0.10684210589473683,0.5263157894736842
P1004,2015-01-20,0.086250000375,0.375
P1004,2015-01-21,0.12185185244444445,0.5925925925925926
P1004,2015-01-22,0.09950000065,0.45
P1004,2015-01-23,0.09700000045,0.55
P1004,2015-01-24,0.11230769261538462,0.46153846153846156
P1004,2015-01-25,0.09080000048,0.56
P1004,2015-01-26,0.0973684215263158,0.42105263157894735
P1004,2015-01-27,0.10647058876470587,0.6470588235294118
P1004,2015-01-28,0.12636363690909092,0.6363636363636364
P1004,2015-01-29,0.09533333406666666,0.6666666666666666
P1004,2015-01-30,0.10590909127272727,0.6818181818181818
P1004,2015-01-31,0.09000000107692308,0.6153846153846154
P1004,2015-02-01,0.09764705923529413,0.35294117647058826
P1004,2015-02-02,0.09153846146153846,0.6153846153846154
P1004,2015-02-03,0.09684210573684211,0.5263157894736842
P1004,2015-02-04,0.13500000091666667,0.3333333333333333
P1004,2015-02-05,0.10153846246153846,0.6153846153846154
P1004,2015-02-06,0.09000000033333334,0.6
P1004,2015-02-07,0.0906249999375,0.5625
P1004,2015-02-08,0.151250000875,0.5
P1004,2015-02-09,0.08333333433333334,0.5
P1004,2015-02-10,0.106666667,0.5185185185185185
P1004,2015-02-11,0.08666666766666667,0.8888888888888888
P1004,2015-02-12,0.10363636363636365,0.18181818181818182
P1004,2015-02-13,0.08590909127272726,0.6818181818181818
P1004,2015-02-14,0.1137500005625,0.3125
P1004,2015-02-15,0.110000000875,0.5833333333333334
P1004,2015-02-16,0.10809523838095239,0.6190476190476191
P1004,2015-02-17,0.09266666746666667,0.4666666666666667
P1004,2015-02-18,0.08533333313333333,0.8
P1004,2015-02-19,0.151250000875,0.5
P1004,2015-02-20,0.09866666773333334,0.5333333333333333
P1004,2015-02-21,0.10318181845454545,0.6818181818181818
P1004,2015-02-22,0.09538461584615385,0.6153846153846154
P1004,2015-02-23,0.10421052710526316,0.5263157894736842
P1004,2015-02-24,0.10400000005000001,0.35
P1004,2015-02-25,0.07666666716666666,0.6666666666666666
P1004,2015-02-26,0.10900000089999999,0.45
P1004,2015-02-27,0.079230769,0.6153846153846154
P1004,2015-02-28,0.11800000066666666,0.6666666666666666
P1004,2015-03-01,0.09000000038095238,0.6190476190476191
P1004,2015-03-02,0.114347827,0.4782608695652174
P1004,2015-03-03,0.0925,0.5625
P1004,2015-03-04,0.09588235329411765,0.5882352941176471
P1004,2015-03-05,0.11333333433333333,0.42857142857142855
P1004,2015-03-06,0.09764705923529413,0.7647058823529411
P1004,2015-03-07,0.11130434804347826,0.30434782608695654
P1004,2015-03-08,0.100588236,0.7058823529411765
P1004,2015-03-09,0.09266666746666667,0.4666666666666667
P1004,2015-03-10,0.07357142835714285,0.5714285714285714
P1004,2015-03-11,0.162222223,0.5555555555555556
P1004,2015-03-12,0.09761904819047619,0.47619047619047616
P1004,2015-03-13,0.10411764764705882,0.5294117647058824
P1004,2015-03-14,0.10357142907142858,0.42857142857142855
P1004,2015-03-15,0.10000000082352942,0.5882352941176471
P1004,2015-03-16,0.08357142842857143,0.35714285714285715
P1004,2015-03-17,0.10166666716666667,0.5555555555555556
P1004,2015-03-18,0.1057894745263158,0.42105263157894735
P1004,2015-03-19,0.11000000061904763,0.6666666666666666
P1004,2015-03-20,0.0950000004375,0.5
P1004,2015-03-21,0.10700000055,0.3
P1004,2015-03-22,0.05999999958333333,0.5833333333333334
P1004,2015-03-23,0.14727272827272728,0.6363636363636364
P1004,2015-03-24,0.10437500031250001,0.625
P1004,2015-03-25,0.08333333433333334,0.5
P1004,2015-03-26,0.10363636363636365,0.6363636363636364
P1004,2015-03-27,0.09750000045833333,0.375
P1004,2015-03-28,0.11000000058333333,0.5
P1004,2015-03-29,0.10346153923076923,0.5384615384615384
P1004,2015-03-30,0.09090909063636364,0.2727272727272727
P1004,2015-03-31,0.09300000045,0.4
P1004,2015-04-01,0.11625000070833334,0.5416666666666666
P1004,2015-04-02,0.10166666716666667,0.3888888888888889
P1004,2015-04-03,0.0937500006875,0.75
P1004,2015-04-04,0.10800000034999999,0.75
P1004,2015-04-05,0.07818181827272729,0.45454545454545453
P1004,2015-04-06,0.11600000073333333,0.6666666666666666
P1004,2015-04-07,0.11230769261538462,0.5384615384615384
P1004,2015-04-08,0.0995238101904762,0.42857142857142855
P1004,2015-04-09,0.09947368463157895,0.5263157894736842
P1004,2015-04-10,0.10625000062500001,0.5625
P1004,2015-04-11,0.10000000047368421,0.3684210526315789
P1004,2015-04-12,0.09700000045,0.55
P1004,2015-04-13,0.09842105305263159,0.3684210526315789
P1004,2015-04-14,0.10166666716666667,0.3888888888888889
P1004,2015-04-15,0.1133333341111111,0.7777777777777778
P1004,2015-04-16,0.0937500006875,0.6875
P1004,2015-04-17,0.10526315847368421,0.8421052631578947
P1004,2015-04-18,0.10999999975,0.25
P1004,2015-04-19,0.08920000032000001,0.56
P1004,2015-04-20,0.10166666716666667,0.4444444444444444
P1004,2015-04-21,0.11692307769230768,0.7692307692307693
P1004,2015-04-22,0.10529411823529411,0.5294117647058824
P1004,2015-04-23,0.1100000006,0.7333333333333333
P1004,2015-04-24,0.0980000004,0.5
P1004,2015-04-25,0.10166666716666667,0.4444444444444444
P1004,2015-04-26,0.10166666716666667,0.5555555555555556
P1004,2015-04-27,0.10500000108333334,0.5833333333333334
P1004,2015-04-28,0.09071428585714285,0.4642857142857143
P1004,2015-04-29,0.09200000045,0.75
P1004,2015-04-30,0.10166666716666667,0.5555555555555556
P1004,2015-05-01,0.1195454555,0.5
P1004,2015-05-02,0.10473684236842105,0.7368421052631579
P1004,2015-05-03,0.07818181827272727,0.6363636363636364
P1004,2015-05-04,0.1253846162307692,0.6153846153846154
P1004,2015-05-05,0.0840000008,0.6
P1004,2015-05-06,0.0906249999375,0.4375
P1004,2015-05-07,0.0987500005625,0.75
P1004,2015-05-08,0.10166666716666667,0.6666666666666666
P1004,2015-05-09,0.09631578994736842,0.5263157894736842
P1004,2015-05-10,0.13307692392307693,0.6153846153846154
P1004,2015-05-11,0.08772727304545455,0.5
P1004,2015-05-12,0.10705882405882354,0.4117647058823529
P1004,2015-05-13,0.10166666716666667,0.6666666666666666
P1004,2015-05-14,0.111250000625,0.75
P1004,2015-05-15,0.1087500005625,0.3125
P1004,2015-05-16,0.10090909154545455,0.36363636363636365
P1004,2015-05-17,0.08000000007142857,0.6428571428571429
P1004,2015-05-18,0.092941177,0.35294117647058826
P1004,2015-05-19,0.12280000072,0.6
P1004,2015-05-20,0.0968750005,0.4375
P1004,2015-05-21,0.08000000007142857,0.5714285714285714
P1004,2015-05-22,0.12333333425,0.6666666666666666
P1004,2015-05-23,0.1100000006,0.5333333333333333
P1004,2015-05-24,0.10166666716666667,0.8888888888888888
P1004,2015-05-25,0.10166666716666667,0.5555555555555556
P1004,2015-05-26,0.09538461584615385,0.7692307692307693
P1004,2015-05-27,0.10550000050000001,0.4
P1004,2015-05-28,0.10250000035,0.5
P1004,2015-05-29,0.10166666716666667,0.5555555555555556
P1004,2015-05-30,0.08760000043999999,0.52
P1004,2015-05-31,0.12071428642857143,0.5
P1004,2015-06-01,0.10166666716666667,0.6111111111111112
P1004,2015-06-02,0.09894736894736843,0.5789473684210527
P1004,2015-06-03,0.11230769261538462,0.6153846153846154
P1004,2015-06-04,0.09533333406666666,0.4666666666666667
P1004,2015-06-05,0.09823529488235294,0.5294117647058824
P1004,2015-06-06,0.10700000055,0.7
P1004,2015-06-07,0.065454545,0.7272727272727273
P1004,2015-06-08,0.10857142914285714,0.47619047619047616
P1004,2015-06-09,0.11416666716666667,0.625
P1004,2015-06-10,0.10157894789473684,0.5263157894736842
P1004,2015-06-11,0.09866666773333334,0.5333333333333333
P1004,2015-06-12,0.10173913069565217,0.4782608695652174
P1004,2015-06-13,0.09947368463157895,0.47368421052631576
P1004,2015-06-14,0.10625000062500001,0.5
P1004,2015-06-15,0.09928571514285714,0.5
P1004,2015-06-16,0.09882352958823529,0.7647058823529411
P1004,2015-06-17,0.08800000026666667,0.6
P1004,2015-06-18,0.09200000039999999,0.7333333333333333
P1004,2015-06-19,0.10166666716666667,0.4444444444444444
P1004,2015-06-20,0.10705882405882354,0.5882352941176471
P1004,2015-06-21,0.10166666716666667,0.6111111111111112
P1004,2015-06-22,0.10647058876470589,0.5294117647058824
P1004,2015-06-23,0.10588235352941176,0.7647058823529411
P1004,2015-06-24,0.0978947372631579,0.42105263157894735
P1004,2015-06-25,0.11103448327586207,0.5172413793103449
P1004,2015-06-26,0.09875000106250001,0.625
P1004,2015-06-27,0.10400000005000001,0.5
P1004,2015-06-28,0.06545454572727273,0.9090909090909091
P1004,2015-06-29,0.092941177,0.5882352941176471
P1004,2015-06-30,0.12071428642857143,0.5
P1004,2015-07-01,0.09928571514285714,0.7142857142857143
P1004,2015-07-02,0.09500000043750001,0.625
P1004,2015-07-03,0.10473684236842105,0.6842105263157895
P1004,2015-07-04,0.1037500005,0.7083333333333334
P1004,2015-07-05,0.09947368463157895,0.7368421052631579
P1004,2015-07-06,0.09285714323809524,0.47619047619047616
P1004,2015-07-07,0.09300000045,0.4
P1004,2015-07-08,0.11800000066666666,0.5333333333333333
P1004,2015-07-09,0.10529411823529411,0.7647058823529411
P1004,2015-07-10,0.10166666716666667,0.5
P1004,2015-07-11,0.08391304378260869,0.6086956521739131
P1004,2015-07-12,0.10764705935294117,0.6470588235294118
P1004,2015-07-13,0.14600000070000002,0.5
P1004,2015-07-14,0.08750000039285714,0.6071428571428571
P1004,2015-07-15,0.10466666726666667,0.8
P1004,2015-07-16,0.10647058876470589,0.5294117647058824
P1004,2015-07-17,0.11400000066666666,0.26666666666666666
P1004,2015-07-18,0.10733333373333333,0.8
P1004,2015-07-19,0.09000000107692308,0.5384615384615384
P1004,2015-07-20,0.09764705923529413,0.7058823529411765
P1004,2015-07-21,0.0906249999375,0.4375
P1004,2015-07-22,0.11692307769230768,0.6153846153846154
P1004,2015-07-23,0.11818181890909091,0.5454545454545454
P1004,2015-07-24,0.08000000023076924,0.46153846153846156
P1004,2015-07-25,0.10166666716666667,0.5
P1004,2015-07-26,0.09785714328571428,0.8571428571428571
P1004,2015-07-27,0.1388888898888889,0.5555555555555556
P1004,2015-07-28,0.08714285785714285,0.2857142857142857
P1004,2015-07-29,0.0906249999375,0.4375
P1004,2015-07-30,0.11050000094999998,0.8
P1004,2015-07-31,0.10166666716666667,0.5555555555555556
P1004,2015-08-01,0.09705882364705883,0.7058823529411765
P1004,2015-08-02,0.10900000089999999,0.6
P1004,2015-08-03,0.09764705923529413,0.6470588235294118
P1004,2015-08-04,0.11090909127272729,0.45454545454545453
P1004,2015-08-05,0.09266666746666667,0.6666666666666666
P1004,2015-08-06,0.09764705923529413,0.47058823529411764
P1004,2015-08-07,0.09749999991666668,0.6666666666666666
P1004,2015-08-08,0.12416666724999999,0.4166666666666667
P1004,2015-08-09,0.074545455,0.36363636363636365
P1004,2015-08-10,0.1057894745263158,0.47368421052631576
P1004,2015-08-11,0.10363636363636365,0.45454545454545453
P1004,2015-08-12,0.11500000071428572,0.8571428571428571
P1004,2015-08-13,0.10235294147058824,0.47058823529411764
P1004,2015-08-14,0.10176470635294117,0.6470588235294118
P1004,2015-08-15,0.100588236,0.5294117647058824
P1004,2015-08-16,0.1026315792631579,0.7368421052631579
P1004,2015-08-17,0.10157894789473683,0.6842105263157895
P1004,2015-08-18,0.0620000002,0.5
P1004,2015-08-19,0.10684210589473683,0.5789473684210527
P1004,2015-08-20,0.1114285720952381,0.6190476190476191
P1004,2015-08-21,0.1037500005,0.5416666666666666
P1004,2015-08-22,0.08500000029166667,0.7083333333333334
P1004,2015-08-23,0.11250000056250001,0.5625
P1004,2015-08-24,0.11785714364285714,0.5714285714285714
P1004,2015-08-25,0.09947368463157895,0.47368421052631576
P1004,2015-08-26,0.0950000011,0.5
P1004,2015-08-27,0.0969999998,0.6
P1004,2015-08-28,0.1169230773846154,0.5384615384615384
P1004,2015-08-29,0.09545454604545454,0.45454545454545453
P1004,2015-08-30,0.10470588282352941,0.7647058823529411
P1004,2015-08-31,0.10785714321428572,0.35714285714285715
P1004,2015-09-01,0.09772727331818182,0.8636363636363636
P1004,2015-09-02,0.09285714323809524,0.38095238095238093
P1004,2015-09-03,0.09590909131818183,0.5454545454545454
P1004,2015-09-04,0.1056250005625,0.625
P1004,2015-09-05,0.088571429,0.6190476190476191
P1004,2015-09-06,0.10947368468421052,0.6842105263157895
P1004,2015-09-07,0.11333333433333333,0.47619047619047616
P1004,2015-09-08,0.08533333313333333,0.6
P1004,2015-09-09,0.0987500005625,0.5
P1004,2015-09-10,0.09631578994736842,0.5789473684210527
P1004,2015-09-11,0.162222223,0.5555555555555556
P1004,2015-09-12,0.09950000065,0.4
P1004,2015-09-13,0.10153846246153846,0.46153846153846156
P1004,2015-09-14,0.08357142842857143,0.8571428571428571
P1004,2015-09-15,0.1057894745263158,0.6842105263157895
P1004,2015-09-16,0.10363636363636365,0.5454545454545454
P1004,2015-09-17,0.11500000071428572,0.7857142857142857
P1004,2015-09-18,0.1013333338,0.6666666666666666
P1004,2015-09-19,0.059,0.6
P1004,2015-09-20,0.11250000056250001,0.5
P1004,2015-09-21,0.10588235352941176,0.6470588235294118
P1004,2015-09-22,0.11500000071428572,0.5714285714285714
P1004,2015-09-23,0.10133333380000001,0.8
P1004,2015-09-24,0.10166666716666667,0.6111111111111112
P1004,2015-09-25,0.059,0.6
P1004,2015-09-26,0.09631578994736842,0.6842105263157895
P1004,2015-09-27,0.13307692392307693,0.5384615384615384
P1004,2015-09-28,0.10470588282352941,0.35294117647058826
P1004,2015-09-29,0.10785714321428572,0.6428571428571429
P1004,2015-09-30,0.09772727331818182,0.8181818181818182
P1004,2015-10-01,0.09600000045,0.55
P1004,2015-10-02,0.11700000130000002,0.5
P1004,2015-10-03,0.10400000005000001,0.5
P1004,2015-10-04,0.09533333406666666,0.5333333333333333
P1004,2015-10-05,0.08000000007142857,0.5714285714285714
P1004,2015-10-06,0.14444444566666667,0.6666666666666666
P1004,2015-10-07,0.09538461584615385,0.6153846153846154
P1004,2015-10-08,0.08000000007142857,0.42857142857142855
P1004,2015-10-09,0.11750000075,0.20833333333333334
P1004,2015-10-10,0.10190476242857144,0.38095238095238093
P1004,2015-10-11,0.10235294147058824,0.5882352941176471
P1004,2015-10-12,0.10166666716666667,0.5
P1004,2015-10-13,0.090416667125,0.75
P1004,2015-10-14,0.1100000006875,0.5625
P1004,2015-10-15,0.08391304378260869,0.5217391304347826
P1004,2015-10-16,0.1137500005625,0.625
P1004,2015-10-17,0.11600000073333333,0.6
P1004,2015-10-18,0.11142857178571429,0.5714285714285714
P1004,2015-10-19,0.08333333433333334,0.5
P1004,2015-10-20,0.0906249999375,0.6875
P1004,2015-10-21,0.11071428635714285,0.6428571428571429
P1004,2015-10-22,0.1100000006875,0.5625
P1004,2015-10-23,0.09842105305263159,0.631578947368421
P1004,2015-10-24,0.11500000071428572,0.42857142857142855
P1004,2015-10-25,0.034999999749999997,0.75
P1004,2015-10-26,0.14727272827272728,0.5454545454545454
P1004,2015-10-27,0.08160000028,0.52
P1004,2015-10-28,0.1195454555,0.6363636363636364
P1004,2015-10-29,0.10750000033333333,0.5416666666666666
P1004,2015-10-30,0.10235294147058824,0.4117647058823529
P1004,2015-10-31,0.0930434787826087,0.6086956521739131
P1004,2015-11-01,0.11200000066666667,0.3333333333333333
P1004,2015-11-02,0.08826086986956522,0.6086956521739131
P1004,2015-11-03,0.10739130517391304,0.6956521739130435
P1004,2015-11-04,0.11090909127272729,0.8636363636363636
P1004,2015-11-05,0.053636363636363635,0.5454545454545454
P1004,2015-11-06,0.10947368468421052,0.5789473684210527
P1004,2015-11-07,0.11050000095000001,0.55
P1004,2015-11-08,0.11090909127272729,0.36363636363636365
P1004,2015-11-09,0.09440000040000002,0.68
P1004,2015-11-10,0.08500000033333334,0.6666666666666666
P1004,2015-11-11,0.10900000089999999,0.6
P1004,2015-11-12,0.08499999975,0.3333333333333333
P1004,2015-11-13,0.09952380995238096,0.5714285714285714
P1004,2015-11-14,0.11071428635714287,0.2857142857142857
P1004,2015-11-15,0.10043478313043479,0.5652173913043478
P1004,2015-11-16,0.11000000058333333,0.5
P1004,2015-11-17,0.10166666716666667,0.3888888888888889
P1004,2015-11-18,0.10529411823529411,0.47058823529411764
P1004,2015-11-19,0.10166666716666667,0.5
P1004,2015-11-20,0.10111111181481482,0.5555555555555556
P1004,2015-11-21,0.0925,0.625
P1004,2015-11-22,0.086250000375,0.75
P1004,2015-11-23,0.12000000059999999,0.4666666666666667
P1004,2015-11-24,0.12416666724999999,0.75
P1004,2015-11-25,0.09866666773333334,0.4666666666666667
P1004,2015-11-26,0.10166666716666667,0.7777777777777778
P1004,2015-11-27,0.10173913069565217,0.6086956521739131
P1004,2015-11-28,0.10352941229411765,0.4117647058823529
P1004,2015-11-29,0.10133333380000001,0.6
P1004,2015-11-30,0.096666667125,0.4583333333333333
P1004,2015-12-01,0.11230769261538462,0.6923076923076923
P1004,2015-12-02,0.1010000007,0.6
P1004,2015-12-03,0.0904347829130435,0.5652173913043478
P1004,2015-12-04,0.1100000006875,0.375
P1004,2015-12-05,0.08391304378260869,0.782608695652174
P1004,2015-12-06,0.1137500005625,0.5
P1004,2015-12-07,0.1253846162307692,0.6923076923076923
P1004,2015-12-08,0.09947368463157895,0.5263157894736842
P1004,2015-12-09,0.10411764764705882,0.7058823529411765
P1004,2015-12-10,0.10352941229411765,0.29411764705882354
P1004,2015-12-11,0.10250000025,0.375
P1004,2015-12-12,0.10166666716666667,0.5
P1004,2015-12-13,0.10166666716666667,0.7222222222222222
P1004,2015-12-14,0.10166666716666667,0.6111111111111112
P1004,2015-12-15,0.100588236,0.5294117647058824
P1004,2015-12-16,0.10250000035,0.45
P1004,2015-12-17,0.09866666773333334,0.4666666666666667
P1004,2015-12-18,0.10318181845454545,0.6363636363636364
P1004,2015-12-19,0.0904347829130435,0.5217391304347826
P1004,2015-12-20,0.11400000066666667,0.7333333333333333
P1004,2015-12-21,0.09666666733333333,0.48148148148148145
P1004,2015-12-22,0.08571428564285714,0.35714285714285715
P1004,2015-12-23,0.11250000056250001,0.8125
P1004,2015-12-24,0.09590909131818183,0.3181818181818182
P1004,2015-12-25,0.11545454622727273,0.6818181818181818
P1004,2015-12-26,0.10590909127272727,0.5454545454545454
P1004,2015-12-27,0.10166666716666667,0.6666666666666666
P1004,2015-12-28,0.074545455,0.7272727272727273
P1004,2015-12-29,0.086250000375,0.5625
P1004,2015-12-30,0.12000000059999999,0.4666666666666667
P1004,2015-12-31,0.10166666716666667,0.5
P1004,2016-01-01,0.1215384623846154,0.6153846153846154
P1004,2016-01-02,0.10000000047368421,0.6842105263157895
P1004,2016-01-03,0.10166666716666667,0.5
P1004,2016-01-04,0.10357142907142858,0.5
P1004,2016-01-05,0.08000000023076924,0.6153846153846154
P1004,2016-01-06,0.1057894745263158,0.7368421052631579
P1004,2016-01-07,0.1046428575,0.35714285714285715
P1004,2016-01-08,0.09842105305263159,0.631578947368421
P1004,2016-01-09,0.0978947372631579,0.5789473684210527
P1004,2016-01-10,0.12416666724999999,0.3333333333333333
P1004,2016-01-11,0.10176470635294117,0.5294117647058824
P1004,2016-01-12,0.09565217452173913,0.4782608695652174
P1004,2016-01-13,0.10166666716666667,0.5
P1004,2016-01-14,0.1100000006,0.6666666666666666
P1004,2016-01-15,0.08750000029166667,0.5
P1004,2016-01-16,0.10739130517391304,0.2608695652173913
P1004,2016-01-17,0.08571428564285714,0.5
P1004,2016-01-18,0.11800000066666666,0.5333333333333333
P1004,2016-01-19,0.11200000066666667,0.6
P1004,2016-01-20,0.10153846246153846,0.46153846153846156
P1004,2016-01-21,0.10400000005000001,0.65
P1004,2016-01-22,0.0995238101904762,0.38095238095238093
P1004,2016-01-23,0.10352941229411765,0.6470588235294118
P1004,2016-01-24,0.08440000028,0.6
P1004,2016-01-25,0.09631578994736842,0.2631578947368421
P1004,2016-01-26,0.12269230826923076,0.4230769230769231
P1004,2016-01-27,0.09533333406666666,0.4666666666666667
P1004,2016-01-28,0.0937500006875,0.625
P1004,2016-01-29,0.09153846146153846,0.5384615384615384
P1004,2016-01-30,0.0968421057368421,0.5263157894736842
P1004,2016-01-31,0.14090909190909093,0.2727272727272727
P1004,2016-02-01,0.09571428614285715,0.8095238095238095
P1004,2016-02-02,0.11166666725,0.5
P1004,2016-02-03,0.09266666746666667,0.6666666666666666
P1004,2016-02-04,0.09764705923529413,0.5882352941176471
P1004,2016-02-05,0.10166666716666667,0.5555555555555556
P1004,2016-02-06,0.07999999993333334,0.4
P1004,2016-02-07,0.11714285804761906,0.5714285714285714
P1004,2016-02-08,0.10166666716666667,0.3888888888888889
P1004,2016-02-09,0.11000000039999999,0.52
P1004,2016-02-10,0.1013333338,0.5333333333333333
P1004,2016-02-11,0.0968750005,0.375
P1004,2016-02-12,0.08800000026666667,0.5333333333333333
P1004,2016-02-13,0.11636363709090909,0.5454545454545454
P1004,2016-02-14,0.11142857178571429,0.5
P1004,2016-02-15,0.09000000107692308,0.6153846153846154
P1004,2016-02-16,0.10809523838095239,0.5714285714285714
P1004,2016-02-17,0.10190476242857144,0.42857142857142855
P1004,2016-02-18,0.09318181854545454,0.7727272727272727
P1004,2016-02-19,0.10166666716666667,0.3333333333333333
P1004,2016-02-20,0.09000000038095239,0.5714285714285714
P1004,2016-02-21,0.114347827,0.5217391304347826
P1004,2016-02-22,0.10809523838095239,0.8095238095238095
P1004,2016-02-23,0.09440000039999999,0.56
P1004,2016-02-24,0.1169230773846154,0.6923076923076923
P1004,2016-02-25,0.10176470635294117,0.4117647058823529
P1004,2016-02-26,0.0995238101904762,0.42857142857142855
P1004,2016-02-27,0.09947368463157895,0.47368421052631576
P1004,2016-02-28,0.09285714323809524,0.38095238095238093
P1004,2016-02-29,0.12666666822222222,0.4444444444444444
P1004,2016-03-01,0.10166666716666667,0.3333333333333333
P1004,2016-03-02,0.10166666716666667,0.5
P1004,2016-03-03,0.08357142842857143,0.5
P1004,2016-03-04,0.086250000375,0.5625
P1004,2016-03-05,0.1140000006,0.55
P1004,2016-03-06,0.09785714328571428,0.7857142857142857
P1004,2016-03-07,0.111250000625,0.5625
P1004,2016-03-08,0.11818181890909091,0.6363636363636364
P1004,2016-03-09,0.10000000082352942,0.6470588235294118
P1004,2016-03-10,0.10166666716666667,0.5555555555555556
P1004,2016-03-11,0.08357142842857143,0.35714285714285715
P1004,2016-03-12,0.09588235329411765,0.47058823529411764
P1004,2016-03-13,0.11692307769230768,0.3076923076923077
P1004,2016-03-14,0.11200000066666667,0.4666666666666667
P1004,2016-03-15,0.10357142907142858,0.42857142857142855
P1004,2016-03-16,0.0968750005,0.4375
P1004,2016-03-17,0.066923077,0.3076923076923077
P1004,2016-03-18,0.12250000095833334,0.5
P1004,2016-03-19,0.10318181845454545,0.7272727272727273
P1004,2016-03-20,0.08750000029166667,0.375
P1004,2016-03-21,0.10166666716666667,0.3888888888888889
P1004,2016-03-22,0.09952380995238096,0.42857142857142855
P1004,2016-03-23,0.11692307769230768,0.46153846153846156
P1004,2016-03-24,0.1087500005625,0.5
P1004,2016-03-25,0.10166666716666667,0.6111111111111112
P1004,2016-03-26,0.10625000062500001,0.4375
P1004,2016-03-27,0.10000000047368421,0.7368421052631579
P1004,2016-03-28,0.10466666693333333,0.6
P1004,2016-03-29,0.1010000007,0.55
P1004,2016-03-30,0.08272727345454546,0.45454545454545453
P1004,2016-03-31,0.11666666666666667,0.2222222222222222
P1004,2016-04-01,0.08608695686956522,0.5652173913043478
P1004,2016-04-02,0.11250000056250001,0.625
P1004,2016-04-03,0.0973684215263158,0.5789473684210527
P1004,2016-04-04,0.10409090963636364,0.6363636363636364
P1004,2016-04-05,0.11318181909090909,0.5
P1004,2016-04-06,0.10000000020833333,0.5416666666666666
P1004,2016-04-07,0.10166666716666667,0.3888888888888889
P1004,2016-04-08,0.08608695686956522,0.43478260869565216
P1004,2016-04-09,0.09631578994736842,0.47368421052631576
P1004,2016-04-10,0.12642857214285713,0.5714285714285714
P1004,2016-04-11,0.0978947372631579,0.5263157894736842
P1004,2016-04-12,0.11785714364285714,0.8571428571428571
P1004,2016-04-13,0.10357142907142858,0.5714285714285714
P1004,2016-04-14,0.10250000035,0.45
P1004,2016-04-15,0.09761904819047619,0.6190476190476191
P1004,2016-04-16,0.09285714323809524,0.42857142857142855
P1004,2016-04-17,0.088571429,0.47619047619047616
P1004,2016-04-18,0.10764705935294117,0.5882352941176471
P1004,2016-04-19,0.11625000070833334,0.5416666666666666
P1004,2016-04-20,0.07250000008333334,0.5
P1004,2016-04-21,0.10705882405882354,0.6470588235294118
P1004,2016-04-22,0.10647058876470587,0.4117647058823529
P1004,2016-04-23,0.1100000006875,0.6875
P1004,2016-04-24,0.10166666716666667,0.6666666666666666
P1004,2016-04-25,0.10166666716666667,0.7777777777777778
P1004,2016-04-26,0.1100000010909091,0.7272727272727273
P1004,2016-04-27,0.08357142842857143,0.21428571428571427
P1004,2016-04-28,0.09785714328571428,0.42857142857142855
P1004,2016-04-29,0.1253846162307692,0.5384615384615384
P1004,2016-04-30,0.03499999966666667,0.6666666666666666
P1004,2016-05-01,0.10400000044999999,0.6
P1004,2016-05-02,0.13700000110000002,0.7
P1004,2016-05-03,0.10357142907142858,0.7142857142857143
P1004,2016-05-04,0.0968750005,0.375
P1004,2016-05-05,0.09823529488235294,0.5294117647058824
P1004,2016-05-06,0.0925,0.4375
P1004,2016-05-07,0.086250000375,0.6875
P1004,2016-05-08,0.11375000056250001,0.5
P1004,2016-05-09,0.1253846162307692,0.5384615384615384
P1004,2016-05-10,0.10357142907142858,0.5714285714285714
P1004,2016-05-11,0.09869565260869564,0.5217391304347826
P1004,2016-05-12,0.09600000045,0.25
P1004,2016-05-13,0.11200000066666667,0.4
P1004,2016-05-14,0.09136363668181818,0.4090909090909091
P1004,2016-05-15,0.0973684215263158,0.47368421052631576
P1004,2016-05-16,0.09952380995238096,0.47619047619047616
P1004,2016-05-17,0.11750000075,0.5
P1004,2016-05-18,0.10000000082352942,0.4117647058823529
P1004,2016-05-19,0.07461538423076923,0.46153846153846156
P1004,2016-05-20,0.11692307769230768,0.38461538461538464
P1004,2016-05-21,0.1169230773846154,0.3076923076923077
P1004,2016-05-22,0.08750000039285714,0.42857142857142855
P1004,2016-05-23,0.11071428635714287,0.21428571428571427
P1004,2016-05-24,0.12416666724999999,0.75
P1004,2016-05-25,0.1006250006875,0.5
P1004,2016-05-26,0.053636363636363635,0.5454545454545454
P1004,2016-05-27,0.14000000083333333,0.5833333333333334
P1004,2016-05-28,0.08666666766666667,0.6666666666666666
P1004,2016-05-29,0.07999999993333334,0.6
P1004,2016-05-30,0.10947368468421052,0.5789473684210527
P1004,2016-05-31,0.11071428635714287,0.5714285714285714
P1004,2016-06-01,0.0973684215263158,0.5263157894736842
P1004,2016-06-02,0.1336363642727273,0.7272727272727273
P1004,2016-06-03,0.10176470635294117,0.6470588235294118
P1004,2016-06-04,0.08461538561538462,0.6923076923076923
P1004,2016-06-05,0.09705882364705883,0.47058823529411764
P1004,2016-06-06,0.086250000375,0.6875
P1004,2016-06-07,0.11714285804761906,0.8571428571428571
P1004,2016-06-08,0.07999999993333334,0.6
P1004,2016-06-09,0.11375000056250001,0.375
P1004,2016-06-10,0.11346153934615384,0.38461538461538464
P1004,2016-06-11,0.09800000024,0.76
P1004,2016-06-12,0.11142857178571429,0.5
P1004,2016-06-13,0.09761904819047619,0.5714285714285714
P1004,2016-06-14,0.08608695686956522,0.5217391304347826
P1004,2016-06-15,0.10400000044999999,0.5
P1004,2016-06-16,0.11050000095000001,0.65
P1004,2016-06-17,0.08571428564285714,0.7142857142857143
P1004,2016-06-18,0.09631578994736842,0.5789473684210527
P1004,2016-06-19,0.12269230826923076,0.46153846153846156
P1004,2016-06-20,0.07666666716666666,0.6666666666666666
P1004,2016-06-21,0.11269230834615386,0.5384615384615384
P1004,2016-06-22,0.0904347829130435,0.43478260869565216
P1004,2016-06-23,0.09300000045,0.7
P1004,2016-06-24,0.12357142935714285,0.6428571428571429
P1004,2016-06-25,0.1075000005625,0.5
P1004,2016-06-26,0.10166666716666667,0.5
P1004,2016-06-27,0.10357142907142858,0.6428571428571429
P1004,2016-06-28,0.10000000082352942,0.5294117647058824
P1004,2016-06-29,0.08357142842857143,0.9285714285714286
P1004,2016-06-30,0.1057894745263158,0.5263157894736842
P1004,2016-07-01,0.09705882364705883,0.5294117647058824
P1004,2016-07-02,0.10166666716666667,0.5555555555555556
P1004,2016-07-03,0.1057894745263158,0.47368421052631576
P1004,2016-07-04,0.0906249999375,0.75
P1004,2016-07-05,0.0987500005625,0.6875
P1004,2016-07-06,0.11250000056250001,0.25
P1004,2016-07-07,0.10166666716666667,0.6111111111111112
P1004,2016-07-08,0.088571429,0.5238095238095238
P1004,2016-07-09,0.1200000006,0.4
P1004,2016-07-10,0.1100000006875,0.625
P1004,2016-07-11,0.09142857176190476,0.42857142857142855
P1004,2016-07-12,0.10647058876470587,0.7647058823529411
P1004,2016-07-13,0.1215384623846154,0.38461538461538464
P1004,2016-07-14,0.0980000004,0.7
P1004,2016-07-15,0.0950000011,0.3
P1004,2016-07-16,0.08499999975,0.25
P1004,2016-07-17,0.10409090963636364,0.5909090909090909
P1004,2016-07-18,0.11416666716666667,0.5
P1004,2016-07-19,0.09565217452173913,0.6521739130434783
P1004,2016-07-20,0.11166666725,0.6666666666666666
P1004,2016-07-21,0.08000000023076924,0.46153846153846156
P1004,2016-07-22,0.11318181909090909,0.5454545454545454
P1004,2016-07-23,0.05999999958333333,0.5833333333333334
P1004,2016-07-24,0.1140000006,0.45
P1004,2016-07-25,0.11000000058333333,0.3333333333333333
P1004,2016-07-26,0.11818181890909091,0.5454545454545454
P1004,2016-07-27,0.08714285785714285,0.5714285714285714
P1004,2016-07-28,0.10800000034999999,0.55
P1004,2016-07-29,0.10166666716666667,0.5
P1004,2016-07-30,0.08000000007142857,0.8571428571428571
P1004,2016-07-31,0.11333333433333333,0.6190476190476191
P1004,2016-08-01,0.079230769,0.6923076923076923
P1004,2016-08-02,0.10166666716666667,0.5555555555555556
P1004,2016-08-03,0.12357142935714285,0.42857142857142855
P1004,2016-08-04,0.11230769261538462,0.6923076923076923
P1004,2016-08-05,0.0987500010625,0.375
P1004,2016-08-06,0.09071428585714285,0.42857142857142855
P1004,2016-08-07,0.09200000045,0.6
P1004,2016-08-08,0.10764705935294117,0.47058823529411764
P1004,2016-08-09,0.11250000056250001,0.5625
P1004,2016-08-10,0.11785714364285714,0.7142857142857143
P1004,2016-08-11,0.10357142907142858,0.6428571428571429
P1004,2016-08-12,0.08000000023076924,0.6153846153846154
P1004,2016-08-13,0.11000000058333333,0.5
P1004,2016-08-14,0.10529411823529411,0.5294117647058824
P1004,2016-08-15,0.08772727304545455,0.6363636363636364
P1004,2016-08-16,0.10705882405882354,0.47058823529411764
P1004,2016-08-17,0.1253846162307692,0.46153846153846156
P1004,2016-08-18,0.09136363668181818,0.36363636363636365
P1004,2016-08-19,0.12416666724999999,0.5833333333333334
P1004,2016-08-20,0.09545454604545454,0.5909090909090909
P1004,2016-08-21,0.10166666716666667,0.6666666666666666
P1004,2016-08-22,0.08772727304545455,0.36363636363636365
P1004,2016-08-23,0.11250000056250001,0.625
P1004,2016-08-24,0.11400000066666666,0.26666666666666666
P1004,2016-08-25,0.09600000045,0.7
P1004,2016-08-26,0.10529411823529411,0.29411764705882354
P1004,2016-08-27,0.10166666716666667,0.6111111111111112
P1004,2016-08-28,0.08772727304545455,0.6363636363636364
P1004,2016-08-29,0.11250000056250001,0.5
P1004,2016-08-30,0.09300000045,0.35
P1004,2016-08-31,0.10705882405882354,0.5882352941176471
P1004,2016-09-01,0.10647058876470587,0.6470588235294118
P1004,2016-09-02,0.10588235352941176,0.7058823529411765
P1004,2016-09-03,0.10529411823529411,0.4117647058823529
P1004,2016-09-04,0.11166666725,0.75
P1004,2016-09-05,0.0968750005,0.5625
P1004,2016-09-06,0.08800000026666667,0.26666666666666666
P1004,2016-09-07,0.086250000375,0.4375
P1004,2016-09-08,0.10166666716666667,0.5555555555555556
P1004,2016-09-09,0.12642857214285713,0.6428571428571429
P1004,2016-09-10,0.10166666716666667,0.5555555555555556
P1004,2016-09-11,0.11818181890909091,0.45454545454545453
P1004,2016-09-12,0.10000000082352942,0.5294117647058824
P1004,2016-09-13,0.10166666716666667,0.6666666666666666
P1004,2016-09-14,0.09000000033333334,0.4
P1004,2016-09-15,0.0906249999375,0.5625
P1004,2016-09-16,0.114285715,0.7142857142857143
P1004,2016-09-17,0.09136363668181818,0.45454545454545453
P1004,2016-09-18,0.0973684215263158,0.6842105263157895
P1004,2016-09-19,0.110000000875,0.5833333333333334
P1004,2016-09-20,0.08499999975,0.4166666666666667
P1004,2016-09-21,0.13000000091666666,0.5
P1004,2016-09-22,0.10000000047368421,0.6842105263157895
P1004,2016-09-23,0.10437500031250001,0.3125
P1004,2016-09-24,0.09000000107692308,0.6923076923076923
P1004,2016-09-25,0.0925,0.75
P1004,2016-09-26,0.09785714328571428,0.21428571428571427
P1004,2016-09-27,0.10166666716666667,0.7222222222222222
P1004,2016-09-28,0.0968421057368421,0.3157894736842105
P1004,2016-09-29,0.09631578994736842,0.5789473684210527
P1004,2016-09-30,0.1140000006,0.55
P1004,2016-10-01,0.14428571485714287,0.5714285714285714
P1004,2016-10-02,0.08333333433333334,0.8333333333333334
P1004,2016-10-03,0.10800000034999999,0.6
P1004,2016-10-04,0.0937500006875,0.1875
P1004,2016-10-05,0.10526315847368421,0.42105263157894735
P1004,2016-10-06,0.07357142835714285,0.6428571428571429
P1004,2016-10-07,0.10764705935294117,0.47058823529411764
P1004,2016-10-08,0.12357142935714285,0.35714285714285715
P1004,2016-10-09,0.1100000006,0.8
P1004,2016-10-10,0.08740740766666667,0.6296296296296297
P1004,2016-10-11,0.12333333425,0.5
P1004,2016-10-12,0.1100000006,0.5333333333333333
P1004,2016-10-13,0.09571428614285715,0.5238095238095238
P1004,2016-10-14,0.11142857178571429,0.5
P1004,2016-10-15,0.10166666716666667,0.5555555555555556
P1004,2016-10-16,0.08333333433333334,0.5
P1004,2016-10-17,0.10526315847368421,0.42105263157894735
P1004,2016-10-18,0.10826086973913043,0.43478260869565216
P1004,2016-10-19,0.09866666773333334,0.6
P1004,2016-10-20,0.10318181845454545,0.5909090909090909
P1004,2016-10-21,0.10250000025,0.375
P1004,2016-10-22,0.0995238101904762,0.6666666666666666
P1004,2016-10-23,0.07333333344444444,0.4444444444444444
P1004,2016-10-24,0.09785714328571428,0.7857142857142857
P1004,2016-10-25,0.11407407474074073,0.5185185185185185
P1004,2016-10-26,0.08000000023076924,0.38461538461538464
P1004,2016-10-27,0.086250000375,0.5625
P1004,2016-10-28,0.10764705935294117,0.47058823529411764
P1004,2016-10-29,0.12923077,0.3076923076923077
P1004,2016-10-30,0.0950000011,0.8
P1004,2016-10-31,0.10809523838095239,0.6666666666666666
P1004,2016-11-01,0.10045454595454545,0.6363636363636364
P1004,2016-11-02,0.08826086986956522,0.4782608695652174
P1004,2016-11-03,0.09952380995238096,0.5714285714285714
P1004,2016-11-04,0.11071428635714287,0.5
P1004,2016-11-05,0.11400000066666666,0.6666666666666666
P1004,2016-11-06,0.08608695686956522,0.4782608695652174
P1004,2016-11-07,0.11760000092,0.44
P1004,2016-11-08,0.0950000004375,0.5625
P1004,2016-11-09,0.08499999975,0.5
P1004,2016-11-10,0.11600000073333333,0.5333333333333333
P1004,2016-11-11,0.1075000005625,0.6875
P1004,2016-11-12,0.09700000045,0.4
P1004,2016-11-13,0.09500000035,0.7
P1004,2016-11-14,0.11400000066666666,0.3333333333333333
P1004,2016-11-15,0.0950000011,0.5
P1004,2016-11-16,0.079230769,0.7692307692307693
P1004,2016-11-17,0.11750000057142858,0.75
P1004,2016-11-18,0.09545454604545454,0.5454545454545454
P1004,2016-11-19,0.10470588282352941,0.4117647058823529
P1004,2016-11-20,0.08954545490909091,0.6363636363636364
P1004,2016-11-21,0.11407407474074073,0.8148148148148148
P1004,2016-11-22,0.09266666746666667,0.5333333333333333
P1004,2016-11-23,0.10166666716666667,0.6111111111111112
P1004,2016-11-24,0.10700000055,0.5
P1004,2016-11-25,0.10315789494736842,0.5789473684210527
P1004,2016-11-26,0.09266666746666667,0.6666666666666666
P1004,2016-11-27,0.10809523838095239,0.5714285714285714
P1004,2016-11-28,0.09440000039999999,0.64
P1004,2016-11-29,0.11833333375,0.75
P1004,2016-11-30,0.10157894789473684,0.47368421052631576
P1004,2016-12-01,0.09500000071428572,0.35714285714285715
P1004,2016-12-02,0.1037500005,0.7083333333333334
P1004,2016-12-03,0.09947368463157895,0.42105263157894735
P1004,2016-12-04,0.10625000062500001,0.375
P1004,2016-12-05,0.09928571514285714,0.5
P1004,2016-12-06,0.10400000005000001,0.7
P1004,2016-12-07,0.100588236,0.7058823529411765
P1004,2016-12-08,0.06999999999999999,0.4166666666666667
P1004,2016-12-09,0.11071428635714287,0.2857142857142857
P1004,2016-12-10,0.11785714364285714,0.7857142857142857
P1004,2016-12-11,0.10437500031250001,0.5
P1004,2016-12-12,0.09000000107692308,0.6923076923076923
P1004,2016-12-13,0.0925,0.1875
P1004,2016-12-14,0.09785714328571428,0.7142857142857143
P1004,2016-12-15,0.111250000625,0.6875
P1004,2016-12-16,0.11833333375,0.75
P1004,2016-12-17,0.10157894789473684,0.42105263157894735
P1004,2016-12-18,0.09000000107692308,0.6923076923076923
P1004,2016-12-19,0.10166666716666667,0.6666666666666666
P1004,2016-12-20,0.0925,0.4375
P1004,2016-12-21,0.09200000039999999,0.4666666666666667
P1004,2016-12-22,0.11800000066666666,0.9333333333333333
P1004,2016-12-23,0.1169230773846154,0.38461538461538464
P1004,2016-12-24,0.1006250006875,0.6875
P1004,2016-12-25,0.10250000035,0.75
P1004,2016-12-26,0.09304347878260869,0.5652173913043478
P1004,2016-12-27,0.09304347860869565,0.5217391304347826
P1004,2016-12-28,0.11695652273913044,0.5652173913043478
P1004,2016-12-29,0.0950000004375,0.4375
P1004,2016-12-30,0.10166666716666667,0.3333333333333333
P1004,2016-12-31,0.1042307695,0.4230769230769231
P1004,2017-01-01,0.10692307753846154,0.6153846153846154
P1004,2017-01-02,0.0968750005,0.5625
P1004,2017-01-03,0.0840000001,0.4
P1004,2017-01-04,0.10043478313043479,0.6956521739130435
P1004,2017-01-05,0.1038461543076923,0.46153846153846156
P1004,2017-01-06,0.12700000090000002,0.4
P1004,2017-01-07,0.1026315792631579,0.6842105263157895
P1004,2017-01-08,0.0995238101904762,0.42857142857142855
P1004,2017-01-09,0.0975000005,0.6666666666666666
P1004,2017-01-10,0.10166666716666667,0.5555555555555556
P1004,2017-01-11,0.10619047652380953,0.5238095238095238
P1004,2017-01-12,0.09533333406666666,0.5333333333333333
P1004,2017-01-13,0.10590909127272727,0.7272727272727273
P1004,2017-01-14,0.1010526322631579,0.7368421052631579
P1004,2017-01-15,0.05888888866666667,0.3333333333333333
P1004,2017-01-16,0.11333333433333333,0.47619047619047616
P1004,2017-01-17,0.09764705923529413,0.7058823529411765
P1004,2017-01-18,0.0906249999375,0.5
P1004,2017-01-19,0.10466666726666667,0.6
P1004,2017-01-20,0.10409090963636364,0.5
P1004,2017-01-21,0.09200000039999999,0.5333333333333333
P1004,2017-01-22,0.13500000091666667,0.5
P1004,2017-01-23,0.10352941229411765,0.5882352941176471
P1004,2017-01-24,0.09000000083333333,0.5
P1004,2017-01-25,0.08533333313333333,0.4666666666666667
P1004,2017-01-26,0.12333333425,0.3333333333333333
P1004,2017-01-27,0.08391304378260869,0.4782608695652174
P1004,2017-01-28,0.1550000011,0.6
P1004,2017-01-29,0.0980000004,0.65
P1004,2017-01-30,0.10625000062500001,0.5625
P1004,2017-01-31,0.10000000047368421,0.8947368421052632
P1004,2017-02-01,0.09700000045,0.7
P1004,2017-02-02,0.09142857176190476,0.42857142857142855
P1004,2017-02-03,0.0968421057368421,0.6842105263157895
P1004,2017-02-04,0.11181818268181819,0.45454545454545453
P1004,2017-02-05,0.10800000034999999,0.55
P1004,2017-02-06,0.10521739182608696,0.6086956521739131
P1004,2017-02-07,0.09571428614285715,0.6666666666666666
P1004,2017-02-08,0.09842105305263159,0.3684210526315789
P1004,2017-02-09,0.0978947372631579,0.5789473684210527
P1004,2017-02-10,0.1100000006875,0.625
P1004,2017-02-11,0.09842105305263159,0.6842105263157895
P1004,2017-02-12,0.1087500005625,0.625
P1004,2017-02-13,0.10785714321428572,0.35714285714285715
P1004,2017-02-14,0.09071428678571428,0.7857142857142857
P1004,2017-02-15,0.10166666716666667,0.3333333333333333
P1004,2017-02-16,0.10473684236842105,0.47368421052631576
P1004,2017-02-17,0.08000000007142857,0.6428571428571429
P1004,2017-02-18,0.11750000075,0.625
P1004,2017-02-19,0.09266666746666667,0.6666666666666666
P1004,2017-02-20,0.079230769,0.5384615384615384
P1004,2017-02-21,0.12923077,0.38461538461538464
P1004,2017-02-22,0.10625000062500001,0.25
P1004,2017-02-23,0.08272727345454546,0.7272727272727273
P1004,2017-02-24,0.0906249999375,0.75
P1004,2017-02-25,0.11333333433333333,0.7142857142857143
P1004,2017-02-26,0.08499999975,0.5833333333333334
P1004,2017-02-27,0.1253846162307692,0.38461538461538464
P1004,2017-02-28,0.10153846246153846,0.46153846153846156
P1004,2017-03-01,0.09882352958823529,0.4117647058823529
P1004,2017-03-02,0.09823529488235294,0.47058823529411764
P1004,2017-03-03,0.10809523838095239,0.38095238095238093
P1004,2017-03-04,0.10000000082352942,0.8823529411764706
P1004,2017-03-05,0.08357142842857143,0.6428571428571429
P1004,2017-03-06,0.09200000039999999,0.26666666666666666
P1004,2017-03-07,0.13500000091666667,0.3333333333333333
P1004,2017-03-08,0.09428571466666666,0.5238095238095238
P1004,2017-03-09,0.09750000045833333,0.5
P1004,2017-03-10,0.09588235329411765,0.6470588235294118
P1004,2017-03-11,0.12333333425,0.3333333333333333
P1004,2017-03-12,0.09842105305263159,0.631578947368421
P1004,2017-03-13,0.10166666716666667,0.4444444444444444
P1004,2017-03-14,0.11833333375,0.4166666666666667
P1004,2017-03-15,0.09071428678571428,0.5714285714285714
P1004,2017-03-16,0.10750000033333333,0.4583333333333333
P1004,2017-03-17,0.1013333338,0.4666666666666667
P1004,2017-03-18,0.09266666746666667,0.8
P1004,2017-03-19,0.09764705923529413,0.47058823529411764
P1004,2017-03-20,0.10526315847368421,0.7368421052631579
P1004,2017-03-21,0.10999999975,0.375
P1004,2017-03-22,0.10500000108333334,0.8333333333333334
P1004,2017-03-23,0.09000000033333334,0.4666666666666667
P1004,2017-03-24,0.07999999993333334,0.6
P1004,2017-03-25,0.10166666716666667,0.5
P1004,2017-03-26,0.10166666716666667,0.4444444444444444
P1004,2017-03-27,0.1550000011,0.6
P1004,2017-03-28,0.0980000004,0.4
P1004,2017-03-29,0.09285714323809524,0.3333333333333333
P1004,2017-03-30,0.09590909131818183,0.5
P1004,2017-03-31,0.092941177,0.47058823529411764
P1004,2017-04-01,0.1140000006,0.3
P1004,2017-04-02,0.09785714328571428,0.5
P1004,2017-04-03,0.10166666716666667,0.5555555555555556
P1004,2017-04-04,0.09952380995238096,0.5238095238095238
P1004,2017-04-05,0.0987500005625,0.3125
P1004,2017-04-06,0.12923077,0.6153846153846154
P1004,2017-04-07,0.08954545490909091,0.5
P1004,2017-04-08,0.09200000045,0.55
P1004,2017-04-09,0.11375000056250001,0.6875
P1004,2017-04-10,0.0968421057368421,0.3157894736842105
P1004,2017-04-11,0.10166666716666667,0.4444444444444444
P1004,2017-04-12,0.11625000070833334,0.625
P1004,2017-04-13,0.08000000007142857,0.42857142857142855
P1004,2017-04-14,0.10166666716666667,0.3888888888888889
P1004,2017-04-15,0.12333333425,0.6666666666666666
P1004,2017-04-16,0.1060000006,0.5
P1004,2017-04-17,0.0937500006875,0.25
P1004,2017-04-18,0.10526315847368421,0.6842105263157895
P1004,2017-04-19,0.10700000055,0.45
P1004,2017-04-20,0.08357142842857143,0.6428571428571429
P1004,2017-04-21,0.10166666716666667,0.5
P1004,2017-04-22,0.10166666716666667,0.7777777777777778
P1004,2017-04-23,0.1114285720952381,0.6666666666666666
P1004,2017-04-24,0.07250000008333334,0.5833333333333334
P1004,2017-04-25,0.10705882405882354,0.5294117647058824
P1004,2017-04-26,0.111250000625,0.6875
P1004,2017-04-27,0.11833333375,0.8333333333333334
P1004,2017-04-28,0.10166666716666667,0.6666666666666666
P1004,2017-04-29,0.10157894789473684,0.42105263157894735
P1004,2017-04-30,0.09545454604545454,0.45454545454545453
P1004,2017-05-01,0.09500000035,0.55
P1004,2017-05-02,0.09590909131818183,0.6363636363636364
P1004,2017-05-03,0.10684210589473683,0.5789473684210527
P1004,2017-05-04,0.09200000039999999,0.3333333333333333
P1004,2017-05-05,0.11181818268181819,0.5454545454545454
P1004,2017-05-06,0.10363636363636365,0.5454545454545454
P1004,2017-05-07,0.0978947372631579,0.47368421052631576
P1004,2017-05-08,0.10166666716666667,0.6111111111111112
P1004,2017-05-09,0.10588235352941176,0.5294117647058824
P1004,2017-05-10,0.11500000071428572,0.35714285714285715
P1004,2017-05-11,0.0730000001,0.3
P1004,2017-05-12,0.1057894745263158,0.47368421052631576
P1004,2017-05-13,0.09705882364705883,0.6470588235294118
P1004,2017-05-14,0.10900000089999999,0.45
P1004,2017-05-15,0.10750000033333333,0.4166666666666667
P1004,2017-05-16,0.09928571514285714,0.5714285714285714
P1004,2017-05-17,0.08357142842857143,0.7142857142857143
P1004,2017-05-18,0.10900000089999999,0.5
P1004,2017-05-19,0.10473684236842105,0.631578947368421
P1004,2017-05-20,0.096250000375,0.75
P1004,2017-05-21,0.1100000006,0.7333333333333333
P1004,2017-05-22,0.1013333338,0.5333333333333333
P1004,2017-05-23,0.0968750005,0.625
P1004,2017-05-24,0.10590909127272727,0.5909090909090909
P1004,2017-05-25,0.09500000071428572,0.5714285714285714
P1004,2017-05-26,0.10521739182608696,0.6086956521739131
P1004,2017-05-27,0.08440000028,0.72
P1004,2017-05-28,0.12923077,0.38461538461538464
P1004,2017-05-29,0.10785714321428572,0.42857142857142855
P1004,2017-05-30,0.1010000007,0.6
P1004,2017-05-31,0.1013333338,0.5333333333333333
P1004,2017-06-01,0.096666667125,0.6666666666666666
P1004,2017-06-02,0.11166666725,0.4166666666666667
P1004,2017-06-03,0.08000000023076924,0.38461538461538464
P1004,2017-06-04,0.1038461543076923,0.6923076923076923
P1004,2017-06-05,0.12416666724999999,0.5833333333333334
P1004,2017-06-06,0.09950000065,0.65
P1004,2017-06-07,0.10357142907142858,0.5714285714285714
P1004,2017-06-08,0.0968750005,0.8125
P1004,2017-06-09,0.10166666716666667,0.5
P1004,2017-06-10,0.10166666716666667,0.3888888888888889
P1004,2017-06-11,0.08000000007142857,0.7857142857142857
P1004,2017-06-12,0.10684210589473683,0.631578947368421
P1004,2017-06-13,0.11318181909090909,0.7727272727272727
P1004,2017-06-14,0.10173913069565217,0.6086956521739131
P1004,2017-06-15,0.0840000008,0.6
P1004,2017-06-16,0.10526315847368421,0.3684210526315789
P1004,2017-06-17,0.10473684236842105,0.6842105263157895
P1004,2017-06-18,0.08000000007142857,0.5714285714285714
P1004,2017-06-19,0.092941177,0.5882352941176471
P1004,2017-06-20,0.11375000056250001,0.5625
P1004,2017-06-21,0.111250000625,0.625
P1004,2017-06-22,0.09750000045833333,0.4166666666666667
P1004,2017-06-23,0.11416666716666667,0.5416666666666666
P1004,2017-06-24,0.07666666716666666,0.5
P1004,2017-06-25,0.10928571485714286,0.39285714285714285
P1004,2017-06-26,0.08920000032000001,0.44
P1004,2017-06-27,0.11545454622727273,0.6818181818181818
P1004,2017-06-28,0.066923077,0.46153846153846156
P1004,2017-06-29,0.14727272827272728,0.5454545454545454
P1004,2017-06-30,0.10437500031250001,0.5
P1004,2017-07-01,0.09761904819047619,0.6190476190476191
P1004,2017-07-02,0.08954545490909091,0.6363636363636364
P1004,2017-07-03,0.10647058876470587,0.5882352941176471
P1004,2017-07-04,0.10588235352941176,0.29411764705882354
P1004,2017-07-05,0.0940000004,0.5
P1004,2017-07-06,0.111250000625,0.375
P1004,2017-07-07,0.09304347860869565,0.5217391304347826
P1004,2017-07-08,0.10466666726666667,0.7333333333333333
P1004,2017-07-09,0.111250000625,0.625
P1004,2017-07-10,0.11500000071428572,0.42857142857142855
P1004,2017-07-11,0.10000000047368421,0.3157894736842105
P1004,2017-07-12,0.10153846246153846,0.46153846153846156
P1004,2017-07-13,0.07461538423076923,0.8461538461538461
P1004,2017-07-14,0.0987500005625,0.5625
P1004,2017-07-15,0.11250000056250001,0.625
P1004,2017-07-16,0.10588235352941176,0.47058823529411764
P1004,2017-07-17,0.10529411823529411,0.5294117647058824
P1004,2017-07-18,0.11166666725,0.4166666666666667
P1004,2017-07-19,0.10000000082352942,0.7058823529411765
P1004,2017-07-20,0.10318181845454545,0.6818181818181818
P1004,2017-07-21,0.09928571514285714,0.7857142857142857
P1004,2017-07-22,0.09000000033333334,0.2
P1004,2017-07-23,0.11090909127272729,0.6818181818181818
P1004,2017-07-24,0.10000000082352942,0.5294117647058824
P1004,2017-07-25,0.09882352958823529,0.4117647058823529
P1004,2017-07-26,0.066923077,0.6153846153846154
P1004,2017-07-27,0.10764705935294117,0.6470588235294118
P1004,2017-07-28,0.11625000070833334,0.625
P1004,2017-07-29,0.10521739182608696,0.391304347826087
P1004,2017-07-30,0.10166666716666667,0.5
P1004,2017-07-31,0.09318181854545454,0.5454545454545454
P1004,2017-08-01,0.10529411823529411,0.5294117647058824
P1004,2017-08-02,0.11142857178571429,0.5714285714285714
P1004,2017-08-03,0.09500000071428572,0.5714285714285714
P1004,2017-08-04,0.10421052710526316,0.5789473684210527
P1004,2017-08-05,0.07666666611111111,0.7777777777777778
P1004,2017-08-06,0.1100000006875,0.75
P1004,2017-08-07,0.10470588282352941,0.8823529411764706
P1004,2017-08-08,0.08608695686956522,0.4782608695652174
P1004,2017-08-09,0.11800000066666666,0.5333333333333333
P1004,2017-08-10,0.08590909127272728,0.5454545454545454
P1004,2017-08-11,0.11714285804761906,0.5238095238095238
P1004,2017-08-12,0.08571428564285714,0.35714285714285715
P1004,2017-08-13,0.10166666716666667,0.6111111111111112
P1004,2017-08-14,0.10400000044999999,0.7
P1004,2017-08-15,0.0987500005625,0.625
P1004,2017-08-16,0.13500000091666667,0.5833333333333334
P1004,2017-08-17,0.08826086986956522,0.43478260869565216
P1004,2017-08-18,0.09200000045,0.65
P1004,2017-08-19,0.10947368468421052,0.3157894736842105
P1004,2017-08-20,0.10166666716666667,0.6666666666666666
P1004,2017-08-21,0.11050000095000001,0.7
P1004,2017-08-22,0.10166666716666667,0.4444444444444444
P1004,2017-08-23,0.1100000006190476,0.5714285714285714
P1004,2017-08-24,0.1038095239047619,0.5238095238095238
P1004,2017-08-25,0.09304347878260869,0.43478260869565216
P1004,2017-08-26,0.10080000072,0.8
P1004,2017-08-27,0.08571428564285714,0.6428571428571429
P1004,2017-08-28,0.09631578994736842,0.42105263157894735
P1004,2017-08-29,0.162222223,0.5555555555555556
P1004,2017-08-30,0.09545454604545454,0.5454545454545454
P1004,2017-08-31,0.10000000111111111,0.3333333333333333
P1004,2017-09-01,0.08533333313333333,0.6
P1004,2017-09-02,0.12333333425,0.5
P1004,2017-09-03,0.10166666716666667,0.2222222222222222
P1004,2017-09-04,0.10470588282352941,0.5882352941176471
P1004,2017-09-05,0.10166666716666667,0.2222222222222222
P1004,2017-09-06,0.10625000062500001,0.8125
P1004,2017-09-07,0.09538461584615385,0.5384615384615384
P1004,2017-09-08,0.07250000008333334,0.6666666666666666
P1004,2017-09-09,0.11250000056250001,0.3125
P1004,2017-09-10,0.09590909131818183,0.45454545454545453
P1004,2017-09-11,0.11692307753846154,0.38461538461538464
P1004,2017-09-12,0.0814814818888889,0.48148148148148145
P1004,2017-09-13,0.1200000006,0.4
P1004,2017-09-14,0.09300000045,0.5
P1004,2017-09-15,0.13500000091666667,0.6666666666666666
P1004,2017-09-16,0.09700000045,0.6
P1004,2017-09-17,0.08391304378260869,0.6956521739130435
P1004,2017-09-18,0.12280000072,0.68
P1004,2017-09-19,0.08714285785714285,0.2857142857142857
P1004,2017-09-20,0.10526315847368421,0.5789473684210527
P1004,2017-09-21,0.10750000033333333,0.5833333333333334
P1004,2017-09-22,0.0980000004,0.5
P1004,2017-09-23,0.10692307753846154,0.5384615384615384
P1004,2017-09-24,0.09440000039999999,0.68
P1004,2017-09-25,0.09750000045833333,0.4166666666666667
P1004,2017-09-26,0.086250000375,0.6875
P1004,2017-09-27,0.11714285804761906,0.5714285714285714
P1004,2017-09-28,0.10846153884615385,0.6153846153846154
P1004,2017-09-29,0.09700000045,0.6
P1004,2017-09-30,0.10470588282352941,0.47058823529411764
P1004,2017-10-01,0.10785714321428572,0.5
P1004,2017-10-02,0.08666666833333332,0.3333333333333333
P1014,2015-01-01,0.1347368427368421,0.42105263157894735
P1014,2015-01-02,0.06299999985,0.25
P1014,2015-01-03,0.11210526457894736,0.5789473684210527
P1014,2015-01-04,0.07764705805882353,0.5882352941176471
P1014,2015-01-05,0.1300000016,0.7
P1014,2015-01-06,0.10083333374999999,0.5
P1014,2015-01-07,0.07299999975,0.5
P1014,2015-01-08,0.0753333346,0.6666666666666666
P1014,2015-01-09,0.14636363636363636,0.2727272727272727
P1014,2015-01-10,0.12166666772222223,0.5
P1014,2015-01-11,0.1087500000625,0.5625
P1014,2015-01-12,0.10695652217391304,0.782608695652174
P1014,2015-01-13,0.0625000003,0.55
P1014,2015-01-14,0.13388888972222224,0.5555555555555556
P1014,2015-01-15,0.09920000075999999,0.56
P1014,2015-01-16,0.09950000025,0.75
P1014,2015-01-17,0.09294117682352943,0.5294117647058824
P1014,2015-01-18,0.08533333373333334,0.5333333333333333
P1014,2015-01-19,0.14318181904545454,0.5454545454545454
P1014,2015-01-20,0.06583333325,0.4583333333333333
P1014,2015-01-21,0.1180769241153846,0.5769230769230769
P1014,2015-01-22,0.09350000035,0.6
P1014,2015-01-23,0.08949999994999999,0.65
P1014,2015-01-24,0.08823529476470589,0.47058823529411764
P1014,2015-01-25,0.12571428704761906,0.5238095238095238
P1014,2015-01-26,0.1046666669,0.6333333333333333
P1014,2015-01-27,0.09235294129411764,0.5882352941176471
P1014,2015-01-28,0.08944444533333334,0.3333333333333333
P1014,2015-01-29,0.098235294,0.5882352941176471
P1014,2015-01-30,0.1080952391904762,0.7142857142857143
P1014,2015-01-31,0.1206249991875,0.5
P1014,2015-02-01,0.07363636381818182,0.45454545454545453
P1014,2015-02-02,0.09222222305555555,0.6111111111111112
P1014,2015-02-03,0.11000000053846154,0.6538461538461539
P1014,2015-02-04,0.12733333426666665,0.26666666666666666
P1014,2015-02-05,0.0849999995,0.5454545454545454
P1014,2015-02-06,0.06631578968421052,0.42105263157894735
P1014,2015-02-07,0.14190476380952383,0.47619047619047616
P1014,2015-02-08,0.12529411794117645,0.5882352941176471
P1014,2015-02-09,0.10039999996,0.68
P1014,2015-02-10,0.0444999999,0.7
P1014,2015-02-11,0.07111111088888888,0.5555555555555556
P1014,2015-02-12,0.15666666922222222,0.5555555555555556
P1014,2015-02-13,0.11777777727777779,0.4444444444444444
P1014,2015-02-14,0.09294117723529412,0.5882352941176471
P1014,2015-02-15,0.0634782605652174,0.6086956521739131
P1014,2015-02-16,0.13458333491666666,0.5416666666666666
P1014,2015-02-17,0.11476190504761906,0.42857142857142855
P1014,2015-02-18,0.066,0.8
P1014,2015-02-19,0.08764705964705882,0.8235294117647058
P1014,2015-02-20,0.1217647067647059,0.5294117647058824
P1014,2015-02-21,0.114210527,0.42105263157894735
P1014,2015-02-22,0.08523809561904762,0.23809523809523808
P1014,2015-02-23,0.07238095257142857,0.2857142857142857
P1014,2015-02-24,0.14857143014285715,0.5
P1014,2015-02-25,0.11666666633333334,0.42857142857142855
P1014,2015-02-26,0.06894736852631579,0.5789473684210527
P1014,2015-02-27,0.111052633,0.6842105263157895
P1014,2015-02-28,0.062307692307692314,0.6153846153846154
P1014,2015-03-01,0.1130434782173913,0.5652173913043478
P1014,2015-03-02,0.10950000074999999,0.6
P1014,2015-03-03,0.0519999998,0.5333333333333333
P1014,2015-03-04,0.1094736854736842,0.5263157894736842
P1014,2015-03-05,0.1295652182173913,0.5217391304347826
P1014,2015-03-06,0.09047619057142857,0.7619047619047619
P1014,2015-03-07,0.08720000091999999,0.4
P1014,2015-03-08,0.11526315810526315,0.6842105263157895
P1014,2015-03-09,0.11666666683333332,0.3888888888888889
P1014,2015-03-10,0.0700000005,0.5714285714285714
P1014,2015-03-11,0.06499999975000001,0.4375
P1014,2015-03-12,0.14111111218518518,0.5925925925925926
P1014,2015-03-13,0.11428571535714285,0.7857142857142857
P1014,2015-03-14,0.0880645164516129,0.6129032258064516
P1014,2015-03-15,0.09411764717647059,0.5294117647058824
P1014,2015-03-16,0.11666666738888888,0.4444444444444444
P1014,2015-03-17,0.09888888927777778,0.5555555555555556
P1014,2015-03-18,0.09750000075000001,0.25
P1014,2015-03-19,0.09242424281818182,0.6363636363636364
P1014,2015-03-20,0.11411764870588235,0.5882352941176471
P1014,2015-03-21,0.1175000004,0.5
P1014,2015-03-22,0.10285714285714286,0.42857142857142855
P1014,2015-03-23,0.07958333399999999,0.4166666666666667
P1014,2015-03-24,0.11454545490909092,0.7727272727272727
P1014,2015-03-25,0.13086956582608697,0.6956521739130435
P1014,2015-03-26,0.062307692346153846,0.6153846153846154
P1014,2015-03-27,0.08300000020000001,0.5
P1014,2015-03-28,0.1405882366470588,0.7058823529411765
P1014,2015-03-29,0.12200000013333333,0.6666666666666666
P1014,2015-03-30,0.08000000024000001,0.44
P1014,2015-03-31,0.11047619180952381,0.6190476190476191
P1014,2015-04-01,0.10578947342105265,0.47368421052631576
P1014,2015-04-02,0.10142857176190476,0.23809523809523808
P1014,2015-04-03,0.07958333391666667,0.5416666666666666
P1014,2015-04-04,0.09333333383333332,0.5833333333333334
P1014,2015-04-05,0.12227272827272727,0.2727272727272727
P1014,2015-04-06,0.11750000033333334,0.5833333333333334
P1014,2015-04-07,0.1233333335,0.5555555555555556
P1014,2015-04-08,0.08687500100000001,0.6875
P1014,2015-04-09,0.055909091045454544,0.6818181818181818
P1014,2015-04-10,0.11833333444444445,0.8888888888888888
P1014,2015-04-11,0.11227272745454546,0.4090909090909091
P1014,2015-04-12,0.10631578994736841,0.631578947368421
P1014,2015-04-13,0.11333333433333333,0.4583333333333333
P1014,2015-04-14,0.091,0.65
P1014,2015-04-15,0.07086956586956522,0.5652173913043478
P1014,2015-04-16,0.10444444455555556,0.5
P1014,2015-04-17,0.1061111113888889,0.5555555555555556
P1014,2015-04-18,0.09533333386666666,0.5333333333333333
P1014,2015-04-19,0.112777779,0.3888888888888889
P1014,2015-04-20,0.10080000012,0.6
P1014,2015-04-21,0.115833335,0.5833333333333334
P1014,2015-04-22,0.10000000061111111,0.3888888888888889
P1014,2015-04-23,0.07999999990909092,0.45454545454545453
P1014,2015-04-24,0.098000001,0.4
P1014,2015-04-25,0.10120000032,0.52
P1014,2015-04-26,0.13560000108,0.36
P1014,2015-04-27,0.0929411765882353,0.6470588235294118
P1014,2015-04-28,0.06823529411764706,0.6470588235294118
P1014,2015-04-29,0.08050000095000001,0.55
P1014,2015-04-30,0.11777777827777777,0.5555555555555556
P1014,2015-05-01,0.12384615376923078,0.6923076923076923
P1014,2015-05-02,0.09545454636363636,0.6363636363636364
P1014,2015-05-03,0.11555555594444446,0.5555555555555556
P1014,2015-05-04,0.09727272845454546,0.8181818181818182
P1014,2015-05-05,0.05919999948,0.68
P1014,2015-05-06,0.1347826101304348,0.5217391304347826
P1014,2015-05-07,0.13956521739130434,0.4782608695652174
P1014,2015-05-08,0.0860869572173913,0.43478260869565216
P1014,2015-05-09,0.042105263000000004,0.5789473684210527
P1014,2015-05-10,0.1252631587368421,0.5789473684210527
P1014,2015-05-11,0.1359259271111111,0.5925925925925926
P1014,2015-05-12,0.08000000015,0.35
P1014,2015-05-13,0.0906666662,0.6
P1014,2015-05-14,0.12105263278947369,0.5263157894736842
P1014,2015-05-15,0.07842105236842105,0.47368421052631576
P1014,2015-05-16,0.0945000013,0.25
P1014,2015-05-17,0.12722222255555557,0.5
P1014,2015-05-18,0.10040000016,0.56
P1014,2015-05-19,0.0595,0.65
P1014,2015-05-20,0.08615384715384616,0.5384615384615384
P1014,2015-05-21,0.13666666720833334,0.625
P1014,2015-05-22,0.1016000006,0.56
P1014,2015-05-23,0.10470588311764706,0.47058823529411764
P1014,2015-05-24,0.1236363640909091,0.8181818181818182
P1014,2015-05-25,0.0693749999375,0.5625
P1014,2015-05-26,0.08647058870588235,0.5882352941176471
P1014,2015-05-27,0.11714285757142859,0.42857142857142855
P1014,2015-05-28,0.12083333416666668,0.5416666666666666
P1014,2015-05-29,0.1081250011875,0.5
P1014,2015-05-30,0.11571428542857143,0.6428571428571429
P1014,2015-05-31,0.06615384626923076,0.5384615384615384
P1014,2015-06-01,0.10263158010526316,0.631578947368421
P1014,2015-06-02,0.10928571364285714,0.6428571428571429
P1014,2015-06-03,0.11526315899999999,0.5789473684210527
P1014,2015-06-04,0.08680000016000002,0.56
P1014,2015-06-05,0.1443750015625,0.625
P1014,2015-06-06,0.10722222177777778,0.5
P1014,2015-06-07,0.08809523866666666,0.5714285714285714
P1014,2015-06-08,0.10190476242857144,0.5238095238095238
P1014,2015-06-09,0.09277777844444444,0.6111111111111112
P1014,2015-06-10,0.13666666806666666,0.2
P1014,2015-06-11,0.06818181854545455,0.5454545454545454
P1014,2015-06-12,0.11611111111111111,0.5555555555555556
P1014,2015-06-13,0.064375,0.5625
P1014,2015-06-14,0.09434782639130435,0.5652173913043478
P1014,2015-06-15,0.13913043565217392,0.5652173913043478
P1014,2015-06-16,0.08578947389473685,0.5263157894736842
P1014,2015-06-17,0.08250000069999999,0.65
P1014,2015-06-18,0.127600001,0.56
P1014,2015-06-19,0.09913043447826088,0.5652173913043478
P1014,2015-06-20,0.0920000011,0.55
P1014,2015-06-21,0.09800000073333333,0.5333333333333333
P1014,2015-06-22,0.03083333275,0.5
P1014,2015-06-23,0.13368421168421052,0.7368421052631579
P1014,2015-06-24,0.11200000130000001,0.5
P1014,2015-06-25,0.11235294247058823,0.5882352941176471
P1014,2015-06-26,0.10052631531578948,0.47368421052631576
P1014,2015-06-27,0.1038888891111111,0.6666666666666666
P1014,2015-06-28,0.08294117688235295,0.47058823529411764
P1014,2015-06-29,0.10000000032,0.52
P1014,2015-06-30,0.0961904770952381,0.5714285714285714
P1014,2015-07-01,0.11619047657142859,0.6666666666666666
P1014,2015-07-02,0.09740740833333333,0.4074074074074074
P1014,2015-07-03,0.09913043469565218,0.5652173913043478
P1014,2015-07-04,0.08000000075,0.6875
P1014,2015-07-05,0.09913043495652174,0.391304347826087
P1014,2015-07-06,0.128000001,0.55
P1014,2015-07-07,0.1100000001818182,0.6818181818181818
P1014,2015-07-08,0.06363636418181819,0.6363636363636364
P1014,2015-07-09,0.10000000104761905,0.6190476190476191
P1014,2015-07-10,0.10636363672727273,0.7727272727272727
P1014,2015-07-11,0.1110000005,0.5
P1014,2015-07-12,0.0994999999,0.7
P1014,2015-07-13,0.07000000078947369,0.5789473684210527
P1014,2015-07-14,0.10619047695238096,0.5238095238095238
P1014,2015-07-15,0.140000001625,0.6666666666666666
P1014,2015-07-16,0.089999999375,0.625
P1014,2015-07-17,0.06928571385714286,0.42857142857142855
P1014,2015-07-18,0.10888889033333332,0.5
P1014,2015-07-19,0.08714285714285715,0.38095238095238093
P1014,2015-07-20,0.15133333466666665,0.4
P1014,2015-07-21,0.11333333345833334,0.5
P1014,2015-07-22,0.07866666706666667,0.6
P1014,2015-07-23,0.06655172434482759,0.5862068965517241
P1014,2015-07-24,0.1462500016875,0.625
P1014,2015-07-25,0.13190476266666668,0.7142857142857143
P1014,2015-07-26,0.10000000027272728,0.4090909090909091
P1014,2015-07-27,0.08695652160869564,0.43478260869565216
P1014,2015-07-28,0.09952380990476191,0.7142857142857143
P1014,2015-07-29,0.1093750014375,0.3125
P1014,2015-07-30,0.088333334,0.6666666666666666
P1014,2015-07-31,0.1226666668,0.4666666666666667
P1014,2015-08-01,0.09045454627272727,0.5454545454545454
P1014,2015-08-02,0.13411764764705883,0.6470588235294118
P1014,2015-08-03,0.0805000001,0.5
P1014,2015-08-04,0.06100000045,0.45
P1014,2015-08-05,0.15363636468181818,0.45454545454545453
P1014,2015-08-06,0.12277777816666667,0.8333333333333334
P1014,2015-08-07,0.0885000001,0.75
P1014,2015-08-08,0.066842106,0.631578947368421
P1014,2015-08-09,0.082142858,0.6428571428571429
P1014,2015-08-10,0.13000000047058824,0.6470588235294118
P1014,2015-08-11,0.1161111115,0.3888888888888889
P1014,2015-08-12,0.10400000044999999,0.6
P1014,2015-08-13,0.06666666677777777,0.6666666666666666
P1014,2015-08-14,0.10416666716666667,0.5833333333333334
P1014,2015-08-15,0.11818182009090909,0.5454545454545454
P1014,2015-08-16,0.068823529,0.5294117647058824
P1014,2015-08-17,0.1465000012,0.6
P1014,2015-08-18,0.10133333406666667,0.4
P1014,2015-08-19,0.07666666588888889,0.4444444444444444
P1014,2015-08-20,0.0893750005625,0.25
P1014,2015-08-21,0.09000000044999999,0.7
P1014,2015-08-22,0.13166666816666667,0.5555555555555556
P1014,2015-08-23,0.10555555622222222,0.5555555555555556
P1014,2015-08-24,0.15454545536363637,0.5454545454545454
P1014,2015-08-25,0.08958333350000001,0.4166666666666667
P1014,2015-08-26,0.02919999972,0.48
P1014,2015-08-27,0.16400000146666666,0.6
P1014,2015-08-28,0.16428571714285714,0.7142857142857143
P1014,2015-08-29,0.12608695582608695,0.30434782608695654
P1014,2015-08-30,0.07777777838888889,0.7222222222222222
P1014,2015-08-31,0.08277777783333334,0.7222222222222222
P1014,2015-09-01,0.11227272804545453,0.4090909090909091
P1014,2015-09-02,0.13210526415789473,0.42105263157894735
P1014,2015-09-03,0.09600000046666667,0.7333333333333333
P1014,2015-09-04,0.06227272690909091,0.45454545454545453
P1014,2015-09-05,0.12444444594444443,0.7222222222222222
P1014,2015-09-06,0.12380952452380953,0.6190476190476191
P1014,2015-09-07,0.11176470623529411,0.7058823529411765
P1014,2015-09-08,0.053888889111111116,0.3888888888888889
P1014,2015-09-09,0.141875000375,0.5
P1014,2015-09-10,0.08631578947368422,0.5263157894736842
P1014,2015-09-11,0.0858823528235294,0.5294117647058824
P1014,2015-09-12,0.11285714399999999,0.6190476190476191
P1014,2015-09-13,0.1049999995909091,0.4090909090909091
P1014,2015-09-14,0.09304347900000001,0.391304347826087
P1014,2015-09-15,0.110000001,0.7368421052631579
P1014,2015-09-16,0.11827586227586208,0.7931034482758621
P1014,2015-09-17,0.055882353,0.8235294117647058
P1014,2015-09-18,0.11142857210714285,0.75
P1014,2015-09-19,0.08700000075,0.8
P1014,2015-09-20,0.11000000036666666,0.4666666666666667
P1014,2015-09-21,0.1075000005625,0.75
P1014,2015-09-22,0.08954545504545454,0.5
P1014,2015-09-23,0.12055555638888887,0.6666666666666666
P1014,2015-09-24,0.12416666775,0.75
P1014,2015-09-25,0.12000000077777778,0.7777777777777778
P1014,2015-09-26,0.12333333311111111,0.3888888888888889
P1014,2015-09-27,0.0600000005625,0.5625
P1014,2015-09-28,0.06266666633333333,0.6
P1014,2015-09-29,0.09222222266666666,0.8888888888888888
P1014,2015-09-30,0.14454545636363636,0.5454545454545454
P1014,2015-10-01,0.10576923103846154,0.34615384615384615
P1014,2015-10-02,0.09500000014285714,0.2857142857142857
P1014,2015-10-03,0.06720000048000001,0.52
P1014,2015-10-04,0.13769230903846152,0.6153846153846154
P1014,2015-10-05,0.11142857133333334,0.38095238095238093
P1014,2015-10-06,0.08120000040000001,0.64
P1014,2015-10-07,0.09250000058333334,0.6666666666666666
P1014,2015-10-08,0.07636363695454546,0.5454545454545454
P1014,2015-10-09,0.143333335,0.26666666666666666
P1014,2015-10-10,0.1213333332,0.4
P1014,2015-10-11,0.06875000016666667,0.4166666666666667
P1014,2015-10-12,0.07000000081818182,0.7272727272727273
P1014,2015-10-13,0.12360000087999999,0.44
P1014,2015-10-14,0.11083333341666667,0.5
P1014,2015-10-15,0.08789473694736842,0.6842105263157895
P1014,2015-10-16,0.0775000000625,0.6875
P1014,2015-10-17,0.1206250009375,0.6875
P1014,2015-10-18,0.12526315942105262,0.42105263157894735
P1014,2015-10-19,0.08699999945,0.35
P1014,2015-10-20,0.11478261004347826,0.5652173913043478
P1014,2015-10-21,0.07818181827272729,0.5454545454545454
P1014,2015-10-22,0.09357142921428573,0.6428571428571429
P1014,2015-10-23,0.12047619147619049,0.7142857142857143
P1014,2015-10-24,0.10727272763636364,0.5909090909090909
P1014,2015-10-25,0.06888888894444445,0.5555555555555556
P1014,2015-10-26,0.09117647035294117,0.47058823529411764
P1014,2015-10-27,0.1209090916818182,0.5909090909090909
P1014,2015-10-28,0.12111111233333334,0.4444444444444444
P1014,2015-10-29,0.09153846076923076,0.6153846153846154
P1014,2015-10-30,0.07777777883333334,0.3888888888888889
P1014,2015-10-31,0.10652173982608697,0.43478260869565216
P1014,2015-11-01,0.1008695657826087,0.6086956521739131
P1014,2015-11-02,0.10470588247058824,0.4117647058823529
P1014,2015-11-03,0.10000000070588236,0.5294117647058824
P1014,2015-11-04,0.10357142939285714,0.6428571428571429
P1014,2015-11-05,0.13833333358333333,0.5416666666666666
P1014,2015-11-06,0.0788235302352941,0.5882352941176471
P1014,2015-11-07,0.052307692230769226,0.6153846153846154
P1014,2015-11-08,0.12320000144,0.4
P1014,2015-11-09,0.14312500075,0.4375
P1014,2015-11-10,0.09611111122222223,0.7222222222222222
P1014,2015-11-11,0.044999999954545455,0.4090909090909091
P1014,2015-11-12,0.09280000100000001,0.48
P1014,2015-11-13,0.1496153850769231,0.5
P1014,2015-11-14,0.062857143,0.5714285714285714
P1014,2015-11-15,0.09823529470588235,0.35294117647058826
P1014,2015-11-16,0.10947368468421052,0.631578947368421
P1014,2015-11-17,0.09291666700000001,0.375
P1014,2015-11-18,0.11461538638461538,0.6923076923076923
P1014,2015-11-19,0.08047619014285715,0.47619047619047616
P1014,2015-11-20,0.13434782743478263,0.43478260869565216
P1014,2015-11-21,0.07954545413636364,0.5909090909090909
P1014,2015-11-22,0.0640000005,0.65
P1014,2015-11-23,0.13347826173913044,0.5652173913043478
P1014,2015-11-24,0.13000000073684212,0.5789473684210527
P1014,2015-11-25,0.07749999975,0.5
P1014,2015-11-26,0.06875000020833333,0.625
P1014,2015-11-27,0.12115384738461538,0.5
P1014,2015-11-28,0.10150000020000001,0.45
P1014,2015-11-29,0.13916666858333335,0.4166666666666667
P1014,2015-11-30,0.09499999880000001,0.4
P1014,2015-12-01,0.06523809533333333,0.6190476190476191
P1014,2015-12-02,0.078333334125,0.375
P1014,2015-12-03,0.15368421142105262,0.42105263157894735
P1014,2015-12-04,0.13733333333333334,0.7333333333333333
P1014,2015-12-05,0.0760000008,0.5333333333333333
P1014,2015-12-06,0.082499999625,0.4375
P1014,2015-12-07,0.12181818359090908,0.6818181818181818
P1014,2015-12-08,0.10263157915789474,0.5263157894736842
P1014,2015-12-09,0.08949999975,0.45
P1014,2015-12-10,0.15333333522222223,0.2777777777777778
P1014,2015-12-11,0.10052631531578948,0.7368421052631579
P1014,2015-12-12,0.048823529000000004,0.6470588235294118
P1014,2015-12-13,0.0806250005,0.4375
P1014,2015-12-14,0.10937500175,0.625
P1014,2015-12-15,0.13259259340740742,0.4074074074074074
P1014,2015-12-16,0.06599999986666667,0.36666666666666664
P1014,2015-12-17,0.09923077023076923,0.46153846153846156
P1014,2015-12-18,0.12304347886956521,0.43478260869565216
P1014,2015-12-19,0.11703703740740741,0.3333333333333333
P1014,2015-12-20,0.07736842121052631,0.5789473684210527
P1014,2015-12-21,0.0550000005,0.4375
P1014,2015-12-22,0.10000000064285715,0.7142857142857143
P1014,2015-12-23,0.13653846234615385,0.5384615384615384
P1014,2015-12-24,0.07888888896296296,0.4074074074074074
P1014,2015-12-25,0.09517241437931034,0.5517241379310345
P1014,2015-12-26,0.1200000011875,0.4375
P1014,2015-12-27,0.09782608704347827,0.6086956521739131
P1014,2015-12-28,0.09636363659090909,0.5454545454545454
P1014,2015-12-29,0.10263158005263158,0.5263157894736842
P1014,2015-12-30,0.11958333408333333,0.7083333333333334
P1014,2015-12-31,0.07750000075,0.1875
P1014,2016-01-01,0.11263157952631579,0.3684210526315789
P1014,2016-01-02,0.08541666704166667,0.7083333333333334
P1014,2016-01-03,0.10894736947368422,0.7894736842105263
P1014,2016-01-04,0.11818181872727274,0.2727272727272727
P1014,2016-01-05,0.11941176500000002,0.6470588235294118
P1014,2016-01-06,0.06764705852941176,0.5882352941176471
P1014,2016-01-07,0.11000000095454544,0.36363636363636365
P1014,2016-01-08,0.10260869626086958,0.5217391304347826
P1014,2016-01-09,0.12545454563636363,0.2727272727272727
P1014,2016-01-10,0.10350000029999999,0.55
P1014,2016-01-11,0.07208333379166666,0.5833333333333334
P1014,2016-01-12,0.10052631578947369,0.6842105263157895
P1014,2016-01-13,0.16352941441176472,0.4117647058823529
P1014,2016-01-14,0.09235294088235295,0.47058823529411764
P1014,2016-01-15,0.07086956495652175,0.5652173913043478
P1014,2016-01-16,0.11238095319047618,0.38095238095238093
P1014,2016-01-17,0.1352631587368421,0.631578947368421
P1014,2016-01-18,0.08000000005555556,0.5555555555555556
P1014,2016-01-19,0.055238095476190484,0.5238095238095238
P1014,2016-01-20,0.14176470788235293,0.5882352941176471
P1014,2016-01-21,0.12086956482608695,0.391304347826087
P1014,2016-01-22,0.08999999993333334,0.5333333333333333
P1014,2016-01-23,0.08863636390909091,0.5454545454545454
P1014,2016-01-24,0.10850000175,0.85
P1014,2016-01-25,0.114583333375,0.4166666666666667
P1014,2016-01-26,0.10434782639130435,0.5217391304347826
P1014,2016-01-27,0.08409090986363636,0.5
P1014,2016-01-28,0.08799999993333334,0.4666666666666667
P1014,2016-01-29,0.13277777877777777,0.7222222222222222
P1014,2016-01-30,0.1050000006923077,0.6538461538461539
P1014,2016-01-31,0.05499999945,0.55
P1014,2016-02-01,0.1431250020625,0.5625
P1014,2016-02-02,0.11650000060000001,0.75
P1014,2016-02-03,0.11500000066666666,0.5555555555555556
P1014,2016-02-04,0.10437499981250001,0.3125
P1014,2016-02-05,0.044230769076923075,0.6153846153846154
P1014,2016-02-06,0.0970588245882353,0.35294117647058826
P1014,2016-02-07,0.1557692313846154,0.4230769230769231
P1014,2016-02-08,0.09666666793333333,0.26666666666666666
P1014,2016-02-09,0.07583333316666667,0.4166666666666667
P1014,2016-02-10,0.07800000035,0.4
P1014,2016-02-11,0.14600000156666668,0.4
P1014,2016-02-12,0.1043750000625,0.625
P1014,2016-02-13,0.05959999952,0.44
P1014,2016-02-14,0.13473684389473686,0.47368421052631576
P1014,2016-02-15,0.09666666695238095,0.6190476190476191
P1014,2016-02-16,0.10849999985,0.4
P1014,2016-02-17,0.09960000056,0.6
P1014,2016-02-18,0.10333333376190477,0.42857142857142855
P1014,2016-02-19,0.10160000068000001,0.36
P1014,2016-02-20,0.105,0.5
P1014,2016-02-21,0.1100000006111111,0.6111111111111112
P1014,2016-02-22,0.09047619128571428,0.6666666666666666
P1014,2016-02-23,0.0710000001,0.5
P1014,2016-02-24,0.13130434830434784,0.6521739130434783
P1014,2016-02-25,0.0900000004117647,0.47058823529411764
P1014,2016-02-26,0.10739130452173913,0.5217391304347826
P1014,2016-02-27,0.12076923253846153,0.5384615384615384
P1014,2016-02-28,0.07933333133333334,0.5333333333333333
P1014,2016-02-29,0.07933333386666666,0.4
P1014,2016-03-01,0.10631579021052631,0.631578947368421
P1014,2016-03-02,0.09636363677272727,0.5909090909090909
P1014,2016-03-03,0.12166666711111113,0.2777777777777778
P1014,2016-03-04,0.10052631578947369,0.3684210526315789
P1014,2016-03-05,0.09458333404166668,0.4583333333333333
P1014,2016-03-06,0.0875000005,0.65
P1014,2016-03-07,0.11600000079999999,0.5
P1014,2016-03-08,0.10199999953333334,0.5333333333333333
P1014,2016-03-09,0.10333333453333333,0.4
P1014,2016-03-10,0.08666666726666668,0.7333333333333333
P1014,2016-03-11,0.10814814855555556,0.7037037037037037
P1014,2016-03-12,0.09304347865217391,0.391304347826087
P1014,2016-03-13,0.08764706,0.6470588235294118
P1014,2016-03-14,0.12545454563636363,0.6363636363636364
P1014,2016-03-15,0.11388888961111111,0.5
P1014,2016-03-16,0.0992307683076923,0.46153846153846156
P1014,2016-03-17,0.07823529494117648,0.4117647058823529
P1014,2016-03-18,0.039333333533333334,0.5333333333333333
P1014,2016-03-19,0.1459090917727273,0.7272727272727273
P1014,2016-03-20,0.133125,0.5
P1014,2016-03-21,0.07523809595238096,0.5238095238095238
P1014,2016-03-22,0.049999999833333336,0.4166666666666667
P1014,2016-03-23,0.13578947463157895,0.7894736842105263
P1014,2016-03-24,0.13666666766666669,0.5
P1014,2016-03-25,0.07684210573684211,0.5789473684210527
P1014,2016-03-26,0.03062499975,0.4375
P1014,2016-03-27,0.13200000065,0.5
P1014,2016-03-28,0.16692307869230769,0.46153846153846156
P1014,2016-03-29,0.12550000015,0.6
P1014,2016-03-30,0.07062500050000001,0.5625
P1014,2016-03-31,0.05739130417391304,0.391304347826087
P1014,2016-04-01,0.13545454631818182,0.5454545454545454
P1014,2016-04-02,0.1200000006875,0.625
P1014,2016-04-03,0.117333334,0.5333333333333333
P1014,2016-04-04,0.07533333300000002,0.6
P1014,2016-04-05,0.0925000004,0.35
P1014,2016-04-06,0.06882352988235294,0.17647058823529413
P1014,2016-04-07,0.11750000105,0.7
P1014,2016-04-08,0.12900000055,0.4
P1014,2016-04-09,0.08285714307142857,0.5
P1014,2016-04-10,0.11086956578260869,0.6521739130434783
P1014,2016-04-11,0.09041666708333333,0.5416666666666666
P1014,2016-04-12,0.10333333440740741,0.6296296296296297
P1014,2016-04-13,0.1181818186818182,0.7727272727272727
P1014,2016-04-14,0.1046666682,0.6666666666666666
P1014,2016-04-15,0.0659999992,0.65
P1014,2016-04-16,0.1018750011875,0.4375
P1014,2016-04-17,0.08588235323529411,0.5294117647058824
P1014,2016-04-18,0.14142857271428572,0.7619047619047619
P1014,2016-04-19,0.0860869564347826,0.43478260869565216
P1014,2016-04-20,0.10571428660714287,0.5357142857142857
P1014,2016-04-21,0.10125000068750001,0.5
P1014,2016-04-22,0.08999999994736843,0.47368421052631576
P1014,2016-04-23,0.09880000007999999,0.68
P1014,2016-04-24,0.09714285733333333,0.6190476190476191
P1014,2016-04-25,0.1180000018,0.8
P1014,2016-04-26,0.12636363636363637,0.5909090909090909
P1014,2016-04-27,0.08933333446666666,0.6
P1014,2016-04-28,0.04647058776470588,0.4117647058823529
P1014,2016-04-29,0.13625000125,0.5625
P1014,2016-04-30,0.10789473778947369,0.5789473684210527
P1014,2016-05-01,0.12619047676190476,0.5714285714285714
P1014,2016-05-02,0.079999999875,0.625
P1014,2016-05-03,0.07105263168421053,0.631578947368421
P1014,2016-05-04,0.0900000006875,0.4375
P1014,2016-05-05,0.1400000007368421,0.3684210526315789
P1014,2016-05-06,0.12777777838888887,0.6666666666666666
P1014,2016-05-07,0.08105263168421052,0.5789473684210527
P1014,2016-05-08,0.06400000024,0.4
P1014,2016-05-09,0.10000000079166667,0.7916666666666666
P1014,2016-05-10,0.14705882470588236,0.6470588235294118
P1014,2016-05-11,0.11631578978947368,0.5789473684210527
P1014,2016-05-12,0.04588235288235294,0.47058823529411764
P1014,2016-05-13,0.09928571485714287,0.5714285714285714
P1014,2016-05-14,0.11714285785714286,0.6428571428571429
P1014,2016-05-15,0.09185185174074074,0.48148148148148145
P1014,2016-05-16,0.12346154019230769,0.7692307692307693
P1014,2016-05-17,0.11249999875,0.4166666666666667
P1014,2016-05-18,0.049230769,0.6153846153846154
P1014,2016-05-19,0.10562500125,0.3125
P1014,2016-05-20,0.1019047621904762,0.7142857142857143
P1014,2016-05-21,0.10625000104166667,0.375
P1014,2016-05-22,0.10699999975,0.45
P1014,2016-05-23,0.0840000004,0.5
P1014,2016-05-24,0.1092000006,0.8
P1014,2016-05-25,0.11066666693333334,0.4666666666666667
P1014,2016-05-26,0.07470588188235294,0.35294117647058826
P1014,2016-05-27,0.10947368484210528,0.47368421052631576
P1014,2016-05-28,0.10666666695833334,0.5416666666666666
P1014,2016-05-29,0.0821052632631579,0.6842105263157895
P1014,2016-05-30,0.11066666846666667,0.7333333333333333
P1014,2016-05-31,0.1171428562142857,0.42857142857142855
P1014,2016-06-01,0.10571428685714286,0.47619047619047616
P1014,2016-06-02,0.066874999625,0.5625
P1014,2016-06-03,0.10304347895652174,0.391304347826087
P1014,2016-06-04,0.12384615426923078,0.6923076923076923
P1014,2016-06-05,0.07866666733333334,0.26666666666666666
P1014,2016-06-06,0.07400000055,0.55
P1014,2016-06-07,0.10941176570588235,0.35294117647058826
P1014,2016-06-08,0.1490000001,0.9
P1014,2016-06-09,0.1087500005625,0.6875
P1014,2016-06-10,0.09666666723809524,0.5238095238095238
P1014,2016-06-11,0.08312500025,0.6875
P1014,2016-06-12,0.09133333346666667,0.3333333333333333
P1014,2016-06-13,0.14055555711111112,0.7777777777777778
P1014,2016-06-14,0.0999999996,0.44
P1014,2016-06-15,0.13300000110000001,0.7
P1014,2016-06-16,0.06235294088235294,0.35294117647058826
P1014,2016-06-17,0.09421052684210526,0.6842105263157895
P1014,2016-06-18,0.13272727427272726,0.6363636363636364
P1014,2016-06-19,0.1090000006,0.5
P1014,2016-06-20,0.12100000015000001,0.5
P1014,2016-06-21,0.0860000005,0.5
P1014,2016-06-22,0.055833332916666666,0.6666666666666666
P1014,2016-06-23,0.13578947489473686,0.631578947368421
P1014,2016-06-24,0.12363636427272727,0.5909090909090909
P1014,2016-06-25,0.0752941174117647,0.35294117647058826
P1014,2016-06-26,0.09800000066666666,0.5333333333333333
P1014,2016-06-27,0.10636363695454545,0.5454545454545454
P1014,2016-06-28,0.1073684222631579,0.47368421052631576
P1014,2016-06-29,0.0794117644117647,0.11764705882352941
P1014,2016-06-30,0.121875000875,0.625
P1014,2016-07-01,0.11125000041666666,0.625
P1014,2016-07-02,0.10470588270588235,0.29411764705882354
P1014,2016-07-03,0.09250000003571428,0.39285714285714285
P1014,2016-07-04,0.06285714285714286,0.6428571428571429
P1014,2016-07-05,0.14125000137500002,0.75
P1014,2016-07-06,0.09941176452941176,0.29411764705882354
P1014,2016-07-07,0.10000000015384615,0.5384615384615384
P1014,2016-07-08,0.13388889044444444,0.5
P1014,2016-07-09,0.07411764664705883,0.5882352941176471
P1014,2016-07-10,0.07739130413043478,0.6956521739130435
P1014,2016-07-11,0.1337500020625,0.6875
P1014,2016-07-12,0.11272727277272727,0.5909090909090909
P1014,2016-07-13,0.09529411788235294,0.5294117647058824
P1014,2016-07-14,0.09400000088,0.64
P1014,2016-07-15,0.08636363636363636,0.36363636363636365
P1014,2016-07-16,0.12032258151612903,0.2903225806451613
P1014,2016-07-17,0.06826086947826088,0.6521739130434783
P1014,2016-07-18,0.07391304391304349,0.43478260869565216
P1014,2016-07-19,0.163684212,0.631578947368421
P1014,2016-07-20,0.12222222227777779,0.7777777777777778
P1014,2016-07-21,0.07578947373684211,0.631578947368421
P1014,2016-07-22,0.082916667625,0.4583333333333333
P1014,2016-07-23,0.11058823564705882,0.23529411764705882
P1014,2016-07-24,0.140000000625,0.3125
P1014,2016-07-25,0.1000000014,0.6666666666666666
P1014,2016-07-26,0.0806250005,0.375
P1014,2016-07-27,0.09956521786956522,0.5652173913043478
P1014,2016-07-28,0.0773913046521739,0.6521739130434783
P1014,2016-07-29,0.10450000024999999,0.65
P1014,2016-07-30,0.13000000185714286,0.6190476190476191
P1014,2016-07-31,0.0999999991875,0.5
P1014,2016-08-01,0.08583333383333334,0.7083333333333334
P1014,2016-08-02,0.10066666713333333,0.4
P1014,2016-08-03,0.10227272822727272,0.4090909090909091
P1014,2016-08-04,0.055263158,0.5789473684210527
P1014,2016-08-05,0.16761904876190478,0.6190476190476191
P1014,2016-08-06,0.1061904760952381,0.42857142857142855
P1014,2016-08-07,0.06826087008695651,0.5217391304347826
P1014,2016-08-08,0.10133333366666666,0.5333333333333333
P1014,2016-08-09,0.10916666833333333,0.4166666666666667
P1014,2016-08-10,0.1364285717142857,0.5
P1014,2016-08-11,0.10238095314285714,0.6666666666666666
P1014,2016-08-12,0.053684210052631576,0.42105263157894735
P1014,2016-08-13,0.10200000079999999,0.4666666666666667
P1014,2016-08-14,0.12937500125,0.5
P1014,2016-08-15,0.10625000075,0.3125
P1014,2016-08-16,0.08333333250000001,0.5
P1014,2016-08-17,0.05652173930434783,0.7391304347826086
P1014,2016-08-18,0.13416666741666666,0.7083333333333334
P1014,2016-08-19,0.1305555566111111,0.6111111111111112
P1014,2016-08-20,0.10400000005000001,0.55
P1014,2016-08-21,0.04239999992000001,0.64
P1014,2016-08-22,0.14722222322222223,0.6666666666666666
P1014,2016-08-23,0.12461538584615385,0.38461538461538464
P1014,2016-08-24,0.0989999992,0.5
P1014,2016-08-25,0.08041666720833333,0.5
P1014,2016-08-26,0.050714285928571426,0.5
P1014,2016-08-27,0.169444446,0.5555555555555556
P1014,2016-08-28,0.13142857264285715,0.7857142857142857
P1014,2016-08-29,0.07764705870588236,0.6470588235294118
P1014,2016-08-30,0.06999999969230769,0.3076923076923077
P1014,2016-08-31,0.13722222416666666,0.5
P1014,2016-09-01,0.10222222222222223,0.5
P1014,2016-09-02,0.08999999991666667,0.5833333333333334
P1014,2016-09-03,0.10200000149999999,0.45
P1014,2016-09-04,0.1406250004375,0.5
P1014,2016-09-05,0.08499999991666667,0.75
P1014,2016-09-06,0.05882352923529412,0.5294117647058824
P1014,2016-09-07,0.13833333555555555,0.4444444444444444
P1014,2016-09-08,0.1195000003,0.65
P1014,2016-09-09,0.061818181909090913,0.5
P1014,2016-09-10,0.12222222222222223,0.5555555555555556
P1014,2016-09-11,0.14600000093333335,0.6666666666666666
P1014,2016-09-12,0.07444444440740741,0.6296296296296297
P1014,2016-09-13,0.08882353017647059,0.4117647058823529
P1014,2016-09-14,0.12480000056,0.68
P1014,2016-09-15,0.10782608782608695,0.43478260869565216
P1014,2016-09-16,0.07619047595238096,0.6190476190476191
P1014,2016-09-17,0.1025000009,0.5
P1014,2016-09-18,0.10612903293548387,0.5806451612903226
P1014,2016-09-19,0.09250000065,0.65
P1014,2016-09-20,0.1360000004666667,0.4666666666666667
P1014,2016-09-21,0.08952380971428571,0.5714285714285714
P1014,2016-09-22,0.07052631547368421,0.47368421052631576
P1014,2016-09-23,0.08000000125,0.3333333333333333
P1014,2016-09-24,0.15176470694117647,0.6470588235294118
P1014,2016-09-25,0.10750000015000001,0.8
P1014,2016-09-26,0.074117647,0.47058823529411764
P1014,2016-09-27,0.09304347904347825,0.4782608695652174
P1014,2016-09-28,0.08954545504545454,0.4090909090909091
P1014,2016-09-29,0.13125000070833334,0.5833333333333334
P1014,2016-09-30,0.09476190490476191,0.6666666666666666
P1014,2016-10-01,0.08590909168181818,0.36363636363636365
P1014,2016-10-02,0.12681818195454544,0.5454545454545454
P1014,2016-10-03,0.10809523861904761,0.2857142857142857
P1014,2016-10-04,0.09160000039999999,0.4
P1014,2016-10-05,0.11900000120000001,0.45
P1014,2016-10-06,0.0900000002631579,0.3684210526315789
P1014,2016-10-07,0.0374999999375,0.5625
P1014,2016-10-08,0.11296296359259259,0.7037037037037037
P1014,2016-10-09,0.1713333358,0.8666666666666667
P1014,2016-10-10,0.09399999956,0.6
P1014,2016-10-11,0.06666666675,0.375
P1014,2016-10-12,0.13764706147058825,0.7058823529411765
P1014,2016-10-13,0.10999999912500001,0.4166666666666667
P1014,2016-10-14,0.06193548406451613,0.5483870967741935
P1014,2016-10-15,0.12476190595238094,0.5714285714285714
P1014,2016-10-16,0.14368421126315792,0.42105263157894735
P1014,2016-10-17,0.0959999996,0.4666666666666667
P1014,2016-10-18,0.0862500000625,0.5625
P1014,2016-10-19,0.07565217413043478,0.4782608695652174
P1014,2016-10-20,0.05636363672727273,0.5
P1014,2016-10-21,0.17863636490909093,0.36363636363636365
P1014,2016-10-22,0.11608695647826087,0.43478260869565216
P1014,2016-10-23,0.05473684252631579,0.5789473684210527
P1014,2016-10-24,0.0840000003,0.5
P1014,2016-10-25,0.13764706100000001,0.7647058823529411
P1014,2016-10-26,0.1299999992857143,0.6428571428571429
P1014,2016-10-27,0.08920000035999999,0.44
P1014,2016-10-28,0.055652174217391305,0.4782608695652174
P1014,2016-10-29,0.13263157989473684,0.47368421052631576
P1014,2016-10-30,0.127083333625,0.3333333333333333
P1014,2016-10-31,0.074210526,0.631578947368421
P1014,2016-11-01,0.09700000104999999,0.55
P1014,2016-11-02,0.08952380933333333,0.6190476190476191
P1014,2016-11-03,0.09241379355172413,0.5172413793103449
P1014,2016-11-04,0.15055555711111113,0.5555555555555556
P1014,2016-11-05,0.10470588264705882,0.7647058823529411
P1014,2016-11-06,0.08666666608333334,0.6666666666666666
P1014,2016-11-07,0.0818750009375,0.5
P1014,2016-11-08,0.08764705894117648,0.6470588235294118
P1014,2016-11-09,0.13590909213636365,0.5
P1014,2016-11-10,0.12066666726666667,0.7333333333333333
P1014,2016-11-11,0.07642857150000001,0.9285714285714286
P1014,2016-11-12,0.06633333353333333,0.4666666666666667
P1014,2016-11-13,0.14238095304761905,0.6190476190476191
P1014,2016-11-14,0.1372727269090909,0.36363636363636365
P1014,2016-11-15,0.0731578955263158,0.47368421052631576
P1014,2016-11-16,0.0584999996,0.65
P1014,2016-11-17,0.13057142994285714,0.7428571428571429
P1014,2016-11-18,0.09272727127272727,0.45454545454545453
P1014,2016-11-19,0.0858823538235294,0.4117647058823529
P1014,2016-11-20,0.08291666670833334,0.6666666666666666
P1014,2016-11-21,0.1252941187647059,0.6470588235294118
P1014,2016-11-22,0.11894736947368421,0.2631578947368421
P1014,2016-11-23,0.10722222311111111,0.7222222222222222
P1014,2016-11-24,0.09117647105882354,0.23529411764705882
P1014,2016-11-25,0.08708333354166665,0.4166666666666667
P1014,2016-11-26,0.1194736854736842,0.6842105263157895
P1014,2016-11-27,0.12541666758333334,0.4583333333333333
P1014,2016-11-28,0.07999999922222223,0.5555555555555556
P1014,2016-11-29,0.10600000039999999,0.4
P1014,2016-11-30,0.07777777811111111,0.3333333333333333
P1014,2016-12-01,0.0813333336,0.5333333333333333
P1014,2016-12-02,0.13526315884210527,0.7368421052631579
P1014,2016-12-03,0.10346153861538461,0.5769230769230769
P1014,2016-12-04,0.0656250005625,0.375
P1014,2016-12-05,0.09190476233333333,0.5238095238095238
P1014,2016-12-06,0.08600000035,0.6
P1014,2016-12-07,0.112000001,0.65
P1014,2016-12-08,0.12950000055,0.45
P1014,2016-12-09,0.09000000022222222,0.6666666666666666
P1014,2016-12-10,0.1125000013125,0.5625
P1014,2016-12-11,0.07047619052380953,0.5714285714285714
P1014,2016-12-12,0.12000000084210526,0.6842105263157895
P1014,2016-12-13,0.11857142978571429,0.5714285714285714
P1014,2016-12-14,0.09703703714814814,0.5555555555555556
P1014,2016-12-15,0.07350000015,0.75
P1014,2016-12-16,0.10619047671428572,0.42857142857142855
P1014,2016-12-17,0.1155000005,0.8
P1014,2016-12-18,0.08666666716666666,0.9444444444444444
P1014,2016-12-19,0.13222222444444445,0.6666666666666666
P1014,2016-12-20,0.08874999975,0.3125
P1014,2016-12-21,0.10423076965384616,0.46153846153846156
P1014,2016-12-22,0.100526316,0.7368421052631579
P1014,2016-12-23,0.06863636409090909,0.45454545454545453
P1014,2016-12-24,0.1368181825,0.5909090909090909
P1014,2016-12-25,0.087368421,0.6842105263157895
P1014,2016-12-26,0.1100000013125,0.5
P1014,2016-12-27,0.08380952342857143,0.6666666666666666
P1014,2016-12-28,0.12080000119999999,0.52
P1014,2016-12-29,0.09315789542105263,0.5263157894736842
P1014,2016-12-30,0.0852380950952381,0.6190476190476191
P1014,2016-12-31,0.11100000080000001,0.35
P1014,2017-01-01,0.11999999992307692,0.6153846153846154
P1014,2017-01-02,0.10416666641666666,0.5833333333333334
P1014,2017-01-03,0.08800000032,0.6
P1014,2017-01-04,0.07071428628571429,0.42857142857142855
P1014,2017-01-05,0.11315789542105263,0.7368421052631579
P1014,2017-01-06,0.121250000625,0.375
P1014,2017-01-07,0.09529411882352941,0.4117647058823529
P1014,2017-01-08,0.08347826060869566,0.43478260869565216
P1014,2017-01-09,0.11800000125000001,0.7
P1014,2017-01-10,0.11117647123529413,0.5882352941176471
P1014,2017-01-11,0.07249999941666667,0.5833333333333334
P1014,2017-01-12,0.11700000155000001,0.45
P1014,2017-01-13,0.11181818195454546,0.7727272727272727
P1014,2017-01-14,0.09619047676190477,0.5714285714285714
P1014,2017-01-15,0.07666666577777777,0.5555555555555556
P1014,2017-01-16,0.081875000875,0.375
P1014,2017-01-17,0.09210526373684211,0.5263157894736842
P1014,2017-01-18,0.1287096781612903,0.6129032258064516
P1014,2017-01-19,0.08222222255555556,0.6111111111111112
P1014,2017-01-20,0.08849999994999999,0.7
P1014,2017-01-21,0.08625000075,0.4375
P1014,2017-01-22,0.1400000005625,0.6875
P1014,2017-01-23,0.13652173982608695,0.5652173913043478
P1014,2017-01-24,0.07760000032,0.72
P1014,2017-01-25,0.07833333327777778,0.4444444444444444
P1014,2017-01-26,0.12636363786363636,0.5454545454545454
P1014,2017-01-27,0.08888888885185185,0.4074074074074074
P1014,2017-01-28,0.10041666770833334,0.4166666666666667
P1014,2017-01-29,0.10684210515789475,0.7894736842105263
P1014,2017-01-30,0.10636363754545455,0.5909090909090909
P1014,2017-01-31,0.11615384657692308,0.7307692307692307
P1014,2017-02-01,0.09450000010000001,0.55
P1014,2017-02-02,0.08529411876470588,0.7647058823529411
P1014,2017-02-03,0.11857142847619048,0.5714285714285714
P1014,2017-02-04,0.09318181813636364,0.4090909090909091
P1014,2017-02-05,0.06499999994444444,0.6666666666666666
P1014,2017-02-06,0.12423076988461539,0.6538461538461539
P1014,2017-02-07,0.10476190571428572,0.42857142857142855
P1014,2017-02-08,0.07349999955,0.3
P1014,2017-02-09,0.0805263165263158,0.47368421052631576
P1014,2017-02-10,0.1083333333888889,0.5
P1014,2017-02-11,0.11235294247058823,0.6470588235294118
P1014,2017-02-12,0.11000000016666667,0.5
P1014,2017-02-13,0.08360000047999999,0.6
P1014,2017-02-14,0.12470588311764705,0.8235294117647058
P1014,2017-02-15,0.11333333414285714,0.7142857142857143
P1014,2017-02-16,0.09133333386666667,0.6
P1014,2017-02-17,0.11400000029999999,0.5
P1014,2017-02-18,0.07047619038095239,0.47619047619047616
P1014,2017-02-19,0.11913043543478262,0.34782608695652173
P1014,2017-02-20,0.0957894744736842,0.42105263157894735
P1014,2017-02-21,0.09640000044000001,0.48
P1014,2017-02-22,0.11047619133333333,0.5238095238095238
P1014,2017-02-23,0.10379310386206896,0.5517241379310345
P1014,2017-02-24,0.07791666670833333,0.5833333333333334
P1014,2017-02-25,0.14117647147058823,0.7647058823529411
P1014,2017-02-26,0.11210526405263158,0.6842105263157895
P1014,2017-02-27,0.07142857171428571,0.5
P1014,2017-02-28,0.12280000068,0.4
P1014,2017-03-01,0.06333333326666667,0.4
P1014,2017-03-02,0.07999999983333334,0.6666666666666666
P1014,2017-03-03,0.10684210631578948,0.5789473684210527
P1014,2017-03-04,0.13500000108333335,0.9166666666666666
P1014,2017-03-05,0.1052941171764706,0.4117647058823529
P1014,2017-03-06,0.07708333358333333,0.5
P1014,2017-03-07,0.1200000018125,0.75
P1014,2017-03-08,0.12800000013333335,0.7333333333333333
P1014,2017-03-09,0.08500000005555557,0.6111111111111112
P1014,2017-03-10,0.08000000054545454,0.7272727272727273
P1014,2017-03-11,0.13363636504545454,0.6363636363636364
P1014,2017-03-12,0.13173913073913043,0.5217391304347826
P1014,2017-03-13,0.08545454509090909,0.6363636363636364
P1014,2017-03-14,0.045789473736842105,0.42105263157894735
P1014,2017-03-15,0.0995000008,0.65
P1014,2017-03-16,0.15888888985185187,0.4074074074074074
P1014,2017-03-17,0.08863636372727272,0.6818181818181818
P1014,2017-03-18,0.039411764764705884,0.5882352941176471
P1014,2017-03-19,0.14560000144,0.52
P1014,2017-03-20,0.10210526236842106,0.7368421052631579
P1014,2017-03-21,0.081363637,0.5909090909090909
P1014,2017-03-22,0.11411764735294117,0.6470588235294118
P1014,2017-03-23,0.10115384696153845,0.34615384615384615
P1014,2017-03-24,0.1172222223888889,0.6666666666666666
P1014,2017-03-25,0.07588235323529412,0.5882352941176471
P1014,2017-03-26,0.1281818192727273,1.0
P1014,2017-03-27,0.09562500025,0.375
P1014,2017-03-28,0.10250000075,0.6785714285714286
P1014,2017-03-29,0.10320000048000001,0.6
P1014,2017-03-30,0.09192307769230769,0.5769230769230769
P1014,2017-03-31,0.110588236,0.5882352941176471
P1014,2017-04-01,0.1342857141904762,0.6666666666666666
P1014,2017-04-02,0.07944444466666667,0.5555555555555556
P1014,2017-04-03,0.08148148137037037,0.6666666666666666
P1014,2017-04-04,0.11416666758333334,0.2916666666666667
P1014,2017-04-05,0.12866666753333333,0.6
P1014,2017-04-06,0.10166666666666667,0.5
P1014,2017-04-07,0.050000000157894735,0.7368421052631579
P1014,2017-04-08,0.0629999999,0.7
P1014,2017-04-09,0.13904762090476191,0.3333333333333333
P1014,2017-04-10,0.15352941252941177,0.5294117647058824
P1014,2017-04-11,0.08193548387096775,0.5806451612903226
P1014,2017-04-12,0.09636363713636364,0.4090909090909091
P1014,2017-04-13,0.10095238100000001,0.42857142857142855
P1014,2017-04-14,0.1540000024,0.5333333333333333
P1014,2017-04-15,0.08272727190909092,0.6363636363636364
P1014,2017-04-16,0.061666666999999994,0.3888888888888889
P1014,2017-04-17,0.11052631657894736,0.47368421052631576
P1014,2017-04-18,0.115625000875,0.5625
P1014,2017-04-19,0.12777777783333333,0.4444444444444444
P1014,2017-04-20,0.09882353035294117,0.29411764705882354
P1014,2017-04-21,0.09680000036000001,0.48
P1014,2017-04-22,0.06388888872222223,0.5
P1014,2017-04-23,0.13150000104999998,0.7
P1014,2017-04-24,0.08105263168421052,0.3684210526315789
P1014,2017-04-25,0.10625000062500001,0.625
P1014,2017-04-26,0.12047619109523809,0.5714285714285714
P1014,2017-04-27,0.0905000002,0.8
P1014,2017-04-28,0.09869565291304348,0.391304347826087
P1014,2017-04-29,0.06759999968,0.6
P1014,2017-04-30,0.15500000177272727,0.4090909090909091
P1014,2017-05-01,0.113125000625,0.625
P1014,2017-05-02,0.06869565195652175,0.6521739130434783
P1014,2017-05-03,0.10285714376190476,0.38095238095238093
P1014,2017-05-04,0.11434782678260869,0.6086956521739131
P1014,2017-05-05,0.1304761911904762,0.6666666666666666
P1014,2017-05-06,0.07249999975,0.45
P1014,2017-05-07,0.062916666875,0.7083333333333334
P1014,2017-05-08,0.14117647170588235,0.4117647058823529
P1014,2017-05-09,0.13238095319047619,0.42857142857142855
P1014,2017-05-10,0.09200000045,0.45
P1014,2017-05-11,0.0524999996875,0.4375
P1014,2017-05-12,0.1146666672,0.6
P1014,2017-05-13,0.11500000105,0.65
P1014,2017-05-14,0.13000000055555558,0.3333333333333333
P1014,2017-05-15,0.08526315831578948,0.5263157894736842
P1014,2017-05-16,0.07545454559090908,0.5454545454545454
P1014,2017-05-17,0.1286666678,0.6666666666666666
P1014,2017-05-18,0.088749999375,0.625
P1014,2017-05-19,0.12904762076190476,0.7142857142857143
P1014,2017-05-20,0.09266666613333333,0.7333333333333333
P1014,2017-05-21,0.1021428577142857,0.5
P1014,2017-05-22,0.07937500043750001,0.46875
P1014,2017-05-23,0.11636363686363636,0.4090909090909091
P1014,2017-05-24,0.10363636463636362,0.5454545454545454
P1014,2017-05-25,0.11000000004999999,0.6
P1014,2017-05-26,0.0900000013,0.7
P1014,2017-05-27,0.07999999964705883,0.7058823529411765
P1014,2017-05-28,0.0874999995,0.5
P1014,2017-05-29,0.11055555683333333,0.5
P1014,2017-05-30,0.11461538526923078,0.5
P1014,2017-05-31,0.10235294147058824,0.7647058823529411
P1014,2017-06-01,0.11187500071875,0.5625
P1014,2017-06-02,0.06266666613333333,0.7333333333333333
P1014,2017-06-03,0.101250001125,0.4375
P1014,2017-06-04,0.12833333416666667,0.4444444444444444
P1014,2017-06-05,0.09357142907142857,0.7142857142857143
P1014,2017-06-06,0.11473684242105264,0.5263157894736842
P1014,2017-06-07,0.06642857185714286,0.6428571428571429
P1014,2017-06-08,0.09777777816666666,0.8333333333333334
P1014,2017-06-09,0.1346666672,0.4
P1014,2017-06-10,0.1053333332,0.3333333333333333
P1014,2017-06-11,0.07666666737037037,0.5925925925925926
P1014,2017-06-12,0.11166666720833333,0.625
P1014,2017-06-13,0.10000000066666666,0.6666666666666666
P1014,2017-06-14,0.1250000012222222,0.3888888888888889
P1014,2017-06-15,0.12529411705882354,0.35294117647058826
P1014,2017-06-16,0.05692307738461539,0.7692307692307693
P1014,2017-06-17,0.07739130473913045,0.6086956521739131
P1014,2017-06-18,0.13250000091666667,0.5833333333333334
P1014,2017-06-19,0.12416666691666667,0.3333333333333333
P1014,2017-06-20,0.12181818290909091,0.6363636363636364
P1014,2017-06-21,0.09555555677777777,0.5
P1014,2017-06-22,0.08375000004166666,0.4583333333333333
P1014,2017-06-23,0.11823529470588236,0.5882352941176471
P1014,2017-06-24,0.11800000026666667,0.6666666666666666
P1014,2017-06-25,0.1087500008125,0.5
P1014,2017-06-26,0.047619047476190474,0.42857142857142855
P1014,2017-06-27,0.146875001,0.75
P1014,2017-06-28,0.130000001,0.7142857142857143
P1014,2017-06-29,0.07478260856521739,0.782608695652174
P1014,2017-06-30,0.09000000114285714,0.5714285714285714
P1014,2017-07-01,0.13769230746153846,0.5384615384615384
P1014,2017-07-02,0.09407407492592593,0.5185185185185185
P1014,2017-07-03,0.10000000014285715,0.5714285714285714
P1014,2017-07-04,0.12600000075,0.7
P1014,2017-07-05,0.08333333358333334,0.7083333333333334
P1014,2017-07-06,0.1105882361764706,0.29411764705882354
P1014,2017-07-07,0.08117647005882353,0.6470588235294118
P1014,2017-07-08,0.11655172510344827,0.6896551724137931
P1014,2017-07-09,0.0920000007,0.8
P1014,2017-07-10,0.1053846156923077,0.46153846153846156
P1014,2017-07-11,0.1069230775,0.5384615384615384
P1014,2017-07-12,0.08411764676470589,0.47058823529411764
P1014,2017-07-13,0.12250000165000001,0.9
P1014,2017-07-14,0.061666665749999995,0.5833333333333334
P1014,2017-07-15,0.1062500005,0.4583333333333333
P1014,2017-07-16,0.0925000007,0.35
P1014,2017-07-17,0.0962500005,0.5625
P1014,2017-07-18,0.13777777944444444,0.4444444444444444
P1014,2017-07-19,0.13866666693333332,0.6666666666666666
P1014,2017-07-20,0.09320000016,0.56
P1014,2017-07-21,0.08842105315789474,0.5263157894736842
P1014,2017-07-22,0.05611111105555555,0.4444444444444444
P1014,2017-07-23,0.13700000110000002,0.5
P1014,2017-07-24,0.1237500005,0.75
P1014,2017-07-25,0.12000000076923077,0.3076923076923077
P1014,2017-07-26,0.08444444455555555,0.5
P1014,2017-07-27,0.069374999875,0.25
P1014,2017-07-28,0.10000000080952381,0.47619047619047616
P1014,2017-07-29,0.13294117811764705,0.47058823529411764
P1014,2017-07-30,0.1129999998,0.45
P1014,2017-07-31,0.08285714371428572,0.7857142857142857
P1014,2017-08-01,0.031666666333333336,0.6666666666666666
P1014,2017-08-02,0.12590909190909091,0.45454545454545453
P1014,2017-08-03,0.1311764708235294,0.8823529411764706
P1014,2017-08-04,0.08700000053333333,0.7
P1014,2017-08-05,0.12350000095,0.35
P1014,2017-08-06,0.08833333294444444,0.5555555555555556
P1014,2017-08-07,0.11416666816666667,0.4166666666666667
P1014,2017-08-08,0.09571428578571428,0.5714285714285714
P1014,2017-08-09,0.08846153896153847,0.38461538461538464
P1014,2017-08-10,0.09714285721428571,0.5
P1014,2017-08-11,0.08833333388888889,0.5
P1014,2017-08-12,0.1387500008125,0.4375
P1014,2017-08-13,0.09500000044444444,0.5555555555555556
P1014,2017-08-14,0.07894736831578948,0.6842105263157895
P1014,2017-08-15,0.1104761910952381,0.6190476190476191
P1014,2017-08-16,0.13944444611111112,0.6666666666666666
P1014,2017-08-17,0.084615384,0.5384615384615384
P1014,2017-08-18,0.05956521756521739,0.4782608695652174
P1014,2017-08-19,0.113125000875,0.4375
P1014,2017-08-20,0.10833333458333333,0.6666666666666666
P1014,2017-08-21,0.15357142942857144,0.6428571428571429
P1014,2017-08-22,0.11388888866666666,0.5555555555555556
P1014,2017-08-23,0.09120000084,0.56
P1014,2017-08-24,0.049499999499999996,0.75
P1014,2017-08-25,0.14923077107692306,0.6923076923076923
P1014,2017-08-26,0.1334615388846154,0.5384615384615384
P1014,2017-08-27,0.09470588311764706,0.8235294117647058
P1014,2017-08-28,0.036999999500000005,0.35
P1014,2017-08-29,0.10409090986363637,0.5909090909090909
P1014,2017-08-30,0.16300000165,0.7
P1014,2017-08-31,0.11235294070588235,0.5294117647058824
P1014,2017-09-01,0.059473684631578955,0.5789473684210527
P1014,2017-09-02,0.08481481503703704,0.6296296296296297
P1014,2017-09-03,0.13769230884615385,0.46153846153846156
P1014,2017-09-04,0.09888888922222222,0.6111111111111112
P1014,2017-09-05,0.07882352935294118,0.35294117647058826
P1014,2017-09-06,0.10578947447368421,0.6842105263157895
P1014,2017-09-07,0.13058823652941176,0.5294117647058824
P1014,2017-09-08,0.09545454472727273,0.36363636363636365
P1014,2017-09-09,0.041111110888888885,0.4444444444444444
P1014,2017-09-10,0.08888888972222223,0.2222222222222222
P1014,2017-09-11,0.10388888955555556,0.2222222222222222
P1014,2017-09-12,0.14000000105555555,0.4444444444444444
P1014,2017-09-13,0.12000000033333334,0.5833333333333334
P1014,2017-09-14,0.05880000004,0.56
P1014,2017-09-15,0.1087500006875,0.6875
P1014,2017-09-16,0.13285714404761903,0.7142857142857143
P1014,2017-09-17,0.10764705864705883,0.6470588235294118
P1014,2017-09-18,0.06421052621052632,0.6842105263157895
P1014,2017-09-19,0.09478260969565216,0.30434782608695654
P1014,2017-09-20,0.13416666704166666,0.4583333333333333
P1014,2017-09-21,0.11642857264285714,0.5714285714285714
P1014,2017-09-22,0.07052631584210527,0.631578947368421
P1014,2017-09-23,0.0906250006875,0.75
P1014,2017-09-24,0.11055555616666667,0.6666666666666666
P1014,2017-09-25,0.12473684268421054,0.3684210526315789
P1014,2017-09-26,0.0894736842631579,0.7894736842105263
P1014,2017-09-27,0.0894736844736842,0.47368421052631576
P1014,2017-09-28,0.10666666728571428,0.47619047619047616
P1014,2017-09-29,0.137272728,0.45454545454545453
P1014,2017-09-30,0.09695652208695653,0.6086956521739131
P1014,2017-10-01,0.0905263162631579,0.5789473684210527
P1014,2017-10-02,0.03333333333333333,1.0
P1059,2017-09-11,0.155000001,0.5
P1059,2017-09-12,0.129999995,1.0
P1059,2017-09-13,0.109999999,1.0
P1059,2017-09-14,0.090000004,1.0
P1059,2017-09-15,0.07,0.0
P1059,2017-09-16,0.04999999966666666,1.0
P1059,2017-09-17,0.0249999995,1.0
P1059,2017-09-18,0.005,0.5
P1059,2017-09-19,0.25,1.0
P1059,2017-09-20,0.200000003,1.0
P1059,2017-09-21,0.1750000045,0.5
P1059,2017-09-22,0.12499999983333333,0.5
P1059,2017-09-23,0.0649999995,0.5
P1059,2017-09-24,0.045,1.0
P1059,2017-09-25,0.0249999995,0.0
P1059,2017-09-26,0.135000002,0.5
P1059,2017-09-27,0.159999996,1.0
P1059,2017-09-28,0.150000006,0.0
P1059,2017-09-29,0.124999996,0.5
P1073,2015-01-01,0.10166666716666667,0.7222222222222222
P1073,2015-01-02,0.1133333341111111,0.6666666666666666
P1073,2015-01-03,0.08800000026666667,0.5333333333333333
P1073,2015-01-04,0.1038461543076923,0.5384615384615384
P1073,2015-01-05,0.10588235352941176,0.5294117647058824
P1073,2015-01-06,0.10529411823529411,0.6470588235294118
P1073,2015-01-07,0.09500000035,0.6
P1073,2015-01-08,0.11785714364285714,0.5714285714285714
P1073,2015-01-09,0.07333333344444444,0.5555555555555556
P1073,2015-01-10,0.10166666716666667,0.5555555555555556
P1073,2015-01-11,0.11636363709090909,0.36363636363636365
P1073,2015-01-12,0.10470588282352941,0.8823529411764706
P1073,2015-01-13,0.09894736894736843,0.3684210526315789
P1073,2015-01-14,0.091250001,0.75
P1073,2015-01-15,0.09153846146153846,0.6153846153846154
P1073,2015-01-16,0.10647058876470587,0.7647058823529411
P1073,2015-01-17,0.1215384623846154,0.5384615384615384
P1073,2015-01-18,0.1013333338,0.3333333333333333
P1073,2015-01-19,0.08000000023076924,0.38461538461538464
P1073,2015-01-20,0.09785714328571428,0.5714285714285714
P1073,2015-01-21,0.1253846162307692,0.7692307692307693
P1073,2015-01-22,0.10357142907142858,0.6428571428571429
P1073,2015-01-23,0.10166666716666667,0.7222222222222222
P1073,2015-01-24,0.10166666716666667,0.4444444444444444
P1073,2015-01-25,0.06999999999999999,0.3333333333333333
P1073,2015-01-26,0.10466666726666667,0.6666666666666666
P1073,2015-01-27,0.111250000625,0.625
P1073,2015-01-28,0.0940000004,0.55
P1073,2015-01-29,0.10739130517391304,0.5217391304347826
P1073,2015-01-30,0.07999999993333334,0.4666666666666667
P1073,2015-01-31,0.10764705935294117,0.4117647058823529
P1073,2015-02-01,0.114347827,0.5652173913043478
P1073,2015-02-02,0.10700000055,0.7
P1073,2015-02-03,0.08357142842857143,0.7857142857142857
P1073,2015-02-04,0.137500001,0.5
P1073,2015-02-05,0.1013333338,0.6666666666666666
P1073,2015-02-06,0.09192307726923077,0.5
P1073,2015-02-07,0.12416666724999999,0.5
P1073,2015-02-08,0.090416667125,0.7083333333333334
P1073,2015-02-09,0.1215384623846154,0.5384615384615384
P1073,2015-02-10,0.10235294147058824,0.6470588235294118
P1073,2015-02-11,0.04111111133333333,0.8888888888888888
P1073,2015-02-12,0.14000000083333333,0.5
P1073,2015-02-13,0.10166666716666667,0.6111111111111112
P1073,2015-02-14,0.10166666716666667,0.6111111111111112
P1073,2015-02-15,0.10090909154545455,0.8181818181818182
P1073,2015-02-16,0.08000000007142857,0.42857142857142855
P1073,2015-02-17,0.10466666726666667,0.4
P1073,2015-02-18,0.1370000006,0.5
P1073,2015-02-19,0.10157894789473684,0.6842105263157895
P1073,2015-02-20,0.09000000107692308,0.46153846153846156
P1073,2015-02-21,0.079230769,0.23076923076923078
P1073,2015-02-22,0.09631578994736842,0.42105263157894735
P1073,2015-02-23,0.10764705935294117,0.5882352941176471
P1073,2015-02-24,0.10400000044999999,0.4
P1073,2015-02-25,0.13000000090909092,0.5454545454545454
P1073,2015-02-26,0.10733333373333333,0.6666666666666666
P1073,2015-02-27,0.08333333433333334,0.6666666666666666
P1073,2015-02-28,0.07999999993333334,0.4
P1073,2015-03-01,0.10166666716666667,0.7222222222222222
P1073,2015-03-02,0.14727272827272728,0.7272727272727273
P1073,2015-03-03,0.09700000045,0.55
P1073,2015-03-04,0.1100000006,0.6666666666666666
P1073,2015-03-05,0.1013333338,0.26666666666666666
P1073,2015-03-06,0.10190476242857144,0.7619047619047619
P1073,2015-03-07,0.10250000025,0.25
P1073,2015-03-08,0.10166666716666667,0.5555555555555556
P1073,2015-03-09,0.100588236,0.47058823529411764
P1073,2015-03-10,0.08714285785714285,0.5
P1073,2015-03-11,0.08571428564285714,0.7142857142857143
P1073,2015-03-12,0.09631578994736842,0.6842105263157895
P1073,2015-03-13,0.11375000056250001,0.5625
P1073,2015-03-14,0.10647058876470587,0.47058823529411764
P1073,2015-03-15,0.1215384623846154,0.5384615384615384
P1073,2015-03-16,0.10250000025,0.1875
P1073,2015-03-17,0.0987500010625,0.5625
P1073,2015-03-18,0.10166666716666667,0.3333333333333333
P1073,2015-03-19,0.0709999995,0.6
P1073,2015-03-20,0.1388888898888889,0.3333333333333333
P1073,2015-03-21,0.06444444444444444,0.5555555555555556
P1073,2015-03-22,0.1388888898888889,0.5555555555555556
P1073,2015-03-23,0.0968750005,0.6875
P1073,2015-03-24,0.08800000026666667,0.8
P1073,2015-03-25,0.086250000375,0.5
P1073,2015-03-26,0.1213043485652174,0.43478260869565216
P1073,2015-03-27,0.08800000026666667,0.5333333333333333
P1073,2015-03-28,0.09785714328571428,0.7142857142857143
P1073,2015-03-29,0.10409090963636364,0.6363636363636364
P1073,2015-03-30,0.10166666716666667,0.2777777777777778
P1073,2015-03-31,0.12300000070000001,0.0
P1073,2015-04-01,0.10733333373333333,0.4666666666666667
P1073,2015-04-02,0.08333333433333334,0.5
P1073,2015-04-03,0.10526315847368421,0.5789473684210527
P1073,2015-04-04,0.10473684236842105,0.5789473684210527
P1073,2015-04-05,0.09823529488235294,0.35294117647058826
P1073,2015-04-06,0.08499999975,0.5
P1073,2015-04-07,0.09952380995238096,0.5238095238095238
P1073,2015-04-08,0.11050000095000001,0.55
P1073,2015-04-09,0.0906249999375,0.625
P1073,2015-04-10,0.092941177,0.7058823529411765
P1073,2015-04-11,0.10166666716666667,0.5
P1073,2015-04-12,0.162222223,0.5555555555555556
P1073,2015-04-13,0.09866666773333334,0.4666666666666667
P1073,2015-04-14,0.07666666611111111,0.6666666666666666
P1073,2015-04-15,0.09590909131818183,0.5909090909090909
P1073,2015-04-16,0.10466666726666667,0.6
P1073,2015-04-17,0.12071428642857143,0.5
P1073,2015-04-18,0.09894736894736843,0.42105263157894735
P1073,2015-04-19,0.08391304378260869,0.6086956521739131
P1073,2015-04-20,0.11714285804761906,0.5238095238095238
P1073,2015-04-21,0.09153846146153846,0.38461538461538464
P1073,2015-04-22,0.10647058876470587,0.4117647058823529
P1073,2015-04-23,0.12416666724999999,0.8333333333333334
P1073,2015-04-24,0.10176470635294117,0.5882352941176471
P1073,2015-04-25,0.05222222255555556,0.6666666666666666
P1073,2015-04-26,0.10705882405882354,0.35294117647058826
P1073,2015-04-27,0.110000000875,0.5
P1073,2015-04-28,0.07357142835714285,0.42857142857142855
P1073,2015-04-29,0.11375000056250001,0.8125
P1073,2015-04-30,0.10647058876470587,0.5294117647058824
P1073,2015-05-01,0.12416666724999999,0.3333333333333333
P1073,2015-05-02,0.1010526322631579,0.7368421052631579
P1073,2015-05-03,0.10235294147058824,0.5294117647058824
P1073,2015-05-04,0.10166666716666667,0.5
P1073,2015-05-05,0.09866666773333334,0.7333333333333333
P1073,2015-05-06,0.0709999995,0.4
P1073,2015-05-07,0.0968421057368421,0.5263157894736842
P1073,2015-05-08,0.13500000091666667,0.5
P1073,2015-05-09,0.08160000028,0.4
P1073,2015-05-10,0.1200000006,0.5333333333333333
P1073,2015-05-11,0.11400000066666666,0.5333333333333333
P1073,2015-05-12,0.10692307753846154,0.46153846153846156
P1073,2015-05-13,0.10000000082352942,0.47058823529411764
P1073,2015-05-14,0.07461538423076923,0.5384615384615384
P1073,2015-05-15,0.10466666726666667,0.4666666666666667
P1073,2015-05-16,0.10166666716666667,0.2777777777777778
P1073,2015-05-17,0.09200000045,0.5
P1073,2015-05-18,0.11375000056250001,0.4375
P1073,2015-05-19,0.1253846162307692,0.6923076923076923
P1073,2015-05-20,0.10352941229411765,0.5294117647058824
P1073,2015-05-21,0.05888888866666667,0.6666666666666666
P1073,2015-05-22,0.10166666716666667,0.6666666666666666
P1073,2015-05-23,0.10466666726666667,0.4
P1073,2015-05-24,0.1253846162307692,0.6153846153846154
P1073,2015-05-25,0.08500000029166667,0.7083333333333334
P1073,2015-05-26,0.10705882405882354,0.7058823529411765
P1073,2015-05-27,0.11600000073333333,0.6666666666666666
P1073,2015-05-28,0.11166666725,0.4166666666666667
P1073,2015-05-29,0.0968750005,0.75
P1073,2015-05-30,0.1055000005,0.5
P1073,2015-05-31,0.10000000082352942,0.5294117647058824
P1073,2015-06-01,0.10166666716666667,0.3333333333333333
P1073,2015-06-02,0.10400000005000001,0.6
P1073,2015-06-03,0.08461538561538462,0.7692307692307693
P1073,2015-06-04,0.09749999991666668,0.6666666666666666
P1073,2015-06-05,0.123750001,0.625
P1073,2015-06-06,0.0937500006875,0.625
P1073,2015-06-07,0.08571428564285714,0.7142857142857143
P1073,2015-06-08,0.14090909190909093,0.5454545454545454
P1073,2015-06-09,0.10166666716666667,0.6111111111111112
P1073,2015-06-10,0.1013333338,0.8666666666666667
P1073,2015-06-11,0.06999999999999999,0.25
P1073,2015-06-12,0.13000000090909092,0.5454545454545454
P1073,2015-06-13,0.10733333373333333,0.5333333333333333
P1073,2015-06-14,0.08333333433333334,0.5
P1073,2015-06-15,0.08571428564285714,0.5714285714285714
P1073,2015-06-16,0.10166666716666667,0.6111111111111112
P1073,2015-06-17,0.11800000066666666,0.7333333333333333
P1073,2015-06-18,0.11500000071428572,0.6428571428571429
P1073,2015-06-19,0.09000000083333333,0.6666666666666666
P1073,2015-06-20,0.10826086973913043,0.6086956521739131
P1073,2015-06-21,0.1010526322631579,0.3684210526315789
P1073,2015-06-22,0.10166666716666667,0.6666666666666666
P1073,2015-06-23,0.09928571514285714,0.7142857142857143
P1073,2015-06-24,0.1038095239047619,0.5714285714285714
P1073,2015-06-25,0.10166666716666667,0.5
P1073,2015-06-26,0.09545454604545454,0.3181818181818182
P1073,2015-06-27,0.1075000005625,0.625
P1073,2015-06-28,0.10466666693333333,0.6666666666666666
P1073,2015-06-29,0.09533333406666666,0.13333333333333333
P1073,2015-06-30,0.07818181827272727,0.6363636363636364
P1073,2015-07-01,0.1253846162307692,0.6153846153846154
P1073,2015-07-02,0.09428571466666666,0.38095238095238093
P1073,2015-07-03,0.11200000066666667,0.26666666666666666
P1073,2015-07-04,0.029999999714285717,0.8571428571428571
P1073,2015-07-05,0.1550000011,0.3
P1073,2015-07-06,0.10250000025,0.5
P1073,2015-07-07,0.0987500010625,0.625
P1073,2015-07-08,0.10400000005000001,0.45
P1073,2015-07-09,0.0987500010625,0.5
P1073,2015-07-10,0.08357142842857143,0.7142857142857143
P1073,2015-07-11,0.1038461543076923,0.5384615384615384
P1073,2015-07-12,0.09300000045,0.65
P1073,2015-07-13,0.12357142935714285,0.5714285714285714
P1073,2015-07-14,0.11230769261538462,0.7692307692307693
P1073,2015-07-15,0.06545454572727273,0.7272727272727273
P1073,2015-07-16,0.10466666726666667,0.7333333333333333
P1073,2015-07-17,0.11200000067999999,0.4
P1073,2015-07-18,0.08000000007142857,0.6428571428571429
P1073,2015-07-19,0.092941177,0.5882352941176471
P1073,2015-07-20,0.14000000083333333,0.4166666666666667
P1073,2015-07-21,0.10411764764705882,0.5882352941176471
P1073,2015-07-22,0.029999999714285717,0.5714285714285714
P1073,2015-07-23,0.11375000056250001,0.5
P1073,2015-07-24,0.11600000073333333,0.6666666666666666
P1073,2015-07-25,0.09142857176190476,0.42857142857142855
P1073,2015-07-26,0.10166666716666667,0.4444444444444444
P1073,2015-07-27,0.12071428642857143,0.5
P1073,2015-07-28,0.08608695686956522,0.5652173913043478
P1073,2015-07-29,0.15111111177777778,0.4444444444444444
P1073,2015-07-30,0.0987500010625,0.75
P1073,2015-07-31,0.08357142842857143,0.42857142857142855
P1073,2015-08-01,0.1038461543076923,0.38461538461538464
P1073,2015-08-02,0.10043478313043479,0.6521739130434783
P1073,2015-08-03,0.10900000089999999,0.5
P1073,2015-08-04,0.0969999998,0.3
P1073,2015-08-05,0.11200000066666667,0.6
P1073,2015-08-06,0.08160000028,0.84
P1073,2015-08-07,0.1200000006,0.5333333333333333
P1073,2015-08-08,0.11000000166666667,0.8333333333333334
P1073,2015-08-09,0.13142857157142857,0.2857142857142857
P1073,2015-08-10,0.10250000025,0.5
P1073,2015-08-11,0.09533333406666666,0.3333333333333333
P1073,2015-08-12,0.066923077,0.5384615384615384
P1073,2015-08-13,0.162222223,0.6666666666666666
P1073,2015-08-14,0.1006250006875,0.375
P1073,2015-08-15,0.10000000082352942,0.8235294117647058
P1073,2015-08-16,0.1038095239047619,0.6666666666666666
P1073,2015-08-17,0.1010526322631579,0.47368421052631576
P1073,2015-08-18,0.10250000025,0.6875
P1073,2015-08-19,0.09071428678571428,0.5
P1073,2015-08-20,0.10809523838095239,0.42857142857142855
P1073,2015-08-21,0.10000000082352942,0.29411764705882354
P1073,2015-08-22,0.07461538423076923,0.9230769230769231
P1073,2015-08-23,0.0987500005625,0.5
P1073,2015-08-24,0.14090909190909093,0.36363636363636365
P1073,2015-08-25,0.09318181854545454,0.6818181818181818
P1073,2015-08-26,0.10529411823529411,0.47058823529411764
P1073,2015-08-27,0.11166666725,0.4166666666666667
P1073,2015-08-28,0.10190476242857144,0.47619047619047616
P1073,2015-08-29,0.10000000047368421,0.631578947368421
P1073,2015-08-30,0.10437500031250001,0.5625
P1073,2015-08-31,0.09000000107692308,0.46153846153846156
P1073,2015-09-01,0.0925,0.375
P1073,2015-09-02,0.09785714328571428,0.5714285714285714
P1073,2015-09-03,0.111250000625,0.5625
P1073,2015-09-04,0.1087500005625,0.6875
P1073,2015-09-05,0.10500000108333334,0.5833333333333334
P1073,2015-09-06,0.09000000033333334,0.6
P1073,2015-09-07,0.10363636363636365,0.45454545454545453
P1073,2015-09-08,0.1087500005625,0.5
P1073,2015-09-09,0.10625000062500001,0.6875
P1073,2015-09-10,0.09538461584615385,0.6153846153846154
P1073,2015-09-11,0.07250000008333334,0.5833333333333334
P1073,2015-09-12,0.16000000133333334,0.3333333333333333
P1073,2015-09-13,0.09823529488235294,0.5882352941176471
P1073,2015-09-14,0.08499999975,0.75
P1073,2015-09-15,0.10166666716666667,0.3888888888888889
P1073,2015-09-16,0.14000000175,0.625
P1073,2015-09-17,0.065454545,0.6363636363636364
P1073,2015-09-18,0.13500000091666667,0.5
P1073,2015-09-19,0.09428571466666666,0.6666666666666666
P1073,2015-09-20,0.0940000004,0.4
P1073,2015-09-21,0.111250000625,0.6875
P1073,2015-09-22,0.10166666716666667,0.5555555555555556
P1073,2015-09-23,0.1169230773846154,0.6923076923076923
P1073,2015-09-24,0.09500000071428572,0.5714285714285714
P1073,2015-09-25,0.09823529488235294,0.5882352941176471
P1073,2015-09-26,0.079230769,0.6923076923076923
P1073,2015-09-27,0.12357142935714285,0.7142857142857143
P1073,2015-09-28,0.08772727304545455,0.5
P1073,2015-09-29,0.11800000066666666,0.5333333333333333
P1073,2015-09-30,0.11833333375,0.4166666666666667
P1073,2015-10-01,0.06545454572727273,0.45454545454545453
P1073,2015-10-02,0.10684210589473683,0.5789473684210527
P1073,2015-10-03,0.1114285720952381,0.47619047619047616
P1073,2015-10-04,0.07818181827272727,0.8181818181818182
P1073,2015-10-05,0.10647058876470587,0.5882352941176471
P1073,2015-10-06,0.10588235352941176,0.5882352941176471
P1073,2015-10-07,0.11833333375,0.9166666666666666
P1073,2015-10-08,0.10166666716666667,0.3333333333333333
P1073,2015-10-09,0.09565217452173913,0.21739130434782608
P1073,2015-10-10,0.1075000005625,0.5
P1073,2015-10-11,0.09947368463157895,0.6842105263157895
P1073,2015-10-12,0.10500000108333334,0.5
P1073,2015-10-13,0.0709999995,0.9
P1073,2015-10-14,0.10166666716666667,0.5555555555555556
P1073,2015-10-15,0.1253846162307692,0.7692307692307693
P1073,2015-10-16,0.10466666693333333,0.6
P1073,2015-10-17,0.07666666716666666,0.5833333333333334
P1073,2015-10-18,0.09200000039999999,0.4666666666666667
P1073,2015-10-19,0.11250000056250001,0.625
P1073,2015-10-20,0.11400000066666666,0.5333333333333333
P1073,2015-10-21,0.10500000108333334,0.75
P1073,2015-10-22,0.08357142842857143,0.2857142857142857
P1073,2015-10-23,0.09785714328571428,0.6428571428571429
P1073,2015-10-24,0.0968421057368421,0.5789473684210527
P1073,2015-10-25,0.11800000066666666,0.6
P1073,2015-10-26,0.11500000071428572,0.35714285714285715
P1073,2015-10-27,0.10000000047368421,0.631578947368421
P1073,2015-10-28,0.09428571466666666,0.5714285714285714
P1073,2015-10-29,0.1169230773846154,0.6153846153846154
P1073,2015-10-30,0.1006250006875,0.5
P1073,2015-10-31,0.10000000082352942,0.5294117647058824
P1073,2015-11-01,0.08857142814285715,0.7142857142857143
P1073,2015-11-02,0.09842105305263159,0.47368421052631576
P1073,2015-11-03,0.11700000130000002,0.5
P1073,2015-11-04,0.065454545,0.6363636363636364
P1073,2015-11-05,0.11760000092,0.4
P1073,2015-11-06,0.09882352958823529,0.7058823529411765
P1073,2015-11-07,0.10421052710526316,0.631578947368421
P1073,2015-11-08,0.0824999995,0.5
P1073,2015-11-09,0.11200000066666667,0.5333333333333333
P1073,2015-11-10,0.0399999996,0.6
P1073,2015-11-11,0.111250000625,0.4375
P1073,2015-11-12,0.0940000004,0.5
P1073,2015-11-13,0.1336363642727273,0.45454545454545453
P1073,2015-11-14,0.09950000065,0.45
P1073,2015-11-15,0.10357142907142858,0.42857142857142855
P1073,2015-11-16,0.10190476242857144,0.42857142857142855
P1073,2015-11-17,0.09538461584615385,0.5384615384615384
P1073,2015-11-18,0.1055000005,0.55
P1073,2015-11-19,0.10166666716666667,0.6111111111111112
P1073,2015-11-20,0.059,0.8
P1073,2015-11-21,0.10400000044999999,0.6
P1073,2015-11-22,0.11071428635714287,0.5714285714285714
P1073,2015-11-23,0.09300000045,0.5
P1073,2015-11-24,0.12357142935714285,0.5
P1073,2015-11-25,0.11230769261538462,0.5384615384615384
P1073,2015-11-26,0.0987500010625,0.4375
P1073,2015-11-27,0.10315789494736842,0.6842105263157895
P1073,2015-11-28,0.06999999999999999,0.4166666666666667
P1073,2015-11-29,0.10684210589473683,0.5263157894736842
P1073,2015-11-30,0.10166666716666667,0.5555555555555556
P1073,2015-12-01,0.086250000375,0.5625
P1073,2015-12-02,0.10947368468421052,0.7368421052631579
P1073,2015-12-03,0.10684210589473683,0.3684210526315789
P1073,2015-12-04,0.09785714328571428,0.7857142857142857
P1073,2015-12-05,0.10739130517391304,0.6086956521739131
P1073,2015-12-06,0.1100000006190476,0.42857142857142855
P1073,2015-12-07,0.0950000004375,0.5625
P1073,2015-12-08,0.08499999975,0.5833333333333334
P1073,2015-12-09,0.1370000006,0.9
P1073,2015-12-10,0.09565217452173913,0.2608695652173913
P1073,2015-12-11,0.08772727304545455,0.5
P1073,2015-12-12,0.114347827,0.5652173913043478
P1073,2015-12-13,0.0969999998,0.7
P1073,2015-12-14,0.09750000045833333,0.75
P1073,2015-12-15,0.09785714328571428,0.42857142857142855
P1073,2015-12-16,0.1388888898888889,0.5555555555555556
P1073,2015-12-17,0.059,0.5
P1073,2015-12-18,0.11800000066666666,0.4666666666666667
P1073,2015-12-19,0.11500000071428572,0.35714285714285715
P1073,2015-12-20,0.10166666716666667,0.3888888888888889
P1073,2015-12-21,0.10235294147058824,0.6470588235294118
P1073,2015-12-22,0.09000000107692308,0.7692307692307693
P1073,2015-12-23,0.08533333313333333,0.6
P1073,2015-12-24,0.11071428635714287,0.35714285714285715
P1073,2015-12-25,0.10166666716666667,0.6111111111111112
P1073,2015-12-26,0.11785714364285714,0.7142857142857143
P1073,2015-12-27,0.10352941229411765,0.7647058823529411
P1073,2015-12-28,0.10250000025,0.375
P1073,2015-12-29,0.0987500010625,0.625
P1073,2015-12-30,0.08357142842857143,0.7142857142857143
P1073,2015-12-31,0.11000000058333333,0.4166666666666667
P1073,2016-01-01,0.11200000066666667,0.4666666666666667
P1073,2016-01-02,0.10357142907142858,0.7142857142857143
P1073,2016-01-03,0.09266666746666667,0.5333333333333333
P1073,2016-01-04,0.079230769,0.5384615384615384
P1073,2016-01-05,0.15111111177777778,0.6666666666666666
P1073,2016-01-06,0.09071428678571428,0.7857142857142857
P1073,2016-01-07,0.10473684236842105,0.5789473684210527
P1073,2016-01-08,0.08000000007142857,0.6428571428571429
P1073,2016-01-09,0.13700000110000002,0.2
P1073,2016-01-10,0.0975000005,0.3333333333333333
P1073,2016-01-11,0.10421052710526316,0.2631578947368421
P1073,2016-01-12,0.0824999995,0.625
P1073,2016-01-13,0.1087500005625,0.4375
P1073,2016-01-14,0.10500000108333334,0.4166666666666667
P1073,2016-01-15,0.08357142842857143,0.7142857142857143
P1073,2016-01-16,0.11318181909090909,0.5454545454545454
P1073,2016-01-17,0.0950000004375,0.75
P1073,2016-01-18,0.08533333313333333,0.6666666666666666
P1073,2016-01-19,0.12333333425,0.6666666666666666
P1073,2016-01-20,0.10166666716666667,0.4444444444444444
P1073,2016-01-21,0.11166666725,0.75
P1073,2016-01-22,0.053636363636363635,0.5454545454545454
P1073,2016-01-23,0.1920000016,0.6
P1073,2016-01-24,0.08800000026666667,0.7333333333333333
P1073,2016-01-25,0.09785714328571428,0.5
P1073,2016-01-26,0.10647058876470587,0.5882352941176471
P1073,2016-01-27,0.10166666716666667,0.4444444444444444
P1073,2016-01-28,0.12636363690909092,0.8181818181818182
P1073,2016-01-29,0.10157894789473684,0.6842105263157895
P1073,2016-01-30,0.090416667125,0.5833333333333334
P1073,2016-01-31,0.088571429,0.5714285714285714
P1073,2016-02-01,0.12642857214285713,0.42857142857142855
P1073,2016-02-02,0.0978947372631579,0.631578947368421
P1073,2016-02-03,0.11400000066666666,0.5333333333333333
P1073,2016-02-04,0.10785714321428572,0.5714285714285714
P1073,2016-02-05,0.09071428678571428,0.5
P1073,2016-02-06,0.10333333322222223,0.3333333333333333
P1073,2016-02-07,0.1100000006,0.5333333333333333
P1073,2016-02-08,0.10235294147058824,0.29411764705882354
P1073,2016-02-09,0.1006250006875,0.6875
P1073,2016-02-10,0.06999999999999999,0.6666666666666666
P1073,2016-02-11,0.13000000090909092,0.45454545454545453
P1073,2016-02-12,0.10500000108333334,0.5
P1073,2016-02-13,0.08357142842857143,0.42857142857142855
P1073,2016-02-14,0.1057894745263158,0.3684210526315789
P1073,2016-02-15,0.09705882364705883,0.7058823529411765
P1073,2016-02-16,0.09588235329411765,0.7647058823529411
P1073,2016-02-17,0.11071428635714287,0.5
P1073,2016-02-18,0.1100000006875,0.5625
P1073,2016-02-19,0.10470588282352941,0.5294117647058824
P1073,2016-02-20,0.10625000062500001,0.75
P1073,2016-02-21,0.10235294147058824,0.4117647058823529
P1073,2016-02-22,0.08333333433333334,0.25
P1073,2016-02-23,0.10166666716666667,0.6666666666666666
P1073,2016-02-24,0.10363636363636365,0.36363636363636365
P1073,2016-02-25,0.1169230773846154,0.9230769230769231
P1073,2016-02-26,0.09500000071428572,0.5714285714285714
P1073,2016-02-27,0.09823529488235294,0.5294117647058824
P1073,2016-02-28,0.09090909063636364,0.36363636363636365
P1073,2016-02-29,0.10588235352941176,0.47058823529411764
P1073,2016-03-01,0.1169230773846154,0.46153846153846156
P1073,2016-03-02,0.09866666773333334,0.4666666666666667
P1073,2016-03-03,0.07666666611111111,0.3333333333333333
P1073,2016-03-04,0.12666666822222222,0.5555555555555556
P1073,2016-03-05,0.05999999958333333,0.4166666666666667
P1073,2016-03-06,0.10947368468421052,0.7894736842105263
P1073,2016-03-07,0.11760000059999999,0.6
P1073,2016-03-08,0.08461538561538462,0.6923076923076923
P1073,2016-03-09,0.07999999993333334,0.8
P1073,2016-03-10,0.1200000006,0.5333333333333333
P1073,2016-03-11,0.11785714364285714,0.5714285714285714
P1073,2016-03-12,0.09181818272727273,0.5454545454545454
P1073,2016-03-13,0.08533333313333333,0.4666666666666667
P1073,2016-03-14,0.11050000095000001,0.65
P1073,2016-03-15,0.10526315847368421,0.6842105263157895
P1073,2016-03-16,0.07357142835714285,0.6428571428571429
P1073,2016-03-17,0.1200000006,0.3333333333333333
P1073,2016-03-18,0.11785714364285714,0.7142857142857143
P1073,2016-03-19,0.09181818272727273,0.7272727272727273
P1073,2016-03-20,0.09764705923529413,0.4117647058823529
P1073,2016-03-21,0.1459999992,0.4
P1073,2016-03-22,0.0470000003,0.5
P1073,2016-03-23,0.14000000083333333,0.8333333333333334
P1073,2016-03-24,0.10625000062500001,0.5625
P1073,2016-03-25,0.09571428614285715,0.6190476190476191
P1073,2016-03-26,0.1075000005625,0.375
P1073,2016-03-27,0.10153846246153846,0.3076923076923077
P1073,2016-03-28,0.09000000033333334,0.6
P1073,2016-03-29,0.09705882364705883,0.8235294117647058
P1073,2016-03-30,0.11000000058333333,0.5833333333333334
P1073,2016-03-31,0.09000000038095239,0.6190476190476191
P1073,2016-04-01,0.15111111177777778,0.6666666666666666
P1073,2016-04-02,0.0987500010625,0.625
P1073,2016-04-03,0.05999999958333333,0.6666666666666666
P1073,2016-04-04,0.10764705935294117,0.8823529411764706
P1073,2016-04-05,0.12923077,0.46153846153846156
P1073,2016-04-06,0.10411764764705882,0.23529411764705882
P1073,2016-04-07,0.10352941229411765,0.5294117647058824
P1073,2016-04-08,0.039999999714285715,0.5714285714285714
P1073,2016-04-09,0.11800000066666666,0.3333333333333333
P1073,2016-04-10,0.11500000071428572,0.7142857142857143
P1073,2016-04-11,0.0980000004,0.55
P1073,2016-04-12,0.08954545490909091,0.6363636363636364
P1073,2016-04-13,0.1253846162307692,0.46153846153846156
P1073,2016-04-14,0.10153846246153846,0.6153846153846154
P1073,2016-04-15,0.05999999958333333,0.6666666666666666
P1073,2016-04-16,0.13307692392307693,0.7692307692307693
P1073,2016-04-17,0.09842105305263159,0.5789473684210527
P1073,2016-04-18,0.1169230773846154,0.6923076923076923
P1073,2016-04-19,0.09866666773333334,0.4666666666666667
P1073,2016-04-20,0.09000000033333334,0.6
P1073,2016-04-21,0.10526315847368421,0.6842105263157895
P1073,2016-04-22,0.09090909063636364,0.5454545454545454
P1073,2016-04-23,0.11785714364285714,0.5714285714285714
P1073,2016-04-24,0.10166666716666667,0.7777777777777778
P1073,2016-04-25,0.029999999714285717,0.7142857142857143
P1073,2016-04-26,0.1200000006,0.4666666666666667
P1073,2016-04-27,0.12636363690909092,0.5454545454545454
P1073,2016-04-28,0.0987500010625,0.25
P1073,2016-04-29,0.0950000004375,0.5625
P1073,2016-04-30,0.0969999998,0.7
P1073,2016-05-01,0.1169230773846154,0.7692307692307693
P1073,2016-05-02,0.0620000002,0.7
P1073,2016-05-03,0.10166666716666667,0.5555555555555556
P1073,2016-05-04,0.11545454622727273,0.45454545454545453
P1073,2016-05-05,0.0840000001,0.5
P1073,2016-05-06,0.10166666716666667,0.2777777777777778
P1073,2016-05-07,0.0973684215263158,0.3684210526315789
P1073,2016-05-08,0.10409090963636364,0.6363636363636364
P1073,2016-05-09,0.086250000375,0.5625
P1073,2016-05-10,0.1140000006,0.55
P1073,2016-05-11,0.10166666716666667,0.6111111111111112
P1073,2016-05-12,0.09588235329411765,0.7058823529411765
P1073,2016-05-13,0.11750000075,0.4583333333333333
P1073,2016-05-14,0.10000000082352942,0.5882352941176471
P1073,2016-05-15,0.0950000004375,0.5
P1073,2016-05-16,0.10863636377272727,0.7727272727272727
P1073,2016-05-17,0.09565217452173913,0.43478260869565216
P1073,2016-05-18,0.11166666725,0.5833333333333334
P1073,2016-05-19,0.10166666716666667,0.3888888888888889
P1073,2016-05-20,0.10250000035,0.5
P1073,2016-05-21,0.09000000107692308,0.38461538461538464
P1073,2016-05-22,0.0969999998,0.7
P1073,2016-05-23,0.0940000004,0.5
P1073,2016-05-24,0.10409090963636364,0.45454545454545453
P1073,2016-05-25,0.09588235329411765,0.6470588235294118
P1073,2016-05-26,0.11692307769230768,0.5384615384615384
P1073,2016-05-27,0.11818181890909091,0.7272727272727273
P1073,2016-05-28,0.09266666746666667,0.8666666666666667
P1073,2016-05-29,0.10999999975,0.875
P1073,2016-05-30,0.10166666716666667,0.5
P1073,2016-05-31,0.10785714321428572,0.6428571428571429
P1073,2016-06-01,0.06545454572727273,0.2727272727272727
P1073,2016-06-02,0.12333333425,0.75
P1073,2016-06-03,0.1100000006,0.6666666666666666
P1073,2016-06-04,0.09538461584615385,0.46153846153846156
P1073,2016-06-05,0.10421052710526316,0.5789473684210527
P1073,2016-06-06,0.0950000004375,0.75
P1073,2016-06-07,0.09090909063636364,0.7272727272727273
P1073,2016-06-08,0.10588235352941176,0.29411764705882354
P1073,2016-06-09,0.11700000130000002,0.2
P1073,2016-06-10,0.0950000004375,0.8125
P1073,2016-06-11,0.07357142835714285,0.5
P1073,2016-06-12,0.162222223,0.7777777777777778
P1073,2016-06-13,0.09950000065,0.4
P1073,2016-06-14,0.07333333344444444,0.3333333333333333
P1073,2016-06-15,0.10166666716666667,0.6666666666666666
P1073,2016-06-16,0.1038461543076923,0.6923076923076923
P1073,2016-06-17,0.11785714364285714,0.6428571428571429
P1073,2016-06-18,0.0840000008,0.6
P1073,2016-06-19,0.10363636363636365,0.5454545454545454
P1073,2016-06-20,0.1087500005625,0.4375
P1073,2016-06-21,0.10733333373333333,0.4
P1073,2016-06-22,0.074545455,0.36363636363636365
P1073,2016-06-23,0.09200000039999999,0.8666666666666667
P1073,2016-06-24,0.14600000070000002,0.7
P1073,2016-06-25,0.09500000071428572,0.42857142857142855
P1073,2016-06-26,0.1055000005,0.55
P1073,2016-06-27,0.10000000082352942,0.4117647058823529
P1073,2016-06-28,0.05999999958333333,0.5833333333333334
P1073,2016-06-29,0.11375000056250001,0.4375
P1073,2016-06-30,0.1385714297142857,0.7142857142857143
P1073,2016-07-01,0.0937500006875,0.5
P1073,2016-07-02,0.10800000034999999,0.55
P1073,2016-07-03,0.10619047652380953,0.42857142857142855
P1073,2016-07-04,0.09772727331818182,0.5909090909090909
P1073,2016-07-05,0.10625000062500001,0.75
P1073,2016-07-06,0.09318181854545454,0.4090909090909091
P1073,2016-07-07,0.11200000066666667,0.6666666666666666
P1073,2016-07-08,0.10466666693333333,0.4
P1073,2016-07-09,0.08461538561538462,0.38461538461538464
P1073,2016-07-10,0.10526315847368421,0.5789473684210527
P1073,2016-07-11,0.09764705923529413,0.4117647058823529
P1073,2016-07-12,0.10800000034999999,0.45
P1073,2016-07-13,0.0937500006875,0.5625
P1073,2016-07-14,0.09153846146153846,0.38461538461538464
P1073,2016-07-15,0.1336363642727273,0.5454545454545454
P1073,2016-07-16,0.09500000071428572,0.42857142857142855
P1073,2016-07-17,0.0937500006875,0.625
P1073,2016-07-18,0.10166666716666667,0.6666666666666666
P1073,2016-07-19,0.10526315847368421,0.7894736842105263
P1073,2016-07-20,0.079230769,0.6923076923076923
P1073,2016-07-21,0.10705882405882354,0.47058823529411764
P1073,2016-07-22,0.12071428642857143,0.42857142857142855
P1073,2016-07-23,0.10625000062500001,0.25
P1073,2016-07-24,0.10235294147058824,0.47058823529411764
P1073,2016-07-25,0.090416667125,0.6666666666666666
P1073,2016-07-26,0.088571429,0.5238095238095238
P1073,2016-07-27,0.10166666716666667,0.5
P1073,2016-07-28,0.11375000056250001,0.6875
P1073,2016-07-29,0.14000000175,0.625
P1073,2016-07-30,0.09882352958823529,0.7647058823529411
P1073,2016-07-31,0.07818181827272727,0.45454545454545453
P1073,2016-08-01,0.1388888898888889,0.6666666666666666
P1073,2016-08-02,0.06444444444444444,1.0
P1073,2016-08-03,0.11600000073333333,0.6
P1073,2016-08-04,0.1075000005625,0.6875
P1073,2016-08-05,0.10357142907142858,0.42857142857142855
P1073,2016-08-06,0.0968750005,0.5625
P1073,2016-08-07,0.0937500006875,0.5625
P1073,2016-08-08,0.1100000001,0.4
P1073,2016-08-09,0.11142857178571429,0.35714285714285715
P1073,2016-08-10,0.074545455,0.5454545454545454
P1073,2016-08-11,0.09200000039999999,0.4666666666666667
P1073,2016-08-12,0.12357142935714285,0.6428571428571429
P1073,2016-08-13,0.1060000006,0.3
P1073,2016-08-14,0.0937500006875,0.5625
P1073,2016-08-15,0.09705882364705883,0.7647058823529411
P1073,2016-08-16,0.09200000039999999,0.5333333333333333
P1073,2016-08-17,0.10857142914285714,0.42857142857142855
P1073,2016-08-18,0.09200000039999999,0.4
P1073,2016-08-19,0.11250000056250001,0.5625
P1073,2016-08-20,0.0973684215263158,0.47368421052631576
P1073,2016-08-21,0.14000000175,0.625
P1073,2016-08-22,0.10166666716666667,0.7222222222222222
P1073,2016-08-23,0.09882352958823529,0.47058823529411764
P1073,2016-08-24,0.10421052710526316,0.5789473684210527
P1073,2016-08-25,0.10315789494736842,0.5263157894736842
P1073,2016-08-26,0.0968750005,0.6875
P1073,2016-08-27,0.08000000007142857,0.5714285714285714
P1073,2016-08-28,0.11071428635714287,0.42857142857142855
P1073,2016-08-29,0.1100000006875,0.5625
P1073,2016-08-30,0.10470588282352941,0.4117647058823529
P1073,2016-08-31,0.10692307753846154,0.6153846153846154
P1073,2016-09-01,0.10166666716666667,0.5555555555555556
P1073,2016-09-02,0.08714285785714285,0.42857142857142855
P1073,2016-09-03,0.09705882364705883,0.7058823529411765
P1073,2016-09-04,0.1038461543076923,0.5384615384615384
P1073,2016-09-05,0.10588235352941176,0.8823529411764706
P1073,2016-09-06,0.11200000066666667,0.5333333333333333
P1073,2016-09-07,0.08826086986956522,0.391304347826087
P1073,2016-09-08,0.1370000006,0.4
P1073,2016-09-09,0.06545454572727273,0.8181818181818182
P1073,2016-09-10,0.0987500005625,0.625
P1073,2016-09-11,0.11800000066666666,0.7333333333333333
P1073,2016-09-12,0.10166666716666667,0.5555555555555556
P1073,2016-09-13,0.11200000066666667,0.4
P1073,2016-09-14,0.10166666716666667,0.5555555555555556
P1073,2016-09-15,0.10153846246153846,0.38461538461538464
P1073,2016-09-16,0.10318181845454545,0.6363636363636364
P1073,2016-09-17,0.10166666716666667,0.5555555555555556
P1073,2016-09-18,0.09928571514285714,0.5714285714285714
P1073,2016-09-19,0.09000000033333334,0.6
P1073,2016-09-20,0.0906249999375,0.5625
P1073,2016-09-21,0.14444444566666667,1.0
P1073,2016-09-22,0.10235294147058824,0.47058823529411764
P1073,2016-09-23,0.10166666716666667,0.6111111111111112
P1073,2016-09-24,0.1006250006875,0.625
P1073,2016-09-25,0.06444444444444444,0.4444444444444444
P1073,2016-09-26,0.09200000045,0.6
P1073,2016-09-27,0.12642857214285713,0.42857142857142855
P1073,2016-09-28,0.0940000004,0.25
P1073,2016-09-29,0.09200000045,0.65
P1073,2016-09-30,0.14000000083333333,0.75
P1073,2016-10-01,0.09346153888461539,0.5384615384615384
P1073,2016-10-02,0.1038461543076923,0.6923076923076923
P1073,2016-10-03,0.11400000066666666,0.6
P1073,2016-10-04,0.10733333373333333,0.6
P1073,2016-10-05,0.04625000025,0.375
P1073,2016-10-06,0.15111111177777778,0.3333333333333333
P1073,2016-10-07,0.0987500010625,0.625
P1073,2016-10-08,0.08357142842857143,0.6428571428571429
P1073,2016-10-09,0.137500001,0.625
P1073,2016-10-10,0.10166666716666667,0.7222222222222222
P1073,2016-10-11,0.10235294147058824,0.4117647058823529
P1073,2016-10-12,0.1010526322631579,0.3684210526315789
P1073,2016-10-13,0.0980000004,0.55
P1073,2016-10-14,0.10411764764705882,0.4117647058823529
P1073,2016-10-15,0.10466666693333333,0.6666666666666666
P1073,2016-10-16,0.05222222255555556,0.5555555555555556
P1073,2016-10-17,0.11800000066666666,0.7333333333333333
P1073,2016-10-18,0.11200000066666667,0.5333333333333333
P1073,2016-10-19,0.10357142907142858,0.42857142857142855
P1073,2016-10-20,0.09266666746666667,0.6666666666666666
P1073,2016-10-21,0.08533333313333333,0.5333333333333333
P1073,2016-10-22,0.10684210589473683,0.5789473684210527
P1073,2016-10-23,0.09200000039999999,0.4666666666666667
P1073,2016-10-24,0.11250000056250001,0.5625
P1073,2016-10-25,0.1100000006875,0.5
P1073,2016-10-26,0.08391304378260869,0.5217391304347826
P1073,2016-10-27,0.11375000056250001,0.5625
P1073,2016-10-28,0.10166666716666667,0.6111111111111112
P1073,2016-10-29,0.11600000073333333,0.4666666666666667
P1073,2016-10-30,0.09500000035,0.65
P1073,2016-10-31,0.0973684215263158,0.42105263157894735
P1073,2016-11-01,0.1388888898888889,0.8888888888888888
P1073,2016-11-02,0.1026315792631579,0.5789473684210527
P1073,2016-11-03,0.057500000375,0.5
P1073,2016-11-04,0.1253846162307692,0.6153846153846154
P1073,2016-11-05,0.09428571466666666,0.6666666666666666
P1073,2016-11-06,0.09000000038095239,0.5714285714285714
P1073,2016-11-07,0.11181818268181819,0.5454545454545454
P1073,2016-11-08,0.0906249999375,0.5
P1073,2016-11-09,0.0987500005625,0.625
P1073,2016-11-10,0.15111111177777778,0.6666666666666666
P1073,2016-11-11,0.09565217452173913,0.6956521739130435
P1073,2016-11-12,0.1100000010909091,0.36363636363636365
P1073,2016-11-13,0.07461538423076923,0.7692307692307693
P1073,2016-11-14,0.11692307769230768,0.5384615384615384
P1073,2016-11-15,0.11818181890909091,0.45454545454545453
P1073,2016-11-16,0.08714285785714285,0.6428571428571429
P1073,2016-11-17,0.07999999993333334,0.7333333333333333
P1073,2016-11-18,0.10764705935294117,0.4117647058823529
P1073,2016-11-19,0.10400000044999999,0.65
P1073,2016-11-20,0.11071428635714287,0.5714285714285714
P1073,2016-11-21,0.10043478313043479,0.6521739130434783
P1073,2016-11-22,0.11636363709090909,0.36363636363636365
P1073,2016-11-23,0.09842105305263159,0.5789473684210527
P1073,2016-11-24,0.1087500005625,0.375
P1073,2016-11-25,0.10090909154545455,0.5454545454545454
P1073,2016-11-26,0.1037500005,0.4166666666666667
P1073,2016-11-27,0.10166666716666667,0.6111111111111112
P1073,2016-11-28,0.10357142907142858,0.7142857142857143
P1073,2016-11-29,0.1026315792631579,0.3684210526315789
P1073,2016-11-30,0.09533333406666666,0.26666666666666666
P1073,2016-12-01,0.07818181827272727,0.8181818181818182
P1073,2016-12-02,0.10166666716666667,0.6111111111111112
P1073,2016-12-03,0.13000000091666666,0.5833333333333334
P1073,2016-12-04,0.10250000025,0.5
P1073,2016-12-05,0.08461538561538462,0.3076923076923077
P1073,2016-12-06,0.11666666666666667,0.6666666666666666
P1073,2016-12-07,0.0950000011,0.7
P1073,2016-12-08,0.07357142835714285,0.21428571428571427
P1073,2016-12-09,0.200000003,0.5
P1073,2016-12-10,0.08499999975,0.5833333333333334
P1073,2016-12-11,0.10647058876470587,0.47058823529411764
P1073,2016-12-12,0.088571429,0.7619047619047619
P1073,2016-12-13,0.11375000056250001,0.1875
P1073,2016-12-14,0.11600000073333333,0.13333333333333333
P1073,2016-12-15,0.11166666725,0.5833333333333334
P1073,2016-12-16,0.10166666716666667,0.2777777777777778
P1073,2016-12-17,0.08714285785714285,0.5714285714285714
P1073,2016-12-18,0.10363636363636365,0.8181818181818182
P1073,2016-12-19,0.11818181890909091,0.5454545454545454
P1073,2016-12-20,0.06999999999999999,0.5
P1073,2016-12-21,0.11071428635714287,0.35714285714285715
P1073,2016-12-22,0.088571429,0.7619047619047619
P1073,2016-12-23,0.14000000083333333,0.5833333333333334
P1073,2016-12-24,0.10733333373333333,0.6
P1073,2016-12-25,0.08333333433333334,0.5833333333333334
P1073,2016-12-26,0.07999999993333334,0.5333333333333333
P1073,2016-12-27,0.1200000006,0.6
P1073,2016-12-28,0.088571429,0.6666666666666666
P1073,2016-12-29,0.13307692392307693,0.6923076923076923
P1073,2016-12-30,0.08391304378260869,0.5652173913043478
P1073,2016-12-31,0.10947368468421052,0.42105263157894735
P1073,2017-01-01,0.16500000150000002,0.3333333333333333
P1073,2017-01-02,0.0968750005,0.4375
P1073,2017-01-03,0.08800000026666667,0.4666666666666667
P1073,2017-01-04,0.09785714328571428,0.5714285714285714
P1073,2017-01-05,0.12071428642857143,0.7142857142857143
P1073,2017-01-06,0.10166666716666667,0.7222222222222222
P1073,2017-01-07,0.09894736894736843,0.47368421052631576
P1073,2017-01-08,0.09500000035,0.5
P1073,2017-01-09,0.1215384623846154,0.38461538461538464
P1073,2017-01-10,0.1013333338,0.4
P1073,2017-01-11,0.053636363636363635,0.5454545454545454
P1073,2017-01-12,0.14000000083333333,0.5
P1073,2017-01-13,0.10733333373333333,0.5333333333333333
P1073,2017-01-14,0.09500000071428572,0.6428571428571429
P1073,2017-01-15,0.08800000026666667,0.6
P1073,2017-01-16,0.1038461543076923,0.6153846153846154
P1073,2017-01-17,0.123750001,0.75
P1073,2017-01-18,0.0840000001,0.8
P1073,2017-01-19,0.12666666822222222,0.6666666666666666
P1073,2017-01-20,0.10400000005000001,0.75
P1073,2017-01-21,0.10157894789473684,0.6842105263157895
P1073,2017-01-22,0.0620000002,0.6
P1073,2017-01-23,0.10166666716666667,0.5555555555555556
P1073,2017-01-24,0.11071428635714287,0.42857142857142855
P1073,2017-01-25,0.12416666724999999,0.4166666666666667
P1073,2017-01-26,0.09761904819047619,0.6190476190476191
P1073,2017-01-27,0.0950000011,0.5
P1073,2017-01-28,0.07357142835714285,0.5
P1073,2017-01-29,0.12642857214285713,0.5
P1073,2017-01-30,0.1169230773846154,0.46153846153846156
P1073,2017-01-31,0.0620000002,0.5
P1073,2017-02-01,0.11695652273913044,0.43478260869565216
P1073,2017-02-02,0.09000000033333334,0.5333333333333333
P1073,2017-02-03,0.07999999993333334,0.8666666666666667
P1073,2017-02-04,0.10764705935294117,0.35294117647058826
P1073,2017-02-05,0.10166666716666667,0.4444444444444444
P1073,2017-02-06,0.12923077,0.6153846153846154
P1073,2017-02-07,0.10166666716666667,0.5555555555555556
P1073,2017-02-08,0.09285714323809524,0.5238095238095238
P1073,2017-02-09,0.0973684215263158,0.5789473684210527
P1073,2017-02-10,0.11200000067999999,0.36
P1073,2017-02-11,0.066923077,0.5384615384615384
P1073,2017-02-12,0.14727272827272728,0.6363636363636364
P1073,2017-02-13,0.10437500031250001,0.8125
P1073,2017-02-14,0.0620000002,0.6
P1073,2017-02-15,0.14444444566666667,0.3333333333333333
P1073,2017-02-16,0.1013333338,0.6
P1073,2017-02-17,0.08000000023076924,0.46153846153846156
P1073,2017-02-18,0.11391304413043478,0.6956521739130435
P1073,2017-02-19,0.10000000082352942,0.47058823529411764
P1073,2017-02-20,0.0950000004375,0.5625
P1073,2017-02-21,0.09764705923529413,0.5882352941176471
P1073,2017-02-22,0.10166666716666667,0.5
P1073,2017-02-23,0.11666666666666667,0.7777777777777778
P1073,2017-02-24,0.08666666766666667,0.2222222222222222
P1073,2017-02-25,0.11666666666666667,0.5555555555555556
P1073,2017-02-26,0.10166666716666667,0.5555555555555556
P1073,2017-02-27,0.10733333373333333,0.4666666666666667
P1073,2017-02-28,0.09761904819047619,0.38095238095238093
P1073,2017-03-01,0.10625000062500001,0.3125
P1073,2017-03-02,0.03499999975,0.375
P1073,2017-03-03,0.12185185244444445,0.5185185185185185
P1073,2017-03-04,0.09866666773333334,0.8666666666666667
P1073,2017-03-05,0.10166666716666667,0.5
P1073,2017-03-06,0.07461538423076923,0.38461538461538464
P1073,2017-03-07,0.11071428635714287,0.5
P1073,2017-03-08,0.1215384623846154,0.8461538461538461
P1073,2017-03-09,0.10000000047368421,0.3684210526315789
P1073,2017-03-10,0.10166666716666667,0.5555555555555556
P1073,2017-03-11,0.05749999975,0.5
P1073,2017-03-12,0.0987500005625,0.8125
P1073,2017-03-13,0.12923077,0.7692307692307693
P1073,2017-03-14,0.10692307753846154,0.6153846153846154
P1073,2017-03-15,0.10045454595454545,0.7272727272727273
P1073,2017-03-16,0.10357142907142858,0.5
P1073,2017-03-17,0.10000000082352942,0.35294117647058826
P1073,2017-03-18,0.10318181845454545,0.6818181818181818
P1073,2017-03-19,0.10235294147058824,0.6470588235294118
P1073,2017-03-20,0.0620000002,0.4
P1073,2017-03-21,0.092941177,0.5882352941176471
P1073,2017-03-22,0.10166666716666667,0.6666666666666666
P1073,2017-03-23,0.1550000011,0.1
P1073,2017-03-24,0.1013333338,0.6666666666666666
P1073,2017-03-25,0.08000000023076924,0.3076923076923077
P1073,2017-03-26,0.1057894745263158,0.5789473684210527
P1073,2017-03-27,0.09749999991666668,0.5833333333333334
P1073,2017-03-28,0.10166666716666667,0.5
P1073,2017-03-29,0.0973684215263158,0.47368421052631576
P1073,2017-03-30,0.09200000045,0.45
P1073,2017-03-31,0.11714285804761906,0.5238095238095238
P1073,2017-04-01,0.07999999993333334,0.6
P1073,2017-04-02,0.10947368468421052,0.5263157894736842
P1073,2017-04-03,0.10466666726666667,0.4
P1073,2017-04-04,0.12071428642857143,0.5
P1073,2017-04-05,0.10785714321428572,0.7857142857142857
P1073,2017-04-06,0.06545454572727273,0.7272727272727273
P1073,2017-04-07,0.13000000090909092,0.5454545454545454
P1073,2017-04-08,0.09894736894736843,0.631578947368421
P1073,2017-04-09,0.08772727304545455,0.45454545454545453
P1073,2017-04-10,0.155000001125,0.5
P1073,2017-04-11,0.08714285785714285,0.5714285714285714
P1073,2017-04-12,0.12375000012500001,0.875
P1073,2017-04-13,0.09947368463157895,0.3684210526315789
P1073,2017-04-14,0.09894736894736843,0.5789473684210527
P1073,2017-04-15,0.10166666716666667,0.4444444444444444
P1073,2017-04-16,0.10111111181481482,0.48148148148148145
P1073,2017-04-17,0.10700000055,0.25
P1073,2017-04-18,0.09000000033333334,0.6
P1073,2017-04-19,0.0906249999375,0.625
P1073,2017-04-20,0.14444444566666667,0.3333333333333333
P1073,2017-04-21,0.10235294147058824,0.5294117647058824
P1073,2017-04-22,0.09866666773333334,0.6
P1073,2017-04-23,0.10200000000000001,0.6
P1073,2017-04-24,0.10900000030000001,0.35
P1073,2017-04-25,0.0943750005625,0.5625
P1073,2017-04-26,0.090625000875,0.5
P1073,2017-04-27,0.09037037048148147,0.6666666666666666
P1073,2017-04-28,0.1336363642727273,0.2727272727272727
P1073,2017-04-29,0.09846153915384616,0.6153846153846154
P1073,2017-04-30,0.10166666716666667,0.3888888888888889
P1073,2017-05-01,0.1038095239047619,0.6190476190476191
P1073,2017-05-02,0.10230769307692308,0.6153846153846154
P1073,2017-05-03,0.093333334,0.6666666666666666
P1073,2017-05-04,0.10777777844444444,0.4444444444444444
P1073,2017-05-05,0.10000000036842105,0.6842105263157895
P1073,2017-05-06,0.10600000089999999,0.5
P1073,2017-05-07,0.10850000060000001,0.65
P1073,2017-05-08,0.10176470635294117,0.47058823529411764
P1073,2017-05-09,0.11150000035,0.35
P1073,2017-05-10,0.08166666733333333,0.4166666666666667
P1073,2017-05-11,0.1025000004375,0.375
P1073,2017-05-12,0.09153846146153846,0.5384615384615384
P1073,2017-05-13,0.11230769307692309,0.6153846153846154
P1073,2017-05-14,0.11230769261538462,0.5384615384615384
P1073,2017-05-15,0.10473684289473685,0.3157894736842105
P1073,2017-05-16,0.10562500025,0.5
P1073,2017-05-17,0.09500000071428572,0.6428571428571429
P1073,2017-05-18,0.10421052710526316,0.5263157894736842
P1073,2017-05-19,0.07333333258333334,0.8333333333333334
P1073,2017-05-20,0.11692307769230768,0.6153846153846154
P1073,2017-05-21,0.10166666716666667,0.6666666666666666
P1073,2017-05-22,0.09590909131818183,0.5909090909090909
P1073,2017-05-23,0.11692307769230768,0.6923076923076923
P1073,2017-05-24,0.087647059,0.5294117647058824
P1073,2017-05-25,0.09714285757142857,0.47619047619047616
P1073,2017-05-26,0.10266666733333334,0.4
P1073,2017-05-27,0.12076923146153848,0.5384615384615384
P1073,2017-05-28,0.137500000375,0.625
P1073,2017-05-29,0.05700000000000001,0.5
P1073,2017-05-30,0.12636363713636364,0.5
P1073,2017-05-31,0.06250000033333333,0.5833333333333334
P1073,2017-06-01,0.13307692392307693,0.38461538461538464
P1073,2017-06-02,0.09142857176190476,0.38095238095238093
P1073,2017-06-03,0.1122222227037037,0.4074074074074074
P1073,2017-06-04,0.1050000008125,0.4375
P1073,2017-06-05,0.09714285807142857,0.5714285714285714
P1073,2017-06-06,0.09125000025,0.375
P1073,2017-06-07,0.0969999998,0.3
P1073,2017-06-08,0.11363636390909092,0.7272727272727273
P1073,2017-06-09,0.10157894789473684,0.5263157894736842
P1073,2017-06-10,0.10000000084615385,0.15384615384615385
P1073,2017-06-11,0.1055000005,0.4
P1073,2017-06-12,0.10055555583333334,0.3888888888888889
P1073,2017-06-13,0.10176470635294117,0.4117647058823529
P1073,2017-06-14,0.05142857171428571,0.5714285714285714
P1073,2017-06-15,0.13636363763636364,0.18181818181818182
P1073,2017-06-16,0.0950000011,0.7
P1073,2017-06-17,0.07000000025,0.5
P1073,2017-06-18,0.13307692392307693,0.38461538461538464
P1073,2017-06-19,0.09500000066666667,0.6111111111111112
P1073,2017-06-20,0.11500000071428572,0.5714285714285714
P1073,2017-06-21,0.10250000025,0.5625
P1073,2017-06-22,0.09071428678571428,0.5
P1073,2017-06-23,0.09307692346153845,0.5769230769230769
P1073,2017-06-24,0.11400000066666666,0.7333333333333333
P1073,2017-06-25,0.07142857257142857,0.5714285714285714
P1073,2017-06-26,0.09764705923529413,0.5882352941176471
P1073,2017-06-27,0.10416666708333333,0.5833333333333334
P1073,2017-06-28,0.108125000625,0.5625
P1073,2017-06-29,0.1114285717142857,0.5714285714285714
P1073,2017-06-30,0.07666666716666666,0.5
P1073,2017-07-01,0.09588235329411765,0.23529411764705882
P1073,2017-07-02,0.12000000080952382,0.42857142857142855
P1073,2017-07-03,0.08923076907692308,0.46153846153846156
P1073,2017-07-04,0.1038461543076923,0.5384615384615384
P1073,2017-07-05,0.09300000045,0.65
P1073,2017-07-06,0.09631578994736842,0.631578947368421
P1073,2017-07-07,0.11368421131578947,0.42105263157894735
P1073,2017-07-08,0.0956250003125,0.8125
P1073,2017-07-09,0.11416666716666667,0.75
P1073,2017-07-10,0.09454545531818183,0.5
P1073,2017-07-11,0.09500000066666667,0.3888888888888889
P1073,2017-07-12,0.088571429,0.5714285714285714
P1073,2017-07-13,0.13307692392307693,0.7692307692307693
P1073,2017-07-14,0.1100000010909091,0.7272727272727273
P1073,2017-07-15,0.07461538423076923,0.6923076923076923
P1073,2017-07-16,0.11666666775000001,0.16666666666666666
P1073,2017-07-17,0.11818181890909091,0.5454545454545454
P1073,2017-07-18,0.1026315792631579,0.47368421052631576
P1073,2017-07-19,0.10166666716666667,0.6666666666666666
P1073,2017-07-20,0.096000001,0.7
P1073,2017-07-21,0.087142857,0.35714285714285715
P1073,2017-07-22,0.10736842194736843,0.5263157894736842
P1073,2017-07-23,0.1100000006190476,0.47619047619047616
P1073,2017-07-24,0.10166666716666667,0.3333333333333333
P1073,2017-07-25,0.10999999925000001,0.25
P1073,2017-07-26,0.029999999714285717,0.7142857142857143
P1073,2017-07-27,0.1662500015,0.5
P1073,2017-07-28,0.097500000375,0.625
P1073,2017-07-29,0.07666666716666666,0.5
P1073,2017-07-30,0.11444444455555557,0.4444444444444444
P1073,2017-07-31,0.11000000076923078,0.46153846153846156
P1073,2017-08-01,0.08695652213043478,0.5217391304347826
P1073,2017-08-02,0.12416666724999999,0.5
P1073,2017-08-03,0.08333333433333334,0.8333333333333334
P1073,2017-08-04,0.07357142835714285,0.5714285714285714
P1073,2017-08-05,0.12071428642857143,0.5357142857142857
P1073,2017-08-06,0.1087500003125,0.6875
P1073,2017-08-07,0.09000000107692308,0.3076923076923077
P1073,2017-08-08,0.10700000055,0.6
P1073,2017-08-09,0.10173913069565217,0.5217391304347826
P1073,2017-08-10,0.08615384623076923,0.6153846153846154
P1073,2017-08-11,0.09181818213636364,0.5
P1073,2017-08-12,0.11230769261538462,0.38461538461538464
P1073,2017-08-13,0.10350000070000001,0.4
P1073,2017-08-14,0.10437500031250001,0.6875
P1073,2017-08-15,0.0940000005,0.3
P1073,2017-08-16,0.0940000004,0.35
P1073,2017-08-17,0.11400000066666666,0.26666666666666666
P1073,2017-08-18,0.12727272772727274,0.7272727272727273
P1073,2017-08-19,0.087500001,0.5
P1073,2017-08-20,0.08800000026666667,0.6
P1073,2017-08-21,0.11291666741666667,0.375
P1073,2017-08-22,0.08960000016,0.48
P1073,2017-08-23,0.11153846215384615,0.5384615384615384
P1073,2017-08-24,0.10466666713333334,0.6
P1073,2017-08-25,0.12416666724999999,0.5
P1073,2017-08-26,0.10263157968421052,0.8947368421052632
P1073,2017-08-27,0.10352941229411765,0.6470588235294118
P1073,2017-08-28,0.09916666708333333,0.16666666666666666
P1073,2017-08-29,0.08714285785714285,0.5
P1073,2017-08-30,0.08785714235714286,0.5714285714285714
P1073,2017-08-31,0.11692307769230768,0.6153846153846154
P1073,2017-09-01,0.0978947372631579,0.42105263157894735
P1073,2017-09-02,0.12666666822222222,0.4444444444444444
P1073,2017-09-03,0.09000000033333334,0.6
P1073,2017-09-04,0.08571428564285714,0.5714285714285714
P1073,2017-09-05,0.11105263210526314,0.8421052631578947
P1073,2017-09-06,0.0906249999375,0.5625
P1073,2017-09-07,0.10166666716666667,0.7222222222222222
P1073,2017-09-08,0.092941177,0.4117647058823529
P1073,2017-09-09,0.11368421131578947,0.47368421052631576
P1073,2017-09-10,0.11090909127272729,0.4090909090909091
P1073,2017-09-11,0.10166666716666667,0.5
P1073,2017-09-12,0.06999999999999999,0.5833333333333334
P1073,2017-09-13,0.10684210589473683,0.42105263157894735
P1073,2017-09-14,0.13000000088888888,0.6666666666666666
P1073,2017-09-15,0.0975000005,0.5833333333333334
P1073,2017-09-16,0.0937500006875,0.5
P1073,2017-09-17,0.07999999993333334,0.3333333333333333
P1073,2017-09-18,0.162222223,0.7777777777777778
P1073,2017-09-19,0.1006250006875,0.5625
P1073,2017-09-20,0.10000000082352942,0.7058823529411765
P1073,2017-09-21,0.09800000024,0.52
P1073,2017-09-22,0.11142857178571429,0.5714285714285714
P1073,2017-09-23,0.08333333433333334,0.75
P1073,2017-09-24,0.10363636363636365,0.8181818181818182
P1073,2017-09-25,0.09000000038095239,0.38095238095238093
P1073,2017-09-26,0.10400000044999999,0.6
P1073,2017-09-27,0.15857142942857141,0.5714285714285714
P1073,2017-09-28,0.05222222255555556,0.6666666666666666
P1073,2017-09-29,0.11750000057142858,0.4642857142857143
P1073,2017-09-30,0.09500000071428572,0.5714285714285714
P1073,2017-10-01,0.09823529488235294,0.35294117647058826
P1073,2017-10-02,0.10999999975,0.375
P116,2015-01-05,0.08999999733333335,1.0
P116,2015-01-16,0.09000000000000001,0.6666666666666666
P116,2015-01-17,0.086666664,0.6666666666666666
P116,2015-01-18,0.0,1.0
P116,2015-01-19,0.0500000005,0.5
P116,2015-01-21,0.25,1.0
P116,2015-01-26,0.07,1.0
P116,2015-01-27,0.090000004,1.0
P116,2015-01-31,0.150000006,0.0
P116,2015-02-01,0.059999999,1.0
P116,2015-02-06,0.129999995,1.0
P116,2015-02-07,0.1250000035,1.0
P116,2015-02-12,0.119999997,0.0
P116,2015-02-15,0.050000001,1.0
P116,2015-02-18,0.039999999,1.0
P116,2015-02-21,0.050000001,1.0
P116,2015-02-28,0.090000004,1.0
P116,2015-03-01,0.129999995,0.0
P116,2015-03-04,0.07,0.0
P116,2015-03-07,0.060000000500000004,0.5
P116,2015-03-17,0.124999996,0.5
P116,2015-03-19,0.0850000005,0.0
P116,2015-03-20,0.059999999,0.0
P116,2015-03-21,0.02,1.0
P116,2015-03-26,0.0250000005,1.0
P116,2015-03-27,0.01,1.0
P116,2015-03-28,0.25,1.0
P116,2015-03-31,0.039999999,0.0
P116,2015-04-01,0.115000001,0.5
P116,2015-04-02,0.0249999995,0.5
P116,2015-04-03,0.07,0.0
P116,2015-04-24,0.200000003,1.0
P116,2015-04-26,0.0,0.0
P116,2015-05-01,0.050000001,1.0
P116,2015-05-09,0.129999995,0.0
P116,2015-05-15,0.119999997,1.0
P116,2015-05-16,0.25,1.0
P116,2015-05-19,0.170000002,1.0
P116,2015-05-20,0.090000004,1.0
P116,2015-05-30,0.100000001,0.0
P116,2015-06-01,0.150000006,1.0
P116,2015-06-03,0.059999999,0.0
P116,2015-06-04,0.090000004,0.0
P116,2015-06-05,0.04,1.0
P116,2015-06-11,0.02,1.0
P116,2015-06-16,0.01,0.0
P116,2015-06-17,0.0,0.0
P116,2015-06-27,0.129999995,1.0
P116,2015-06-30,0.25,1.0
P116,2015-07-01,0.039999999,0.0
P116,2015-07-06,0.119999997,1.0
P116,2015-07-07,0.100000001,1.0
P116,2015-07-08,0.090000004,0.0
P116,2015-07-09,0.13500000150000002,0.5
P116,2015-07-11,0.0,1.0
P116,2015-07-13,0.25,1.0
P116,2015-07-20,0.170000002,0.0
P116,2015-07-23,0.190000005,0.0
P116,2015-07-25,0.159999996,1.0
P116,2015-07-26,0.150000006,0.0
P116,2015-07-28,0.150000006,0.0
P116,2015-07-29,0.129999995,1.0
P116,2015-07-30,0.039999999,1.0
P116,2015-08-02,0.050000001,0.0
P116,2015-08-04,0.029999999,1.0
P116,2015-08-07,0.02,1.0
P116,2015-08-11,0.01,0.0
P116,2015-08-13,0.119999997,1.0
P116,2015-08-15,0.129999995,1.0
P116,2015-08-18,0.039999999,1.0
P116,2015-08-19,0.119999997,1.0
P116,2015-08-20,0.090000004,0.0
P116,2015-08-27,0.050000001,1.0
P116,2015-08-28,0.13,1.0
P116,2015-09-12,0.115000001,0.5
P116,2015-09-13,0.015,0.5
P116,2015-09-15,0.0250000005,1.0
P116,2015-09-16,0.25,1.0
P116,2015-09-19,0.1350000055,1.0
P116,2015-09-26,0.130000001,0.0
P116,2015-09-27,0.180000007,0.0
P116,2015-09-28,0.170000002,1.0
P116,2015-10-01,0.050000001,1.0
P116,2015-10-06,0.150000006,0.0
P116,2015-10-08,0.129999995,0.0
P116,2015-10-09,0.159999996,0.0
P116,2015-10-12,0.150000006,1.0
P116,2015-10-21,0.100000001,1.0
P116,2015-10-26,0.029999999,0.0
P116,2015-10-31,0.0749999975,0.5
P116,2015-11-07,0.02,0.0
P116,2015-11-08,0.129999995,0.0
P116,2015-11-11,0.119999997,0.0
P116,2015-11-13,0.100000001,1.0
P116,2015-11-16,0.050000001,1.0
P116,2015-11-19,0.100000001,0.0
P116,2015-11-22,0.029999999,0.0
P116,2015-11-27,0.080000002,0.5
P116,2015-11-28,0.059999999,1.0
P116,2015-12-07,0.039999999,1.0
P116,2015-12-10,0.180000007,0.0
P116,2015-12-11,0.005,0.5
P116,2015-12-12,0.12000000100000001,0.5
P116,2015-12-13,0.159999996,1.0
P116,2015-12-18,0.159999996,1.0
P116,2015-12-19,0.1050000025,0.5
P116,2015-12-20,0.129999995,1.0
P116,2015-12-23,0.159999996,1.0
P116,2015-12-26,0.119999997,0.0
P116,2015-12-31,0.029999999,0.0
P116,2016-01-01,0.129999995,0.0
P116,2016-01-03,0.01,0.0
P116,2016-01-04,0.0,1.0
P116,2016-01-05,0.25,1.0
P116,2016-01-17,0.090000004,1.0
P116,2016-01-18,0.090000004,1.0
P116,2016-01-22,0.07,0.0
P116,2016-01-26,0.039999999,1.0
P116,2016-01-30,0.059999999,0.0
P116,2016-02-09,0.02,0.0
P116,2016-02-14,0.200000003,1.0
P116,2016-02-16,0.045000000000000005,0.0
P116,2016-02-19,0.005,0.5
P116,2016-02-20,0.120000003,0.5
P116,2016-02-22,0.2250000015,0.0
P116,2016-02-27,0.159999996,0.0
P116,2016-02-28,0.164999999,0.0
P116,2016-03-03,0.170000002,0.0
P116,2016-03-04,0.150000006,1.0
P116,2016-03-10,0.179999997,1.0
P116,2016-03-11,0.150000006,0.0
P116,2016-03-14,0.100000001,0.0
P116,2016-03-15,0.090000004,1.0
P116,2016-03-19,0.200000003,1.0
P116,2016-03-23,0.119999997,0.0
P116,2016-03-26,0.180000007,1.0
P116,2016-03-28,0.170000002,1.0
P116,2016-04-01,0.119999997,0.0
P116,2016-04-03,0.159999996,1.0
P116,2016-04-05,0.049999999,1.0
P116,2016-04-11,0.100000001,1.0
P116,2016-04-13,0.150000006,1.0
P116,2016-04-15,0.129999995,0.0
P116,2016-04-18,0.029999999,0.0
P116,2016-04-19,0.050000001,1.0
P116,2016-04-20,0.053333334,0.6666666666666666
P116,2016-04-21,0.07,0.0
P116,2016-04-25,0.0649999985,1.0
P116,2016-04-26,0.059999999,1.0
P116,2016-04-28,0.100000001,0.0
P116,2016-04-29,0.100000001,1.0
P116,2016-05-01,0.0,1.0
P116,2016-05-07,0.07,1.0
P116,2016-05-08,0.059999999,0.0
P116,2016-05-12,0.25,1.0
P116,2016-05-13,0.200000003,1.0
P116,2016-05-17,0.01,1.0
P116,2016-05-18,0.07,0.0
P116,2016-05-23,0.029999999,1.0
P116,2016-05-27,0.25,0.0
P116,2016-05-28,0.200000003,1.0
P116,2016-06-03,0.01,0.0
P116,2016-06-04,0.159999996,0.0
P116,2016-06-06,0.25,1.0
P116,2016-06-08,0.029999999,0.0
P116,2016-06-10,0.02,1.0
P116,2016-06-15,0.1000000015,0.5
P116,2016-06-16,0.159999996,1.0
P116,2016-06-17,0.150000006,1.0
P116,2016-06-22,0.129999995,0.0
P116,2016-06-23,0.25,1.0
P116,2016-06-27,0.0,0.0
P116,2016-06-28,0.119999997,1.0
P116,2016-06-29,0.200000003,1.0
P116,2016-07-01,0.25,1.0
P116,2016-07-02,0.150000006,0.0
P116,2016-07-12,0.129999995,1.0
P116,2016-07-13,0.1449999995,0.0
P116,2016-07-14,0.159999996,0.0
P116,2016-07-15,0.150000006,0.0
P116,2016-07-17,0.100000001,1.0
P116,2016-07-18,0.100000001,0.0
P116,2016-07-22,0.1099999995,0.5
P116,2016-07-27,0.119999997,0.0
P116,2016-07-29,0.0950000025,1.0
P116,2016-08-06,0.12000000100000001,1.0
P116,2016-08-10,0.059999999,0.0
P116,2016-08-25,0.039999999,1.0
P116,2016-08-26,0.029999999,0.0
P116,2016-08-30,0.050000001,0.0
P116,2016-08-31,0.0299999995,1.0
P116,2016-09-01,0.029999999,0.0
P116,2016-09-04,0.159999996,0.0
P116,2016-09-07,0.039999999,1.0
P116,2016-09-10,0.150000006,1.0
P116,2016-09-15,0.0749999975,0.5
P116,2016-09-16,0.045,1.0
P116,2016-09-17,0.0,0.0
P116,2016-09-20,0.02,1.0
P116,2016-09-22,0.100000001,0.0
P116,2016-09-25,0.200000003,1.0
P116,2016-09-29,0.25,0.0
P116,2016-10-06,0.200000003,0.0
P116,2016-10-07,0.059999999,1.0
P116,2016-10-08,0.050000001,0.0
P116,2016-10-09,0.039999999,0.0
P116,2016-10-12,0.180000007,1.0
P116,2016-10-14,0.029999999,1.0
P116,2016-10-18,0.01,1.0
P116,2016-10-24,0.0,1.0
P116,2016-11-02,0.1400000005,0.0
P116,2016-11-06,0.119999997,0.0
P116,2016-11-07,0.25,1.0
P116,2016-11-10,0.200000003,1.0
P116,2016-11-12,0.090000004,0.0
P116,2016-11-16,0.159999996,1.0
P116,2016-11-19,0.1750000045,0.5
P116,2016-11-20,0.159999996,0.0
P116,2016-11-24,0.150000006,0.0
P116,2016-11-26,0.170000002,0.0
P116,2016-12-02,0.170000002,0.0
P116,2016-12-03,0.129999995,0.0
P116,2016-12-04,0.1399999965,0.0
P116,2016-12-06,0.100000001,1.0
P116,2016-12-07,0.150000006,1.0
P116,2016-12-09,0.119999997,0.0
P116,2016-12-13,0.08,0.5
P116,2016-12-17,0.129999995,0.0
P116,2016-12-19,0.039999999,0.0
P116,2016-12-20,0.100000001,0.0
P116,2016-12-24,0.0399999995,1.0
P116,2017-01-03,0.100000001,0.0
P116,2017-01-07,0.0349999995,0.5
P116,2017-01-09,0.0650000015,0.5
P116,2017-01-10,0.0,1.0
P116,2017-01-15,0.029999999,1.0
P116,2017-01-18,0.06000000133333333,0.6666666666666666
P116,2017-01-19,0.039999999,1.0
P116,2017-01-20,0.029999999,0.0
P116,2017-01-30,0.059999999,0.0
P116,2017-01-31,0.050000001,1.0
P116,2017-02-01,0.200000003,1.0
P116,2017-02-02,0.07,1.0
P116,2017-02-03,0.110000003,1.0
P116,2017-02-06,0.08499999800000001,1.0
P116,2017-02-08,0.150000006,0.0
P116,2017-02-09,0.029999999,0.0
P116,2017-02-10,0.02,1.0
P116,2017-02-12,0.0,1.0
P116,2017-02-24,0.089999998,0.5
P116,2017-02-27,0.0,1.0
P116,2017-03-01,0.200000003,0.0
P116,2017-03-02,0.25,0.0
P116,2017-03-04,0.1750000005,1.0
P116,2017-03-09,0.180000007,1.0
P116,2017-03-12,0.200000003,1.0
P116,2017-03-15,0.090000004,0.0
P116,2017-03-16,0.180000007,1.0
P116,2017-03-23,0.170000002,0.0
P116,2017-04-02,0.07,0.0
P116,2017-04-05,0.129999995,1.0
P116,2017-04-06,0.050000001,0.0
P116,2017-04-11,0.0,0.0
P116,2017-04-13,0.25,1.0
P116,2017-04-14,0.119999997,0.0
P116,2017-04-15,0.200000003,0.0
P116,2017-04-20,0.150000006,0.0
P127,2017-09-11,0.100000001,1.0
P127,2017-09-12,0.090000004,0.0
P127,2017-09-13,0.0649999995,0.0
P127,2017-09-15,0.02499999983333333,0.5
P127,2017-09-16,0.25,1.0
P127,2017-09-18,0.18333333733333335,1.0
P127,2017-09-22,0.159999996,1.0
P127,2017-09-23,0.150000006,1.0
P127,2017-09-24,0.11666666433333334,0.6666666666666666
P127,2017-09-25,0.090000004,0.0
P127,2017-09-26,0.07,0.0
P127,2017-09-27,0.0449999995,0.5
P127,2017-09-28,0.015,0.0
P134,2015-01-01,0.129999995,0.0
P134,2015-01-03,0.039999999,1.0
P134,2015-01-04,0.200000003,0.0
P134,2015-01-05,0.100000001,0.0
P134,2015-01-10,0.029999999,1.0
P134,2015-01-11,0.119999997,0.0
P134,2015-01-12,0.0950000025,0.5
P134,2015-01-14,0.02,1.0
P134,2015-01-15,0.100000001,1.0
P134,2015-01-16,0.129999995,1.0
P134,2015-01-24,0.019999999666666667,0.3333333333333333
P134,2015-01-30,0.039999999,1.0
P134,2015-01-31,0.159999996,1.0
P134,2015-02-02,0.029999999,1.0
P134,2015-02-20,0.01,0.0
P134,2015-03-12,0.180000007,1.0
P134,2015-03-13,0.25,0.0
P134,2015-03-23,0.029999999,1.0
P134,2015-03-25,0.033333333,0.3333333333333333
P134,2015-03-26,0.01,0.0
P134,2015-03-28,0.1750000045,0.0
P134,2015-03-31,0.25,0.0
P134,2015-04-03,0.1750000045,0.0
P134,2015-04-07,0.119999997,1.0
P134,2015-04-10,0.129999995,0.0
P134,2015-04-11,0.050000001,1.0
P134,2015-04-13,0.100000001,1.0
P134,2015-04-21,0.150000006,1.0
P134,2015-04-25,0.01,0.0
P134,2015-04-26,0.039999999,1.0
P134,2015-05-01,0.119999997,1.0
P134,2015-05-03,0.100000001,0.0
P134,2015-05-04,0.129999995,1.0
P134,2015-05-07,0.029999999,0.0
P134,2015-05-10,0.119999997,0.0
P134,2015-05-14,0.0850000005,0.5
P134,2015-05-15,0.02,0.0
P134,2015-05-17,0.090000004,0.0
P134,2015-05-19,0.01,0.0
P134,2015-05-24,0.02,1.0
P134,2015-05-26,0.0299999995,0.5
P134,2015-05-27,0.119999997,1.0
P134,2015-05-28,0.01,1.0
P134,2015-06-02,0.170000002,1.0
P134,2015-06-04,0.050000001,1.0
P134,2015-06-09,0.05333333233333334,1.0
P134,2015-06-10,0.02,0.0
P134,2015-06-13,0.039999999,0.0
P134,2015-06-21,0.07,1.0
P134,2015-06-22,0.0,0.0
P134,2015-06-28,0.09333333333333334,0.6666666666666666
P134,2015-06-29,0.25,0.0
P134,2015-07-01,0.25,1.0
P134,2015-07-04,0.0,1.0
P134,2015-07-07,0.190000005,1.0
P134,2015-07-14,0.090000004,0.0
P134,2015-07-24,0.1700000015,0.5
P134,2015-07-26,0.160000004,0.5
P134,2015-08-01,0.029999999,0.0
P134,2015-08-05,0.159999996,1.0
P134,2015-08-09,0.10333333466666667,0.3333333333333333
P134,2015-08-11,0.159999996,1.0
P134,2015-08-19,0.180000007,0.0
P134,2015-08-25,0.050000001,0.0
P134,2015-08-27,0.090000004,1.0
P134,2015-08-28,0.029999999,1.0
P134,2015-08-29,0.150000006,1.0
P134,2015-08-30,0.129999995,1.0
P134,2015-09-03,0.164999999,0.0
P134,2015-09-05,0.059999999,1.0
P134,2015-09-09,0.050000001,1.0
P134,2015-09-12,0.090000004,1.0
P134,2015-09-14,0.25,0.0
P134,2015-09-18,0.07,1.0
P134,2015-09-23,0.050000001,1.0
P134,2015-09-25,0.039999999,0.0
P134,2015-10-03,0.050000001,1.0
P134,2015-10-06,0.159999996,0.0
P134,2015-10-13,0.02,1.0
P134,2015-10-16,0.050000001,0.0
P134,2015-10-17,0.0,1.0
P134,2015-10-25,0.180000007,1.0
P134,2015-10-26,0.050000001,0.0
P134,2015-10-27,0.07,1.0
P134,2015-10-30,0.02,0.0
P134,2015-11-03,0.200000003,0.0
P134,2015-11-09,0.01,1.0
P134,2015-11-12,0.0,0.0
P134,2015-11-13,0.119999997,1.0
P134,2015-11-17,0.02,0.0
P134,2015-11-20,0.039999999,0.0
P134,2015-11-21,0.125,0.0
P134,2015-11-22,0.180000007,1.0
P134,2015-11-27,0.0,1.0
P134,2015-12-02,0.200000003,0.0
P134,2015-12-03,0.150000006,1.0
P134,2015-12-04,0.100000001,1.0
P134,2015-12-07,0.170000002,1.0
P134,2015-12-08,0.159999996,1.0
P134,2015-12-09,0.159999996,0.0
P134,2015-12-11,0.1250000035,1.0
P134,2015-12-12,0.129999995,0.0
P134,2015-12-15,0.119999997,1.0
P134,2015-12-18,0.190000005,1.0
P134,2015-12-19,0.129999995,1.0
P134,2015-12-21,0.150000006,1.0
P134,2015-12-22,0.129999995,1.0
P134,2015-12-23,0.02,1.0
P134,2015-12-30,0.100000001,0.0
P134,2015-12-31,0.090000004,1.0
P134,2016-01-01,0.07,0.0
P134,2016-01-02,0.100000001,1.0
P134,2016-01-05,0.114999998,0.5
P134,2016-01-07,0.059999999,0.0
P134,2016-01-08,0.050000001,1.0
P134,2016-01-13,0.129999995,1.0
P134,2016-01-19,0.02,1.0
P134,2016-01-28,0.079999998,0.5
P134,2016-01-29,0.039999999,1.0
P134,2016-01-31,0.01,1.0
P134,2016-02-05,0.100000001,1.0
P134,2016-02-13,0.039999999,1.0
P134,2016-02-16,0.25,0.0
P134,2016-02-25,0.170000002,1.0
P134,2016-03-04,0.100000001,1.0
P134,2016-03-08,0.07666666766666667,1.0
P134,2016-03-09,0.0,1.0
P134,2016-03-11,0.200000003,1.0
P134,2016-03-12,0.150000006,1.0
P134,2016-03-15,0.129999995,0.0
P134,2016-03-17,0.07,1.0
P134,2016-03-22,0.25,0.0
P134,2016-03-30,0.0699999985,1.0
P134,2016-04-03,0.01,1.0
P134,2016-04-09,0.180000007,1.0
P134,2016-04-11,0.090000004,0.0
P134,2016-04-13,0.200000003,1.0
P134,2016-04-14,0.119999997,0.0
P134,2016-04-20,0.100000001,0.0
P134,2016-04-24,0.090000004,0.0
P134,2016-04-25,0.01,0.0
P134,2016-04-27,0.07,0.0
P134,2016-05-03,0.049999999,1.0
P134,2016-05-09,0.20000000299999998,0.0
P134,2016-05-12,0.07,0.0
P134,2016-05-15,0.029999999,1.0
P134,2016-05-17,0.119999997,1.0
P134,2016-05-31,0.15499999949999999,0.5
P134,2016-06-06,0.200000003,1.0
P134,2016-06-09,0.090000004,0.0
P134,2016-06-10,0.150000006,1.0
P134,2016-06-11,0.1099999995,0.5
P134,2016-06-15,0.180000007,1.0
P134,2016-06-22,0.059999999,0.0
P134,2016-06-24,0.180000007,1.0
P134,2016-06-26,0.07,0.0
P134,2016-06-29,0.01,1.0
P134,2016-06-30,0.170000002,1.0
P134,2016-07-02,0.059999999,1.0
P134,2016-07-03,0.100000001,0.0
P134,2016-07-07,0.0,1.0
P134,2016-07-09,0.17000000199999998,0.5
P134,2016-07-14,0.150000006,1.0
P134,2016-07-19,0.039999999,1.0
P134,2016-07-20,0.029999999,1.0
P134,2016-07-21,0.029999999,0.0
P134,2016-07-23,0.100000001,1.0
P134,2016-07-24,0.04,0.5
P134,2016-07-26,0.039999999,0.0
P134,2016-07-27,0.07,1.0
P134,2016-08-04,0.200000003,1.0
P134,2016-08-09,0.02,1.0
P134,2016-08-10,0.039999999,0.0
P134,2016-08-13,0.046666666333333336,1.0
P134,2016-08-17,0.125000002,1.0
P134,2016-08-19,0.039999999,1.0
P134,2016-08-20,0.159999996,0.0
P134,2016-08-22,0.01,0.0
P134,2016-08-24,0.25,0.0
P134,2016-08-31,0.25,0.0
P134,2016-09-01,0.200000003,0.0
P134,2016-09-05,0.119999997,0.0
P134,2016-09-06,0.02,0.0
P134,2016-09-08,0.200000003,1.0
P134,2016-09-10,0.180000007,0.0
P134,2016-09-12,0.059999999,1.0
P134,2016-09-15,0.129999995,1.0
P134,2016-09-17,0.050000001,1.0
P134,2016-09-25,0.0,1.0
P134,2016-09-26,0.159999996,0.0
P134,2016-09-28,0.119999997,0.0
P134,2016-10-10,0.153333336,0.6666666666666666
P134,2016-10-11,0.150000006,0.0
P134,2016-10-22,0.180000007,1.0
P134,2016-10-30,0.119999997,0.0
P134,2016-11-03,0.150000006,0.0
P134,2016-11-04,0.100000001,0.0
P134,2016-11-06,0.090000004,0.0
P134,2016-11-10,0.119999997,0.0
P134,2016-11-11,0.07,1.0
P134,2016-11-12,0.129999995,0.0
P134,2016-11-20,0.029999999,1.0
P134,2016-11-26,0.090000004,1.0
P134,2016-11-27,0.039999999,1.0
P134,2016-11-28,0.0,1.0
P134,2016-12-06,0.08,1.0
P134,2016-12-10,0.25,0.0
P134,2016-12-14,0.07,0.0
P134,2016-12-16,0.059999999,0.0
P134,2016-12-22,0.050000001,1.0
P134,2016-12-31,0.039999999,0.0
P134,2017-01-05,0.050000001,0.0
P134,2017-01-09,0.059999999,1.0
P134,2017-01-10,0.02,1.0
P134,2017-01-12,0.0,1.0
P134,2017-01-15,0.029999999,0.0
P134,2017-01-30,0.25,0.0
P134,2017-02-05,0.015,1.0
P134,2017-02-06,0.0399999995,1.0
P134,2017-02-08,0.200000003,0.0
P134,2017-02-09,0.100000001,1.0
P134,2017-02-13,0.01,1.0
P134,2017-02-24,0.0900000035,1.0
P134,2017-02-26,0.170000002,0.0
P134,2017-03-02,0.159999996,0.0
P134,2017-03-06,0.159999996,1.0
P134,2017-03-09,0.07,1.0
P134,2017-03-10,0.25,0.0
P134,2017-03-30,0.150000006,1.0
P134,2017-04-05,0.25,0.0
P134,2017-04-06,0.150000006,0.0
P134,2017-04-07,0.050000001,0.0
P134,2017-04-08,0.129999995,1.0
P134,2017-04-12,0.0850000005,1.0
P134,2017-04-17,0.02,0.0
P134,2017-04-22,0.0,0.0
P1346,2017-10-02,0.09727272772727272,0.6666666666666666
P1346,2017-10-03,0.10617647114705883,0.5882352941176471
P1346,2017-10-04,0.10347826139130435,0.5362318840579711
P1346,2017-10-05,0.10117647116176472,0.5735294117647058
P1346,2017-10-06,0.09913043524637681,0.5507246376811594
P1346,2017-10-07,0.170000002,0.0
P1346,2017-12-15,0.09090909063636364,0.9090909090909091
P1346,2017-12-16,0.10500000055882353,0.5
P1346,2017-12-17,0.10166666716666667,0.5
P1347,2017-10-07,0.10776119459701493,0.4626865671641791
P1347,2017-10-08,0.1100000006,0.26666666666666666
P1347,2017-12-17,0.10156862794117646,0.6666666666666666
P1347,2017-12-18,0.09867647113235295,0.5588235294117647
P1347,2017-12-19,0.13833333283333335,0.3333333333333333
P1348,2017-10-08,0.10166666716666667,0.46296296296296297
P1348,2017-10-09,0.10294117694117647,0.5588235294117647
P1348,2017-10-10,0.06545454572727273,0.7272727272727273
P1348,2017-12-19,0.10777777838095237,0.4126984126984127
P1348,2017-12-20,0.10117647116176472,0.5735294117647058
P1348,2017-12-21,0.08857142814285715,0.7142857142857143
P1349,2017-10-10,0.10017241432758621,0.6379310344827587
P1349,2017-10-11,0.10294117694117647,0.5441176470588235
P1349,2017-10-12,0.10028985562318841,0.6231884057971014
P1349,2017-10-13,0.09720588276470588,0.6764705882352942
P1349,2017-10-14,0.10231884110144927,0.6086956521739131
P1349,2017-10-15,0.10558823583823529,0.6617647058823529
P1349,2017-10-16,0.10289855120289856,0.43478260869565216
P1349,2017-10-17,0.10029411819117647,0.5147058823529411
P1349,2017-10-18,0.1036842110263158,0.4473684210526316
P1349,2017-12-21,0.10000000082352942,0.7058823529411765
P135,2015-01-02,0.125,0.0
P135,2015-01-03,0.200000003,0.0
P135,2015-01-04,0.01,0.0
P135,2015-01-06,0.0,0.0
P135,2015-01-08,0.0,0.0
P135,2015-01-11,0.159999996,0.0
P135,2015-01-14,0.180000007,1.0
P135,2015-01-23,0.25,1.0
P135,2015-01-30,0.170000002,0.0
P135,2015-02-02,0.150000006,0.0
P135,2015-02-03,0.159999996,1.0
P135,2015-02-05,0.20000000299999998,0.5
P135,2015-02-08,0.129999995,1.0
P135,2015-02-09,0.119999997,1.0
P135,2015-02-10,0.200000003,0.0
P135,2015-02-11,0.180000007,0.0
P135,2015-02-12,0.1000000015,0.5
P135,2015-02-13,0.164999999,1.0
P135,2015-02-14,0.25,0.0
P135,2015-02-17,0.119999997,1.0
P135,2015-02-19,0.180000007,0.0
P135,2015-02-21,0.200000003,0.0
P135,2015-02-24,0.170000002,0.0
P135,2015-02-25,0.100000001,0.0
P135,2015-02-26,0.180000007,1.0
P135,2015-03-06,0.150000006,1.0
P135,2015-03-08,0.129999995,1.0
P135,2015-03-12,0.170000002,1.0
P135,2015-03-16,0.100000001,1.0
P135,2015-03-20,0.090000004,0.0
P135,2015-03-21,0.159999996,0.0
P135,2015-03-23,0.090000004,0.0
P135,2015-04-02,0.119999997,0.0
P135,2015-04-09,0.150000006,0.0
P135,2015-04-10,0.07,0.0
P135,2015-04-18,0.159999996,1.0
P135,2015-04-21,0.059999999,0.0
P135,2015-04-29,0.07,0.0
P135,2015-04-30,0.150000006,1.0
P135,2015-05-02,0.059999999,1.0
P135,2015-05-03,0.100000001,1.0
P135,2015-05-04,0.090000004,0.0
P135,2015-05-09,0.129999995,0.0
P135,2015-05-10,0.129999995,0.0
P135,2015-05-11,0.08499999899999999,0.0
P135,2015-05-12,0.050000001,1.0
P135,2015-05-13,0.039999999,1.0
P135,2015-05-14,0.109999999,0.5
P135,2015-05-19,0.0499999995,0.0
P135,2015-05-20,0.090000004,1.0
P135,2015-05-28,0.07,1.0
P135,2015-05-30,0.059999999,0.0
P135,2015-06-07,0.039999999,0.0
P135,2015-06-09,0.08,1.0
P135,2015-06-12,0.02,0.0
P135,2015-06-14,0.04,0.5
P135,2015-06-17,0.050000001,1.0
P135,2015-06-22,0.0299999995,1.0
P135,2015-06-24,0.029999999,0.0
P135,2015-06-27,0.039999999,0.0
P135,2015-06-30,0.005,1.0
P135,2015-07-14,0.02,1.0
P135,2015-07-15,0.050000001999999995,0.5
P135,2015-07-17,0.150000001,0.3333333333333333
P135,2015-07-25,0.13,0.0
P135,2015-08-03,0.07,0.0
P135,2015-08-05,0.120000003,1.0
P135,2015-08-06,0.200000003,1.0
P135,2015-08-08,0.050000001,1.0
P135,2015-08-09,0.170000002,0.0
P135,2015-08-12,0.105000003,0.0
P135,2015-08-15,0.02,0.0
P135,2015-08-18,0.170000002,0.0
P135,2015-08-25,0.01,0.0
P135,2015-08-26,0.155000001,0.0
P135,2015-08-27,0.0199999995,0.0
P135,2015-09-01,0.029999999,0.0
P135,2015-09-02,0.02,0.0
P135,2015-09-06,0.005,0.0
P135,2015-09-07,0.129999995,0.0
P135,2015-09-10,0.159999996,1.0
P135,2015-09-12,0.119999997,0.0
P135,2015-09-22,0.100000001,1.0
P135,2015-09-26,0.150000006,1.0
P135,2015-09-30,0.129999995,1.0
P135,2015-10-06,0.25,0.0
P135,2015-10-08,0.200000003,0.0
P135,2015-10-09,0.25,1.0
P135,2015-10-13,0.180000007,1.0
P135,2015-10-14,0.0,0.0
P135,2015-10-15,0.1449999995,0.5
P135,2015-10-17,0.090000004,1.0
P135,2015-10-18,0.25,0.0
P135,2015-10-23,0.200000003,1.0
P135,2015-10-24,0.100000001,1.0
P135,2015-10-26,0.07,0.0
P135,2015-11-01,0.180000007,0.0
P135,2015-11-03,0.1150000005,1.0
P135,2015-11-04,0.050000001,1.0
P135,2015-11-05,0.090000004,1.0
P135,2015-11-10,0.159999996,1.0
P135,2015-11-13,0.159999996,1.0
P135,2015-11-21,0.039999999,0.0
P135,2015-11-22,0.200000003,1.0
P135,2015-11-24,0.029999999,1.0
P135,2015-12-02,0.180000007,0.0
P135,2015-12-03,0.170000002,0.0
P135,2015-12-05,0.150000006,0.0
P135,2015-12-10,0.159999996,0.0
P135,2015-12-11,0.150000006,1.0
P135,2015-12-19,0.150000006,1.0
P135,2015-12-20,0.129999995,1.0
P135,2015-12-25,0.129999995,1.0
P135,2015-12-28,0.02,0.0
P135,2015-12-30,0.119999997,1.0
P135,2015-12-31,0.100000001,0.0
P135,2016-01-01,0.129999995,1.0
P135,2016-01-03,0.07,1.0
P135,2016-01-09,0.059999999,1.0
P135,2016-01-14,0.030000000500000002,0.5
P135,2016-01-15,0.119999997,1.0
P135,2016-01-17,0.109999999,0.5
P135,2016-01-18,0.045000002,0.5
P135,2016-01-22,0.100000001,1.0
P135,2016-01-23,0.090000004,1.0
P135,2016-01-24,0.090000004,1.0
P135,2016-01-27,0.07,1.0
P135,2016-01-28,0.15499999949999999,1.0
P135,2016-02-07,0.050000001,1.0
P135,2016-02-09,0.039999999,0.0
P135,2016-02-11,0.07,1.0
P135,2016-02-13,0.115000001,1.0
P135,2016-02-16,0.07,0.0
P135,2016-02-17,0.039999999,1.0
P135,2016-02-20,0.180000007,0.0
P135,2016-02-23,0.029999999,0.0
P135,2016-02-28,0.02,0.0
P135,2016-03-01,0.01,1.0
P135,2016-03-02,0.02,0.0
P135,2016-03-10,0.0033333333333333335,0.6666666666666666
P135,2016-03-16,0.170000002,1.0
P135,2016-03-18,0.059999999,0.0
P135,2016-03-25,0.25,1.0
P135,2016-03-27,0.200000003,1.0
P135,2016-04-01,0.25,0.0
P135,2016-04-02,0.200000003,0.0
P135,2016-04-12,0.180000007,1.0
P135,2016-04-15,0.059999999,0.0
P135,2016-04-18,0.1750000045,0.5
P135,2016-04-20,0.159999996,1.0
P135,2016-04-30,0.150000006,0.0
P135,2016-05-02,0.050000001,0.0
P135,2016-05-05,0.159999996,1.0
P135,2016-05-08,0.170000002,0.0
P135,2016-05-09,0.089999998,1.0
P135,2016-05-11,0.119999997,1.0
P135,2016-05-13,0.07,0.0
P135,2016-05-28,0.039999999,0.0
P135,2016-05-30,0.150000006,1.0
P135,2016-05-31,0.029999999,0.5
P135,2016-06-05,0.02,0.0
P135,2016-06-11,0.01,0.0
P135,2016-06-12,0.02,1.0
P135,2016-06-13,0.0,1.0
P135,2016-06-15,0.159999996,0.0
P135,2016-06-18,0.01,1.0
P135,2016-06-21,0.0,0.0
P135,2016-06-26,0.20000000299999998,0.5
P135,2016-07-02,0.129999995,1.0
P135,2016-07-04,0.129999995,1.0
P135,2016-07-09,0.090000004,0.0
P135,2016-07-12,0.07,0.0
P135,2016-07-13,0.119999997,0.0
P135,2016-07-14,0.100000001,0.0
P135,2016-07-15,0.200000003,0.0
P135,2016-07-20,0.059999999,0.0
P135,2016-07-23,0.090000004,0.0
P135,2016-07-26,0.180000007,0.0
P135,2016-07-30,0.119999997,1.0
P135,2016-07-31,0.07500000100000001,0.5
P135,2016-08-01,0.090000004,0.0
P135,2016-08-02,0.07,1.0
P135,2016-08-03,0.16,0.5
P135,2016-08-06,0.200000003,0.0
P135,2016-08-07,0.059999999,1.0
P135,2016-08-09,0.050000001,0.0
P135,2016-08-10,0.059999999,0.0
P135,2016-08-18,0.050000001,1.0
P135,2016-08-19,0.039999999,1.0
P135,2016-08-21,0.039999999,0.0
P135,2016-08-25,0.180000007,1.0
P135,2016-08-30,0.039999999,0.0
P135,2016-09-01,0.029999999,0.0
P135,2016-09-08,0.02,1.0
P135,2016-09-09,0.029999999,0.0
P135,2016-09-13,0.029999999,1.0
P135,2016-09-17,0.170000002,1.0
P135,2016-09-18,0.02,1.0
P135,2016-10-05,0.170000002,0.0
P135,2016-10-08,0.159999996,1.0
P135,2016-10-10,0.02,1.0
P135,2016-10-11,0.005,0.5
P135,2016-10-12,0.01,0.0
P135,2016-10-17,0.0,1.0
P135,2016-10-18,0.01,1.0
P135,2016-10-22,0.2250000015,1.0
P135,2016-10-23,0.180000007,1.0
P135,2016-10-27,0.150000006,0.0
P135,2016-10-29,0.0,1.0
P135,2016-10-30,0.25,1.0
P135,2016-11-06,0.1799999995,0.5
P135,2016-11-08,0.21500000349999998,0.0
P135,2016-11-11,0.170000002,0.0
P135,2016-11-12,0.129999995,1.0
P135,2016-11-14,0.150000006,1.0
P135,2016-11-16,0.170000002,1.0
P135,2016-11-21,0.129999995,1.0
P135,2016-11-30,0.200000003,0.0
P135,2016-12-02,0.119999997,1.0
P135,2016-12-04,0.159999996,0.0
P135,2016-12-13,0.159999996,0.0
P135,2016-12-17,0.140000003,0.6666666666666666
P135,2016-12-18,0.129999995,0.0
P135,2016-12-20,0.0950000025,0.5
P135,2016-12-22,0.100000001,1.0
P135,2016-12-24,0.090000004,0.0
P135,2016-12-26,0.119999997,0.0
P135,2016-12-28,0.100000001,1.0
P135,2016-12-31,0.180000007,0.0
P135,2017-01-08,0.07,0.0
P135,2017-01-11,0.129999995,1.0
P135,2017-01-12,0.119999997,0.0
P135,2017-01-18,0.07,1.0
P135,2017-01-25,0.170000002,0.0
P135,2017-01-27,0.100000001,0.0
P135,2017-01-30,0.059999999,1.0
P135,2017-02-03,0.050000001,1.0
P135,2017-02-07,0.090000004,1.0
P135,2017-02-08,0.059999999,1.0
P135,2017-02-09,0.039999999,0.0
P135,2017-02-10,0.080000002,1.0
P135,2017-02-15,0.159999996,0.0
P135,2017-02-16,0.055,1.0
P135,2017-02-18,0.07,0.0
P135,2017-02-20,0.039999999,1.0
P135,2017-02-22,0.029999999,0.0
P135,2017-03-01,0.150000006,0.0
P135,2017-03-03,0.029999999,1.0
P135,2017-03-05,0.129999995,0.0
P135,2017-03-09,0.0699999985,0.5
P135,2017-03-12,0.100000001,0.0
P135,2017-03-16,0.01,1.0
P135,2017-03-20,0.090000004,0.0
P135,2017-03-22,0.059999999,0.0
P135,2017-03-25,0.050000001,1.0
P135,2017-03-31,0.01,1.0
P135,2017-04-05,0.07,1.0
P135,2017-04-17,0.045,0.5
P135,2017-04-20,0.01,1.0
P1350,2017-10-18,0.11000000064516129,0.5806451612903226
P1350,2017-10-19,0.10117647116176472,0.6029411764705882
P1350,2017-10-20,0.09913043524637681,0.4927536231884058
P1350,2017-10-21,0.0983823533235294,0.5147058823529411
P1350,2017-10-22,0.10521739184057971,0.5072463768115942
P1350,2017-10-23,0.10441176525,0.47058823529411764
P1350,2017-10-24,0.10159420339130434,0.5507246376811594
P1350,2017-10-25,0.09867647113235295,0.5735294117647058
P1350,2017-10-26,0.09749999991666668,0.5
P1350,2017-12-21,0.10666666737777777,0.6
P1350,2017-12-22,0.0979411768382353,0.5294117647058824
P1350,2017-12-23,0.09588235329411765,0.4117647058823529
P1351,2017-10-26,0.0968421057368421,0.5087719298245614
P1351,2017-10-27,0.1067647064264706,0.5294117647058824
P1351,2017-10-28,0.10391304401449276,0.4782608695652174
P1351,2017-10-29,0.10205882402941177,0.5294117647058824
P1351,2017-10-30,0.09971014549275363,0.463768115942029
P1351,2017-10-31,0.10473684236842105,0.5789473684210527
P1351,2017-12-23,0.09923076978846154,0.5384615384615384
P1351,2017-12-24,0.106750000425,0.475
P1352,2017-10-31,0.10000000048979592,0.5918367346938775
P1352,2017-11-01,0.09869565262318841,0.5942028985507246
P1352,2017-11-02,0.10088235342647059,0.6029411764705882
P1352,2017-11-03,0.1047826092463768,0.5072463768115942
P1352,2017-11-04,0.1056666672,0.5333333333333333
P1352,2017-12-24,0.08642857175,0.5357142857142857
P1352,2017-12-25,0.10521739184057971,0.5507246376811594
P1352,2017-12-26,0.10571428620408163,0.46938775510204084
P1353,2017-11-04,0.09973684255263159,0.47368421052631576
P1353,2017-11-05,0.10289855120289855,0.6231884057971014
P1353,2017-11-06,0.10029411819117647,0.5
P1353,2017-11-07,0.10303571478571429,0.5714285714285714
P1353,2017-12-26,0.1026315792631579,0.5789473684210527
P1353,2017-12-27,0.10028985562318841,0.6086956521739131
P1353,2017-12-28,0.09720588276470588,0.5735294117647058
P1353,2017-12-29,0.10231884110144927,0.5797101449275363
P1353,2017-12-30,0.11428571482142857,0.42857142857142855
P1354,2017-11-07,0.1169230773846154,0.5384615384615384
P1354,2017-11-08,0.10029411819117647,0.5735294117647058
P1354,2017-11-09,0.09869565262318841,0.5652173913043478
P1354,2017-11-10,0.10088235342647059,0.5294117647058824
P1354,2017-11-11,0.1047826092463768,0.5217391304347826
P1354,2017-11-12,0.10367647105882352,0.4852941176470588
P1354,2017-11-13,0.08333333433333334,0.5833333333333334
P1354,2017-12-30,0.106750000425,0.55
P1354,2017-12-31,0.09971014549275363,0.4782608695652174
P1354,2018-01-01,0.117142857,1.0
P1355,2017-11-13,0.10526315845614036,0.5614035087719298
P1355,2017-11-14,0.09720588276470588,0.5147058823529411
P1355,2017-11-15,0.10231884110144927,0.463768115942029
P1355,2017-11-16,0.10558823583823529,0.6029411764705882
P1355,2017-11-17,0.10289855120289855,0.6231884057971014
P1355,2017-11-18,0.10017543912280702,0.5087719298245614
P1355,2018-01-01,0.09655737747540984,0.6885245901639344
P1355,2018-01-02,0.09742857194285715,0.45714285714285713
P1356,2017-11-18,0.10090909154545455,0.6363636363636364
P1356,2017-11-19,0.09869565262318841,0.5507246376811594
P1356,2017-11-20,0.10088235342647059,0.5294117647058824
P1356,2017-11-21,0.1047826092463768,0.5652173913043478
P1356,2017-11-22,0.08772727304545455,0.5909090909090909
P1356,2018-01-02,0.1067647064117647,0.5588235294117647
P1356,2018-01-03,0.10500000055882353,0.5882352941176471
P1356,2018-01-04,0.09428571466666666,0.47619047619047616
P1357,2017-11-22,0.10630434836956522,0.6521739130434783
P1357,2017-11-23,0.10289855120289855,0.4492753623188406
P1357,2017-11-24,0.0945161295,0.5
P1357,2018-01-04,0.11322580706451613,0.6774193548387096
P1358,2017-11-24,0.05833333300000001,0.3333333333333333
P1358,2017-11-25,0.10231884110144927,0.5652173913043478
P1358,2017-11-26,0.10558823583823529,0.6176470588235294
P1358,2017-11-27,0.10289855120289855,0.5507246376811594
P1358,2017-11-28,0.10029411819117647,0.6911764705882353
P1358,2017-11-29,0.0840000001,0.2
P1358,2018-01-04,0.10588235352941176,0.7647058823529411
P1358,2018-01-05,0.10441176525,0.45588235294117646
P1358,2018-01-06,0.09728813601694916,0.576271186440678
P1359,2017-11-29,0.10169491566101695,0.4576271186440678
P1359,2017-11-30,0.10205882402941177,0.6029411764705882
P1359,2017-12-01,0.09971014549275363,0.6376811594202898
P1359,2017-12-02,0.09380000029999999,0.68
P1359,2018-01-06,0.1550000011,0.5
P1359,2018-01-07,0.10117647116176472,0.5588235294117647
P1359,2018-01-08,0.09913043524637681,0.5797101449275363
P1359,2018-01-09,0.0983823533235294,0.6323529411764706
P1359,2018-01-10,0.11322580706451613,0.5806451612903226
P1360,2017-12-02,0.10166666716666667,0.6666666666666666
P1360,2017-12-03,0.10521739184057971,0.4782608695652174
P1360,2017-12-04,0.09568965562068966,0.4827586206896552
P1360,2018-01-10,0.10815789528947369,0.5526315789473685
P1360,2018-01-11,0.10088235342647059,0.6617647058823529
P1360,2018-01-12,0.1047826092463768,0.5217391304347826
P1360,2018-01-13,0.10166666716666667,0.6388888888888888
P1360,2018-01-31,0.039999999,0.0
P1361,2017-12-04,0.0840000001,0.6
P1361,2017-12-05,0.1043478266231884,0.5797101449275363
P1361,2017-12-06,0.10294117694117647,0.6911764705882353
P1361,2017-12-07,0.10028985562318841,0.5797101449275363
P1361,2017-12-08,0.10297297362162161,0.40540540540540543
P1361,2018-01-13,0.09375000021875,0.59375
P1361,2018-01-14,0.09956521786956522,0.4782608695652174
P1361,2018-01-15,0.10617647114705883,0.5735294117647058
P1361,2018-01-16,0.10347826139130435,0.4492753623188406
P1361,2018-01-17,0.1008108112972973,0.5675675675675675
P1361,2018-01-31,0.059999999,0.0
P1362,2017-12-08,0.11161290387096774,0.6129032258064516
P1362,2017-12-09,0.10231884102898552,0.4782608695652174
P1362,2017-12-10,0.09941176532352941,0.5441176470588235
P1362,2017-12-11,0.10400000043333332,0.45
P1362,2018-01-17,0.0990322585483871,0.4838709677419355
P1362,2018-01-18,0.09869565262318841,0.5797101449275363
P1362,2018-01-19,0.10088235342647059,0.5294117647058824
P1362,2018-01-20,0.1047826092463768,0.6086956521739131
P1362,2018-01-21,0.10367647105882352,0.5294117647058824
P1362,2018-01-22,0.10101449337681159,0.4927536231884058
P1362,2018-01-23,0.0979411768382353,0.5735294117647058
P1362,2018-01-24,0.09956521786956522,0.5362318840579711
P1362,2018-01-25,0.10617647114705883,0.6176470588235294
P1362,2018-01-26,0.1056666672,0.5666666666666667
P1362,2018-01-31,0.119999997,1.0
P1363,2017-12-11,0.162222223,0.6666666666666666
P1363,2017-12-12,0.10029411819117647,0.4852941176470588
P1363,2017-12-13,0.09869565262318841,0.6521739130434783
P1363,2017-12-14,0.10088235342647059,0.6029411764705882
P1363,2017-12-15,0.10258620741379311,0.5344827586206896
P1363,2018-01-26,0.10692307751282051,0.5641025641025641
P1363,2018-01-27,0.09720588276470588,0.6176470588235294
P1363,2018-01-28,0.10231884110144927,0.5652173913043478
P1363,2018-01-29,0.10558823583823529,0.5147058823529411
P1363,2018-01-30,0.10289855120289855,0.5072463768115942
P1363,2018-01-31,0.09707692356923078,0.5846153846153846
P172,2015-01-04,0.083333331,0.6666666666666666
P172,2015-01-06,0.119999997,1.0
P172,2015-01-07,0.050000001,0.0
P172,2015-01-08,0.029999999,0.0
P172,2015-01-09,0.100000001,0.0
P172,2015-01-10,0.029999999,0.0
P172,2015-01-12,0.129999995,1.0
P172,2015-01-16,0.01,1.0
P172,2015-01-18,0.090000004,0.0
P172,2015-01-20,0.07,1.0
P172,2015-01-21,0.059999999,1.0
P172,2015-01-22,0.11500000399999999,0.0
P172,2015-01-24,0.0,0.0
P172,2015-01-29,0.029999999,0.0
P172,2015-02-05,0.180000007,1.0
P172,2015-02-08,0.0,0.0
P172,2015-02-09,0.21500000349999998,0.0
P172,2015-02-16,0.039999999,1.0
P172,2015-02-17,0.160000004,0.0
P172,2015-02-26,0.25,0.0
P172,2015-03-03,0.170000002,0.0
P172,2015-03-06,0.159999996,1.0
P172,2015-03-09,0.1400000005,0.0
P172,2015-03-15,0.25,1.0
P172,2015-03-17,0.119999997,1.0
P172,2015-03-18,0.119999997,1.0
P172,2015-03-21,0.159999996,0.0
P172,2015-03-22,0.090000004,1.0
P172,2015-03-27,0.07,1.0
P172,2015-03-30,0.150000006,1.0
P172,2015-04-04,0.119999997,0.0
P172,2015-04-06,0.029999999,1.0
P172,2015-04-11,0.08500000299999999,0.5
P172,2015-04-12,0.100000001,1.0
P172,2015-04-19,0.01,0.0
P172,2015-04-23,0.0,1.0
P172,2015-04-24,0.119999997,1.0
P172,2015-04-26,0.13333333433333333,0.3333333333333333
P172,2015-04-27,0.159999996,1.0
P172,2015-04-28,0.07,1.0
P172,2015-04-30,0.07,0.0
P172,2015-05-01,0.200000003,1.0
P172,2015-05-03,0.050000001,1.0
P172,2015-05-06,0.050000001,0.0
P172,2015-05-07,0.12000000100000001,0.5
P172,2015-05-08,0.029999999,0.0
P172,2015-05-15,0.039999999,1.0
P172,2015-05-17,0.050000001,1.0
P172,2015-05-19,0.029999999,0.0
P172,2015-05-25,0.01,0.0
P172,2015-05-29,0.1000000015,0.5
P172,2015-05-31,0.25,1.0
P172,2015-06-04,0.176666672,0.3333333333333333
P172,2015-06-11,0.16,0.5
P172,2015-06-19,0.129999995,0.0
P172,2015-06-20,0.100000001,1.0
P172,2015-06-21,0.059999999,0.0
P172,2015-06-22,0.100000001,0.0
P172,2015-06-25,0.170000002,1.0
P172,2015-06-28,0.07,0.0
P172,2015-06-29,0.059999999,0.0
P172,2015-07-03,0.129999995,1.0
P172,2015-07-04,0.02,1.0
P172,2015-07-06,0.01,0.0
P172,2015-07-08,0.0149999995,1.0
P172,2015-07-13,0.119999997,1.0
P172,2015-07-16,0.04,1.0
P172,2015-07-17,0.0950000025,1.0
P172,2015-07-23,0.1100000015,1.0
P172,2015-07-24,0.059999999,1.0
P172,2015-07-25,0.159999996,1.0
P172,2015-07-31,0.150000006,0.0
P172,2015-08-03,0.0299999995,0.5
P172,2015-08-05,0.02,0.0
P172,2015-08-16,0.100000001,1.0
P172,2015-08-19,0.200000003,0.0
P172,2015-08-21,0.12333333633333332,1.0
P172,2015-08-23,0.059999999,0.0
P172,2015-08-28,0.050000001,0.0
P172,2015-08-31,0.1700000015,0.5
P172,2015-09-01,0.180000007,1.0
P172,2015-09-02,0.150000006,0.0
P172,2015-09-03,0.095000001,1.0
P172,2015-09-05,0.150000006,1.0
P172,2015-09-07,0.25,0.0
P172,2015-09-10,0.119999997,0.0
P172,2015-09-11,0.125,1.0
P172,2015-09-12,0.100000001,0.0
P172,2015-09-14,0.050000001,0.0
P172,2015-09-18,0.119999997,1.0
P172,2015-10-01,0.090000004,0.0
P172,2015-10-05,0.02,0.0
P172,2015-10-06,0.0,1.0
P172,2015-10-09,0.090000004,1.0
P172,2015-10-10,0.005,0.5
P172,2015-10-11,0.029999999,1.0
P172,2015-10-13,0.029999999,0.0
P172,2015-10-14,0.119999997,1.0
P172,2015-10-15,0.200000003,1.0
P172,2015-10-19,0.090000004,1.0
P172,2015-10-23,0.029999999,0.0
P172,2015-10-29,0.07,1.0
P172,2015-11-06,0.25,1.0
P172,2015-11-08,0.200000003,0.0
P172,2015-11-13,0.0,0.0
P172,2015-11-15,0.029999999,1.0
P172,2015-11-20,0.159999996,1.0
P172,2015-11-21,0.01,0.0
P172,2015-11-25,0.129999995,0.0
P172,2015-11-29,0.200000003,1.0
P172,2015-12-06,0.07500000100000001,0.5
P172,2015-12-09,0.124999996,1.0
P172,2015-12-17,0.029999999,1.0
P172,2015-12-21,0.01,0.0
P172,2015-12-29,0.10000000349999999,1.0
P172,2016-01-05,0.059999999,0.0
P172,2016-01-06,0.050000001,1.0
P172,2016-01-07,0.01,1.0
P172,2016-01-09,0.090000004,1.0
P172,2016-01-10,0.039999999,1.0
P172,2016-01-21,0.200000003,1.0
P172,2016-01-27,0.039999999,0.0
P172,2016-02-02,0.02,0.0
P172,2016-02-05,0.09000000000000001,0.6666666666666666
P172,2016-02-07,0.25,0.0
P172,2016-02-12,0.0,1.0
P172,2016-02-15,0.164999999,0.5
P172,2016-02-17,0.0,1.0
P172,2016-02-19,0.090000004,0.0
P172,2016-02-20,0.16,0.5
P172,2016-02-26,0.050000001,0.0
P172,2016-03-03,0.029999999,0.0
P172,2016-03-06,0.200000003,1.0
P172,2016-03-07,0.090000004,0.0
P172,2016-03-08,0.1650000065,0.5
P172,2016-03-14,0.0,1.0
P172,2016-03-19,0.159999996,1.0
P172,2016-03-21,0.059999999,0.0
P172,2016-03-22,0.0,1.0
P172,2016-04-02,0.200000003,0.0
P172,2016-04-04,0.029999999,0.0
P172,2016-04-20,0.029999999,0.0
P172,2016-04-23,0.039999999,0.0
P172,2016-04-25,0.050000001,1.0
P172,2016-04-28,0.119999997,1.0
P172,2016-04-30,0.0,1.0
P172,2016-05-03,0.25,1.0
P172,2016-05-06,0.090000004,0.0
P172,2016-05-07,0.07,1.0
P172,2016-05-10,0.059999999,0.0
P172,2016-05-11,0.135,0.5
P172,2016-05-17,0.050000001,0.0
P172,2016-05-23,0.180000007,1.0
P172,2016-06-01,0.129999995,1.0
P172,2016-06-06,0.21500000349999998,1.0
P172,2016-06-07,0.200000003,0.0
P172,2016-06-08,0.170000002,0.0
P172,2016-06-09,0.1700000015,0.5
P172,2016-06-10,0.150000006,0.0
P172,2016-06-16,0.119999997,1.0
P172,2016-06-17,0.170000002,0.0
P172,2016-06-25,0.100000001,0.0
P172,2016-06-27,0.07,0.0
P172,2016-07-05,0.200000003,0.0
P172,2016-07-10,0.050000001,0.0
P172,2016-07-11,0.039999999,1.0
P172,2016-07-14,0.034999999000000004,1.0
P172,2016-07-20,0.02,1.0
P172,2016-07-21,0.01,0.0
P172,2016-07-26,0.0,0.5
P172,2016-07-29,0.02,1.0
P172,2016-07-30,0.0,0.0
P172,2016-08-01,0.125,0.5
P172,2016-08-02,0.2250000015,1.0
P172,2016-08-05,0.180000007,0.0
P172,2016-08-06,0.25,1.0
P172,2016-08-08,0.159999996,0.0
P172,2016-08-09,0.0,0.0
P172,2016-08-12,0.200000003,0.0
P172,2016-08-15,0.129999995,1.0
P172,2016-08-20,0.090000004,1.0
P172,2016-08-21,0.119999997,1.0
P172,2016-08-25,0.150000006,0.0
P172,2016-08-30,0.124999996,0.5
P172,2016-09-01,0.100000001,0.0
P172,2016-09-07,0.050000001,1.0
P172,2016-09-09,0.059999999,0.0
P172,2016-09-10,0.07,1.0
P172,2016-09-16,0.039999999,1.0
P172,2016-09-18,0.100000001,0.0
P172,2016-09-19,0.039999999,0.0
P172,2016-10-01,0.150000006,0.0
P172,2016-10-02,0.01,1.0
P172,2016-10-03,0.039999999,0.0
P172,2016-10-08,0.25,0.0
P172,2016-10-11,0.163333334,1.0
P172,2016-10-13,0.1100000015,0.5
P172,2016-10-17,0.170000002,1.0
P172,2016-10-19,0.090000004,0.0
P172,2016-10-20,0.005,0.5
P172,2016-10-22,0.170000002,1.0
P172,2016-10-24,0.200000003,1.0
P172,2016-10-25,0.150000006,1.0
P172,2016-10-26,0.0299999995,1.0
P172,2016-10-27,0.119999997,0.0
P172,2016-10-30,0.050000001,0.0
P172,2016-10-31,0.129999995,0.0
P172,2016-11-04,0.129999995,0.0
P172,2016-11-08,0.100000001,0.0
P172,2016-11-09,0.090000004,0.0
P172,2016-11-17,0.07,1.0
P172,2016-11-19,0.055,0.5
P172,2016-11-20,0.059999999,1.0
P172,2016-11-24,0.12000000499999999,0.5
P172,2016-12-06,0.170000002,1.0
P172,2016-12-10,0.100000001,0.0
P172,2016-12-12,0.045000002,1.0
P172,2016-12-15,0.129999995,1.0
P172,2016-12-17,0.050000001,0.0
P172,2016-12-18,0.01,1.0
P172,2016-12-23,0.16,0.0
P172,2016-12-24,0.02,1.0
P172,2017-01-01,0.01,0.0
P172,2017-01-02,0.029999999,0.0
P172,2017-01-03,0.170000002,1.0
P172,2017-01-05,0.155000001,1.0
P172,2017-01-07,0.159999996,0.0
P172,2017-01-09,0.150000006,1.0
P172,2017-01-12,0.119999997,0.0
P172,2017-01-14,0.0850000005,0.5
P172,2017-01-17,0.090000004,1.0
P172,2017-01-19,0.050000001,1.0
P172,2017-01-23,0.059999999,0.0
P172,2017-01-29,0.200000003,0.0
P172,2017-02-13,0.150000006,1.0
P172,2017-02-14,0.07,1.0
P172,2017-02-21,0.029999999,1.0
P172,2017-02-28,0.02,1.0
P172,2017-03-05,0.0,0.0
P172,2017-03-06,0.25,1.0
P172,2017-03-09,0.25,1.0
P172,2017-03-12,0.005,0.5
P172,2017-03-14,0.180000007,1.0
P172,2017-03-17,0.100000001,1.0
P172,2017-03-19,0.125,0.5
P172,2017-03-20,0.150000006,1.0
P172,2017-03-22,0.02,1.0
P172,2017-03-25,0.07,1.0
P172,2017-03-26,0.07,1.0
P172,2017-03-27,0.07666666566666668,0.6666666666666666
P172,2017-03-28,0.150000006,1.0
P172,2017-03-29,0.119999997,1.0
P172,2017-03-30,0.129999995,0.0
P172,2017-04-01,0.039999999,0.0
P172,2017-04-04,0.100000001,1.0
P172,2017-04-08,0.100000001,1.0
P172,2017-04-09,0.0,1.0
P172,2017-04-13,0.0,0.0
P172,2017-04-17,0.059999999,1.0
P172,2017-04-21,0.1500000005,0.0
P172,2017-04-22,0.039999999,1.0
P191,2015-01-01,0.07222222322222221,0.3333333333333333
P191,2015-01-02,0.1154545450909091,0.36363636363636365
P191,2015-01-03,0.09619047776190477,0.6666666666666666
P191,2015-01-04,0.117777778,0.5
P191,2015-01-05,0.1469230770769231,0.6923076923076923
P191,2015-01-06,0.092000001,0.6666666666666666
P191,2015-01-07,0.059999999299999995,0.6
P191,2015-01-08,0.106250000375,0.375
P191,2015-01-09,0.09666666688888889,0.6666666666666666
P191,2015-01-10,0.0817647065882353,0.5294117647058824
P191,2015-01-11,0.06923076953846154,0.3076923076923077
P191,2015-01-12,0.1431250009375,0.625
P191,2015-01-13,0.11000000033333333,0.6666666666666666
P191,2015-01-14,0.12166666733333333,0.6666666666666666
P191,2015-01-15,0.11333333400000001,0.6666666666666666
P191,2015-01-16,0.10454545472727274,0.7272727272727273
P191,2015-01-17,0.06545454572727273,0.5454545454545454
P191,2015-01-18,0.08062500006250001,0.5625
P191,2015-01-19,0.05750000066666667,0.6666666666666666
P191,2015-01-20,0.1552941190588235,0.47058823529411764
P191,2015-01-21,0.14833333266666668,0.4166666666666667
P191,2015-01-22,0.1000000014,0.7333333333333333
P191,2015-01-23,0.076875000375,0.5625
P191,2015-01-24,0.07,0.375
P191,2015-01-25,0.08307692315384616,0.6923076923076923
P191,2015-01-26,0.09000000027777778,0.6666666666666666
P191,2015-01-27,0.14230769407692306,0.7692307692307693
P191,2015-01-28,0.119166667,0.5833333333333334
P191,2015-01-29,0.12299999980000001,0.6
P191,2015-01-30,0.12750000091666666,0.6666666666666666
P191,2015-01-31,0.08470588270588235,0.7058823529411765
P191,2015-02-01,0.051999999799999995,0.6
P191,2015-02-02,0.04090909045454545,0.6363636363636364
P191,2015-02-03,0.053750000375,0.875
P191,2015-02-04,0.130833334,0.4166666666666667
P191,2015-02-05,0.15846154069230772,0.6923076923076923
P191,2015-02-06,0.12272727236363636,0.6363636363636364
P191,2015-02-07,0.09999999979999999,0.5
P191,2015-02-08,0.063750000625,0.375
P191,2015-02-09,0.07818181854545454,0.6363636363636364
P191,2015-02-10,0.09888889022222222,0.5555555555555556
P191,2015-02-11,0.1100000009090909,0.7272727272727273
P191,2015-02-12,0.119999999875,0.375
P191,2015-02-13,0.118125001625,0.6875
P191,2015-02-14,0.09636363427272726,0.36363636363636365
P191,2015-02-15,0.11400000219999999,0.7
P191,2015-02-16,0.07166666683333334,0.4166666666666667
P191,2015-02-17,0.11846153846153847,0.3076923076923077
P191,2015-02-18,0.07666666683333333,0.4444444444444444
P191,2015-02-19,0.08833333425,0.5
P191,2015-02-20,0.15000000233333333,0.5833333333333334
P191,2015-02-21,0.12705882323529413,0.5882352941176471
P191,2015-02-22,0.08625000075,0.5
P191,2015-02-23,0.07333333293333334,0.5333333333333333
P191,2015-02-24,0.061250000375,0.75
P191,2015-02-25,0.09000000044444445,0.3333333333333333
P191,2015-02-26,0.09250000158333332,0.6666666666666666
P191,2015-02-27,0.12181818218181818,0.6363636363636364
P191,2015-02-28,0.11428571478571428,0.7142857142857143
P191,2015-03-01,0.12909090945454546,0.6363636363636364
P191,2015-03-02,0.06000000033333333,0.5
P191,2015-03-03,0.09777777833333333,0.6666666666666666
P191,2015-03-04,0.11000000035714286,0.5714285714285714
P191,2015-03-05,0.09214285735714287,0.35714285714285715
P191,2015-03-06,0.1240000011,0.6
P191,2015-03-07,0.11000000099999999,0.6153846153846154
P191,2015-03-08,0.0892307686923077,0.5384615384615384
P191,2015-03-09,0.09166666744444445,0.2777777777777778
P191,2015-03-10,0.07,0.5
P191,2015-03-11,0.14538461769230768,0.7692307692307693
P191,2015-03-12,0.12333333319999999,0.6
P191,2015-03-13,0.08000000014285714,0.5714285714285714
P191,2015-03-14,0.1061904769047619,0.7142857142857143
P191,2015-03-15,0.070909091,0.45454545454545453
P191,2015-03-16,0.10866666666666666,0.5333333333333333
P191,2015-03-17,0.10928571557142856,0.42857142857142855
P191,2015-03-18,0.11999999944444445,0.2222222222222222
P191,2015-03-19,0.09823529529411765,0.6470588235294118
P191,2015-03-20,0.09749999991666668,0.5833333333333334
P191,2015-03-21,0.0799999995,0.3
P191,2015-03-22,0.09857142935714285,0.5
P191,2015-03-23,0.06909091036363636,0.5454545454545454
P191,2015-03-24,0.10583333275000001,0.5833333333333334
P191,2015-03-25,0.11454545481818182,0.6363636363636364
P191,2015-03-26,0.075833334,0.5833333333333334
P191,2015-03-27,0.10545454672727272,0.5454545454545454
P191,2015-03-28,0.1381818190909091,0.6363636363636364
P191,2015-03-29,0.1373333344,0.8
P191,2015-03-30,0.117142857,0.42857142857142855
P191,2015-03-31,0.07307692315384616,0.6153846153846154
P191,2015-04-01,0.09124999975,0.25
P191,2015-04-02,0.035999999500000004,0.5
P191,2015-04-03,0.09250000108333334,0.25
P191,2015-04-04,0.15909091145454546,0.45454545454545453
P191,2015-04-05,0.16750000025,0.5
P191,2015-04-06,0.1389999996,0.3
P191,2015-04-07,0.08533333359999999,0.5333333333333333
P191,2015-04-08,0.10090909127272728,0.8181818181818182
P191,2015-04-09,0.06300000089999999,0.5
P191,2015-04-10,0.13250000091666667,0.75
P191,2015-04-11,0.06461538476923077,0.38461538461538464
P191,2015-04-12,0.11181818199999999,0.6363636363636364
P191,2015-04-13,0.10444444511111112,0.6666666666666666
P191,2015-04-14,0.07470588235294118,0.7058823529411765
P191,2015-04-15,0.11533333426666667,0.6
P191,2015-04-16,0.1418750011875,0.75
P191,2015-04-17,0.09909090872727272,0.7272727272727273
P191,2015-04-18,0.08454545472727272,0.36363636363636365
P191,2015-04-19,0.08333333426666667,0.26666666666666666
P191,2015-04-20,0.08153846153846155,0.5384615384615384
P191,2015-04-21,0.05909090918181818,0.6363636363636364
P191,2015-04-22,0.16823529647058824,0.5882352941176471
P191,2015-04-23,0.0879999987,0.8
P191,2015-04-24,0.12266666653333334,0.6666666666666666
P191,2015-04-25,0.07333333483333333,0.16666666666666666
P191,2015-04-26,0.11000000021428571,0.5714285714285714
P191,2015-04-27,0.051999999799999995,0.3
P191,2015-04-28,0.03181818172727273,0.36363636363636365
P191,2015-04-29,0.12285714342857143,0.5714285714285714
P191,2015-04-30,0.1900000036,0.8
P191,2015-05-01,0.146000001,0.5333333333333333
P191,2015-05-02,0.1018750004375,0.25
P191,2015-05-03,0.067058823,0.4117647058823529
P191,2015-05-04,0.09681818254545455,0.6363636363636364
P191,2015-05-05,0.11250000091666666,0.6666666666666666
P191,2015-05-06,0.13333333333333333,0.6666666666666666
P191,2015-05-07,0.11411764811764706,0.6470588235294118
P191,2015-05-08,0.08263157910526316,0.631578947368421
P191,2015-05-09,0.09500000014285714,0.5
P191,2015-05-10,0.11500000085714286,0.5
P191,2015-05-11,0.112000001,0.7
P191,2015-05-12,0.11299999999999999,0.6
P191,2015-05-13,0.10526315921052631,0.42105263157894735
P191,2015-05-14,0.10764705864705883,0.47058823529411764
P191,2015-05-15,0.08499999999999999,0.5
P191,2015-05-16,0.07250000050000001,0.4166666666666667
P191,2015-05-17,0.097692309,0.5384615384615384
P191,2015-05-18,0.08687499925,0.5
P191,2015-05-19,0.11500000133333334,0.6666666666666666
P191,2015-05-20,0.14000000183333333,0.4166666666666667
P191,2015-05-21,0.10111111088888888,0.7777777777777778
P191,2015-05-22,0.11733333373333334,0.5333333333333333
P191,2015-05-23,0.09944444522222223,0.5555555555555556
P191,2015-05-24,0.0943749998125,0.8125
P191,2015-05-25,0.06857142864285715,0.42857142857142855
P191,2015-05-26,0.09583333383333333,0.5
P191,2015-05-27,0.06384615361538461,0.6153846153846154
P191,2015-05-28,0.14000000204545457,0.5454545454545454
P191,2015-05-29,0.1276923073846154,0.46153846153846156
P191,2015-05-30,0.07941176511764705,0.47058823529411764
P191,2015-05-31,0.11444444444444445,0.2222222222222222
P191,2015-06-01,0.07894736878947368,0.5263157894736842
P191,2015-06-02,0.11736842200000001,0.47368421052631576
P191,2015-06-03,0.12999999978571428,0.5
P191,2015-06-04,0.12071428714285715,0.5
P191,2015-06-05,0.07846153823076923,0.6153846153846154
P191,2015-06-06,0.048333333222222226,0.4444444444444444
P191,2015-06-07,0.09090909154545455,0.6363636363636364
P191,2015-06-08,0.12619047728571428,0.42857142857142855
P191,2015-06-09,0.11357142957142859,0.5
P191,2015-06-10,0.11588235305882352,0.7058823529411765
P191,2015-06-11,0.10499999964285714,0.5714285714285714
P191,2015-06-12,0.11666666883333333,0.0
P191,2015-06-13,0.1004347834347826,0.391304347826087
P191,2015-06-14,0.06583333266666667,0.5
P191,2015-06-15,0.08181818272727272,0.5454545454545454
P191,2015-06-16,0.06727272699999999,0.5454545454545454
P191,2015-06-17,0.111818183,0.45454545454545453
P191,2015-06-18,0.1330000007,0.4
P191,2015-06-19,0.10357142942857143,0.42857142857142855
P191,2015-06-20,0.13466666746666667,0.4666666666666667
P191,2015-06-21,0.11058823547058823,0.5294117647058824
P191,2015-06-22,0.047272727636363636,0.45454545454545453
P191,2015-06-23,0.12375,0.5
P191,2015-06-24,0.0840000006,0.4
P191,2015-06-25,0.11642857250000001,0.35714285714285715
P191,2015-06-26,0.10999999985714286,0.8571428571428571
P191,2015-06-27,0.11684210615789475,0.8947368421052632
P191,2015-06-28,0.08636363745454546,0.5454545454545454
P191,2015-06-29,0.09499999914285714,0.2857142857142857
P191,2015-06-30,0.07187500050000001,0.625
P191,2015-07-01,0.08666666780000001,0.3333333333333333
P191,2015-07-02,0.13000000144444446,0.4444444444444444
P191,2015-07-03,0.1315384616923077,0.6153846153846154
P191,2015-07-04,0.13733333433333333,0.7333333333333333
P191,2015-07-05,0.09600000033333332,0.6
P191,2015-07-06,0.06166666516666667,0.5
P191,2015-07-07,0.03666666625,0.6666666666666666
P191,2015-07-08,0.10909091009090909,0.45454545454545453
P191,2015-07-09,0.13545454645454547,0.36363636363636365
P191,2015-07-10,0.134545457,0.7272727272727273
P191,2015-07-11,0.11076922938461539,0.6153846153846154
P191,2015-07-12,0.09357142885714285,0.42857142857142855
P191,2015-07-13,0.10285714485714285,0.2857142857142857
P191,2015-07-14,0.05666666693333333,0.7333333333333333
P191,2015-07-15,0.14444444533333334,0.5555555555555556
P191,2015-07-16,0.06416666608333334,0.6666666666666666
P191,2015-07-17,0.10882353029411765,0.35294117647058826
P191,2015-07-18,0.12000000126666667,0.3333333333333333
P191,2015-07-19,0.10230769199999999,0.46153846153846156
P191,2015-07-20,0.13000000066666667,0.6666666666666666
P191,2015-07-21,0.10250000075,0.6666666666666666
P191,2015-07-22,0.061250000124999995,0.5
P191,2015-07-23,0.049090909090909095,0.5454545454545454
P191,2015-07-24,0.10909091009090909,0.6363636363636364
P191,2015-07-25,0.133750000875,0.375
P191,2015-07-26,0.10999999977777779,0.6666666666666666
P191,2015-07-27,0.12076923192307693,0.46153846153846156
P191,2015-07-28,0.0849999996875,0.625
P191,2015-07-29,0.12272727454545454,0.5454545454545454
P191,2015-07-30,0.11909090954545455,0.8181818181818182
P191,2015-07-31,0.09363636318181819,0.5454545454545454
P191,2015-08-01,0.07600000059999999,0.4
P191,2015-08-02,0.10933333426666667,0.4
P191,2015-08-03,0.07857142821428573,0.35714285714285715
P191,2015-08-04,0.14111111333333332,0.4444444444444444
P191,2015-08-05,0.10272727281818182,0.8181818181818182
P191,2015-08-06,0.13444444544444445,0.8888888888888888
P191,2015-08-07,0.10692307746153847,0.5384615384615384
P191,2015-08-08,0.06916666616666667,0.5
P191,2015-08-09,0.033636363272727274,0.45454545454545453
P191,2015-08-10,0.08000000083333333,0.6666666666666666
P191,2015-08-11,0.12625000187500002,0.625
P191,2015-08-12,0.16000000133333334,0.3333333333333333
P191,2015-08-13,0.14866666733333334,0.5333333333333333
P191,2015-08-14,0.10384615430769231,0.7692307692307693
P191,2015-08-15,0.1137499995,0.625
P191,2015-08-16,0.07562500012500001,0.5625
P191,2015-08-17,0.0812500006875,0.8125
P191,2015-08-18,0.10090909154545455,0.2727272727272727
P191,2015-08-19,0.08642857135714287,0.5714285714285714
P191,2015-08-20,0.15666666833333334,0.7777777777777778
P191,2015-08-21,0.119375000875,0.8125
P191,2015-08-22,0.0690000001,0.5
P191,2015-08-23,0.0900000002,0.4
P191,2015-08-24,0.09285714457142857,0.42857142857142855
P191,2015-08-25,0.10833333183333334,0.6666666666666666
P191,2015-08-26,0.108750000125,0.625
P191,2015-08-27,0.1544444468888889,0.5555555555555556
P191,2015-08-28,0.11374999987500001,0.625
P191,2015-08-29,0.10333333416666668,0.6666666666666666
P191,2015-08-30,0.07684210542105263,0.7368421052631579
P191,2015-08-31,0.06076923123076924,0.46153846153846156
P191,2015-09-01,0.15583333491666665,0.4166666666666667
P191,2015-09-02,0.1013333332,0.7333333333333333
P191,2015-09-03,0.1220000008,0.5
P191,2015-09-04,0.08,0.5714285714285714
P191,2015-09-05,0.0709999998,0.8
P191,2015-09-06,0.079285715,0.6428571428571429
P191,2015-09-07,0.0820000005,0.6
P191,2015-09-08,0.1407142867857143,0.5
P191,2015-09-09,0.11450000065000002,0.5
P191,2015-09-10,0.10083333383333333,0.6666666666666666
P191,2015-09-11,0.133333334,0.5833333333333334
P191,2015-09-12,0.10083333366666668,0.4166666666666667
P191,2015-09-13,0.06899999949999999,0.4
P191,2015-09-14,0.03333333333333333,0.6666666666666666
P191,2015-09-15,0.127500000625,0.625
P191,2015-09-16,0.11266666766666668,0.5333333333333333
P191,2015-09-17,0.162857145,0.7142857142857143
P191,2015-09-18,0.15666666675,0.5
P191,2015-09-19,0.10916666708333334,0.8333333333333334
P191,2015-09-20,0.08777777722222221,0.4444444444444444
P191,2015-09-21,0.0740000012,0.6
P191,2015-09-22,0.0409999998,0.6
P191,2015-09-23,0.10285714321428571,0.7142857142857143
P191,2015-09-24,0.09846153884615384,0.3076923076923077
P191,2015-09-25,0.124615387,0.46153846153846156
P191,2015-09-26,0.13727272736363638,0.2727272727272727
P191,2015-09-27,0.07941176476470588,0.5882352941176471
P191,2015-09-28,0.13916666783333334,0.6666666666666666
P191,2015-09-29,0.0827777776111111,0.6666666666666666
P191,2015-09-30,0.07545454554545454,0.45454545454545453
P191,2015-10-01,0.07083333416666666,0.5
P191,2015-10-02,0.1260000002,0.5
P191,2015-10-03,0.10230769307692308,0.6153846153846154
P191,2015-10-04,0.0980000002,0.7
P191,2015-10-05,0.14166666783333334,0.4166666666666667
P191,2015-10-06,0.13181818190909092,0.36363636363636365
P191,2015-10-07,0.09888889066666667,0.4444444444444444
P191,2015-10-08,0.06285714307142858,0.6428571428571429
P191,2015-10-09,0.08933333280000001,0.3333333333333333
P191,2015-10-10,0.10500000000000001,0.5
P191,2015-10-11,0.14916666866666667,0.5833333333333334
P191,2015-10-12,0.09571428571428572,0.5714285714285714
P191,2015-10-13,0.086250000125,0.4375
P191,2015-10-14,0.10727272790909091,0.7272727272727273
P191,2015-10-15,0.13785714435714286,0.7142857142857143
P191,2015-10-16,0.10555555588888889,0.4444444444444444
P191,2015-10-17,0.08923076915384616,0.6923076923076923
P191,2015-10-18,0.06562500025,0.375
P191,2015-10-19,0.08631579,0.47368421052631576
P191,2015-10-20,0.10230769276923078,0.6153846153846154
P191,2015-10-21,0.1462500013125,0.5
P191,2015-10-22,0.087499999125,0.5
P191,2015-10-23,0.12166666808333333,0.5833333333333334
P191,2015-10-24,0.09692307700000001,0.6923076923076923
P191,2015-10-25,0.0710000007,0.7
P191,2015-10-26,0.06374999975,0.6875
P191,2015-10-27,0.11800000079999999,0.35
P191,2015-10-28,0.09666666644444445,0.6666666666666666
P191,2015-10-29,0.11750000075,0.75
P191,2015-10-30,0.11761904833333334,0.6190476190476191
P191,2015-10-31,0.06500000014285715,0.5
P191,2015-11-01,0.1520000022,0.5
P191,2015-11-02,0.11933333293333333,0.6666666666666666
P191,2015-11-03,0.06285714414285713,0.42857142857142855
P191,2015-11-04,0.086250000375,0.75
P191,2015-11-05,0.09888888877777778,0.7777777777777778
P191,2015-11-06,0.0725,0.5
P191,2015-11-07,0.09500000108333334,0.5833333333333334
P191,2015-11-08,0.07285714314285716,0.7142857142857143
P191,2015-11-09,0.1614285727857143,0.5
P191,2015-11-10,0.1111111111111111,0.4444444444444444
P191,2015-11-11,0.086250000125,0.25
P191,2015-11-12,0.12785714364285714,0.35714285714285715
P191,2015-11-13,0.09947368463157895,0.7368421052631579
P191,2015-11-14,0.05333333266666667,0.5
P191,2015-11-15,0.08571428642857144,0.14285714285714285
P191,2015-11-16,0.06222222205555556,0.4444444444444444
P191,2015-11-17,0.142222225,0.4444444444444444
P191,2015-11-18,0.09500000014285714,0.7857142857142857
P191,2015-11-19,0.14571428664285715,0.5
P191,2015-11-20,0.11785714371428571,0.5
P191,2015-11-21,0.057647058588235295,0.5294117647058824
P191,2015-11-22,0.09888888866666666,0.6666666666666666
P191,2015-11-23,0.1143750015,0.4375
P191,2015-11-24,0.11222222222222222,0.5555555555555556
P191,2015-11-25,0.12583333333333332,0.5833333333333334
P191,2015-11-26,0.054545455181818185,0.5454545454545454
P191,2015-11-27,0.1300000009375,0.375
P191,2015-11-28,0.0862499998125,0.375
P191,2015-11-29,0.10142857164285714,0.7142857142857143
P191,2015-11-30,0.1440000026,0.2
P191,2015-12-01,0.08500000025,0.6875
P191,2015-12-02,0.10599999986666668,0.6
P191,2015-12-03,0.09272727436363636,0.36363636363636365
P191,2015-12-04,0.0980000006,0.6
P191,2015-12-05,0.0981250003125,0.3125
P191,2015-12-06,0.15727272827272729,0.36363636363636365
P191,2015-12-07,0.088750000625,0.6875
P191,2015-12-08,0.08888888977777779,0.5555555555555556
P191,2015-12-09,0.10888888855555555,0.2222222222222222
P191,2015-12-10,0.0860000003,0.6
P191,2015-12-11,0.10066666706666667,0.4666666666666667
P191,2015-12-12,0.105625000875,0.5
P191,2015-12-13,0.11571428607142857,0.5
P191,2015-12-14,0.08454545454545453,0.36363636363636365
P191,2015-12-15,0.12153846184615384,0.6923076923076923
P191,2015-12-16,0.08823529488235293,0.5294117647058824
P191,2015-12-17,0.12000000116666666,0.5
P191,2015-12-18,0.07624999975,0.625
P191,2015-12-19,0.08928571478571427,0.6428571428571429
P191,2015-12-20,0.1360000018,0.4
P191,2015-12-21,0.10699999930000001,0.4
P191,2015-12-22,0.1193750013125,0.6875
P191,2015-12-23,0.07363636354545454,0.5454545454545454
P191,2015-12-24,0.06600000079999999,0.4
P191,2015-12-25,0.06777777811111112,0.3333333333333333
P191,2015-12-26,0.0749999999,0.4
P191,2015-12-27,0.15857143071428573,0.5
P191,2015-12-28,0.137499999,0.5
P191,2015-12-29,0.0892307703076923,0.6153846153846154
P191,2015-12-30,0.08076923076923077,0.6923076923076923
P191,2015-12-31,0.06083333341666667,0.25
P191,2016-01-01,0.117500000875,0.375
P191,2016-01-02,0.1000000005,0.75
P191,2016-01-03,0.12882353105882352,0.6470588235294118
P191,2016-01-04,0.11999999900000001,0.2857142857142857
P191,2016-01-05,0.08333333375,0.75
P191,2016-01-06,0.056666665750000005,0.5833333333333334
P191,2016-01-07,0.10200000120000001,0.2
P191,2016-01-08,0.103750000625,0.875
P191,2016-01-09,0.09249999958333333,0.6666666666666666
P191,2016-01-10,0.15363636572727274,0.5454545454545454
P191,2016-01-11,0.12230769384615384,0.5384615384615384
P191,2016-01-12,0.1049999975,0.375
P191,2016-01-13,0.0890000006,0.7
P191,2016-01-14,0.08500000014285715,0.8571428571428571
P191,2016-01-15,0.05833333333333333,0.3333333333333333
P191,2016-01-16,0.0822222231111111,0.4444444444444444
P191,2016-01-17,0.16000000123076924,0.6153846153846154
P191,2016-01-18,0.13000000172727272,0.45454545454545453
P191,2016-01-19,0.104374999,0.5625
P191,2016-01-20,0.10636363727272728,0.6363636363636364
P191,2016-01-21,0.06888889000000001,0.6666666666666666
P191,2016-01-22,0.06352941176470589,0.5882352941176471
P191,2016-01-23,0.1407142865,0.42857142857142855
P191,2016-01-24,0.1141666665,0.4166666666666667
P191,2016-01-25,0.10500000157142857,0.6428571428571429
P191,2016-01-26,0.07235294070588236,0.6470588235294118
P191,2016-01-27,0.10250000058333332,0.6666666666666666
P191,2016-01-28,0.11916666833333334,0.4166666666666667
P191,2016-01-29,0.13285714328571427,0.5714285714285714
P191,2016-01-30,0.09062500075,0.5625
P191,2016-01-31,0.08699999900000001,0.6
P191,2016-02-01,0.08250000041666666,0.75
P191,2016-02-02,0.07363636427272727,0.9090909090909091
P191,2016-02-03,0.11888888966666666,0.5555555555555556
P191,2016-02-04,0.1427777788888889,0.5
P191,2016-02-05,0.1262500008125,0.625
P191,2016-02-06,0.08181818181818182,0.7272727272727273
P191,2016-02-07,0.029999999666666666,0.6666666666666666
P191,2016-02-08,0.14428571457142855,0.8571428571428571
P191,2016-02-09,0.09818181818181819,0.45454545454545453
P191,2016-02-10,0.09454545563636363,0.7272727272727273
P191,2016-02-11,0.08692307723076922,0.5384615384615384
P191,2016-02-12,0.110000001,0.375
P191,2016-02-13,0.1120000006,0.4
P191,2016-02-14,0.13666666644444445,0.5555555555555556
P191,2016-02-15,0.112857144,0.14285714285714285
P191,2016-02-16,0.08333333425,0.6666666666666666
P191,2016-02-17,0.10818181836363637,0.2727272727272727
P191,2016-02-18,0.05153846161538462,0.6923076923076923
P191,2016-02-19,0.10846153907692307,0.6153846153846154
P191,2016-02-20,0.10666666766666666,0.5833333333333334
P191,2016-02-21,0.13357142885714285,0.2857142857142857
P191,2016-02-22,0.10266666786666666,0.8
P191,2016-02-23,0.12499999983333333,0.16666666666666666
P191,2016-02-24,0.1279999998,0.5
P191,2016-02-25,0.0969999998,0.6
P191,2016-02-26,0.0587500005,0.5625
P191,2016-02-27,0.06250000066666667,0.5833333333333334
P191,2016-02-28,0.122307693,0.46153846153846156
P191,2016-02-29,0.12521739226086956,0.6956521739130435
P191,2016-03-01,0.109999999375,0.625
P191,2016-03-02,0.11555555711111112,0.5555555555555556
P191,2016-03-03,0.076428571,0.21428571428571427
P191,2016-03-04,0.09071428607142858,0.42857142857142855
P191,2016-03-05,0.05625,0.875
P191,2016-03-06,0.13916666916666667,0.5833333333333334
P191,2016-03-07,0.10461538438461539,0.6923076923076923
P191,2016-03-08,0.122500000375,0.5
P191,2016-03-09,0.1173333336,0.6666666666666666
P191,2016-03-10,0.09500000266666665,1.0
P191,2016-03-11,0.06714285557142857,0.8571428571428571
P191,2016-03-12,0.0589999998,0.6
P191,2016-03-13,0.13200000169999998,0.6
P191,2016-03-14,0.08625,0.5
P191,2016-03-15,0.12058823647058825,0.7647058823529411
P191,2016-03-16,0.090714285,0.21428571428571427
P191,2016-03-17,0.074375000125,0.375
P191,2016-03-18,0.1440000018,0.5333333333333333
P191,2016-03-19,0.10529411741176471,0.35294117647058826
P191,2016-03-20,0.11222222255555556,0.4444444444444444
P191,2016-03-21,0.1000000016,1.0
P191,2016-03-22,0.08777777866666667,0.4444444444444444
P191,2016-03-23,0.07454545390909091,0.7272727272727273
P191,2016-03-24,0.09636363772727273,0.45454545454545453
P191,2016-03-25,0.09416666750000001,0.3333333333333333
P191,2016-03-26,0.10142857185714285,0.5
P191,2016-03-27,0.12111111155555555,0.5555555555555556
P191,2016-03-28,0.12000000166666666,0.8888888888888888
P191,2016-03-29,0.08666666611111112,0.6666666666666666
P191,2016-03-30,0.11076923146153847,0.7692307692307693
P191,2016-03-31,0.1281250005625,0.5
P191,2016-04-01,0.08499999949999999,0.5
P191,2016-04-02,0.055454546363636364,0.45454545454545453
P191,2016-04-03,0.08500000018750001,0.625
P191,2016-04-04,0.12000000214285714,0.5714285714285714
P191,2016-04-05,0.07999999957142857,0.42857142857142855
P191,2016-04-06,0.1430769246923077,0.38461538461538464
P191,2016-04-07,0.14375000062499999,0.25
P191,2016-04-08,0.09615384623076924,0.6153846153846154
P191,2016-04-09,0.06416666716666668,0.6666666666666666
P191,2016-04-10,0.08894736910526316,0.47368421052631576
P191,2016-04-11,0.10454545472727274,0.45454545454545453
P191,2016-04-12,0.185000001375,0.625
P191,2016-04-13,0.11153846107692308,0.6153846153846154
P191,2016-04-14,0.0781818190909091,0.5454545454545454
P191,2016-04-15,0.0856250000625,0.9375
P191,2016-04-16,0.1077777788888889,0.4444444444444444
P191,2016-04-17,0.06999999988888889,0.6666666666666666
P191,2016-04-18,0.12562500125,0.625
P191,2016-04-19,0.10555555588888889,0.3333333333333333
P191,2016-04-20,0.08545454554545455,0.6363636363636364
P191,2016-04-21,0.11421052689473683,0.631578947368421
P191,2016-04-22,0.08916666649999999,0.4166666666666667
P191,2016-04-23,0.08818181900000001,0.7272727272727273
P191,2016-04-24,0.05636363672727273,0.5454545454545454
P191,2016-04-25,0.11533333386666667,0.8666666666666667
P191,2016-04-26,0.14857143,0.8571428571428571
P191,2016-04-27,0.13416666858333334,0.5833333333333334
P191,2016-04-28,0.0949999987,0.6
P191,2016-04-29,0.0990909099090909,0.5454545454545454
P191,2016-04-30,0.12333333255555555,0.1111111111111111
P191,2016-05-01,0.06285714328571429,0.8571428571428571
P191,2016-05-02,0.0730000006,0.6
P191,2016-05-03,0.075625000625,0.5
P191,2016-05-04,0.13000000016666666,0.5
P191,2016-05-05,0.183333336,0.3333333333333333
P191,2016-05-06,0.120000001875,0.375
P191,2016-05-07,0.11600000006666668,0.5333333333333333
P191,2016-05-08,0.12857142828571427,0.42857142857142855
P191,2016-05-09,0.0989999998,1.0
P191,2016-05-10,0.0646153846923077,0.3076923076923077
P191,2016-05-11,0.07666666733333333,0.8888888888888888
P191,2016-05-12,0.06000000007692308,0.46153846153846156
P191,2016-05-13,0.135,1.0
P191,2016-05-14,0.07428571485714286,0.2857142857142857
P191,2016-05-15,0.14800000146666664,0.7333333333333333
P191,2016-05-16,0.12833333416666667,0.4166666666666667
P191,2016-05-17,0.11250000025000001,0.75
P191,2016-05-18,0.100625000625,0.5
P191,2016-05-19,0.089999999,0.75
P191,2016-05-20,0.055000000583333326,0.6666666666666666
P191,2016-05-21,0.11636363636363636,0.7272727272727273
P191,2016-05-22,0.10454545590909091,0.7272727272727273
P191,2016-05-23,0.05166666666666667,0.5
P191,2016-05-24,0.08,0.8
P191,2016-05-25,0.13076923199999999,0.46153846153846156
P191,2016-05-26,0.16900000040000002,0.7
P191,2016-05-27,0.09533333386666666,0.4666666666666667
P191,2016-05-28,0.07714285742857142,0.7142857142857143
P191,2016-05-29,0.11500000107142858,0.6428571428571429
P191,2016-05-30,0.053571428500000004,0.7142857142857143
P191,2016-05-31,0.13166666733333335,0.5
P191,2016-06-01,0.08444444444444445,0.4444444444444444
P191,2016-06-02,0.14300000100000002,0.6
P191,2016-06-03,0.10272727327272727,0.5454545454545454
P191,2016-06-04,0.1381818180909091,0.7272727272727273
P191,2016-06-05,0.10555555700000001,0.5555555555555556
P191,2016-06-06,0.09,0.5
P191,2016-06-07,0.09916666758333333,0.5
P191,2016-06-08,0.0660000003,0.7
P191,2016-06-09,0.060000000124999994,0.875
P191,2016-06-10,0.0921428567857143,0.42857142857142855
P191,2016-06-11,0.13090909254545455,0.7272727272727273
P191,2016-06-12,0.136428573,0.5714285714285714
P191,2016-06-13,0.11857142657142858,0.8571428571428571
P191,2016-06-14,0.08333333379999999,0.4666666666666667
P191,2016-06-15,0.10555555622222222,0.5555555555555556
P191,2016-06-16,0.056923076846153844,0.23076923076923078
P191,2016-06-17,0.04250000075,0.875
P191,2016-06-18,0.12111111205555557,0.6111111111111112
P191,2016-06-19,0.1543750011875,0.25
P191,2016-06-20,0.09538461584615385,0.38461538461538464
P191,2016-06-21,0.106249999375,0.25
P191,2016-06-22,0.068235294,0.11764705882352941
P191,2016-06-23,0.0650000001,0.8
P191,2016-06-24,0.1500000016,1.0
P191,2016-06-25,0.076250001,0.4375
P191,2016-06-26,0.1453333342,0.6
P191,2016-06-27,0.12600000033333333,0.6666666666666666
P191,2016-06-28,0.09307692361538462,0.6153846153846154
P191,2016-06-29,0.0949999998,0.4
P191,2016-06-30,0.0869230776923077,0.46153846153846156
P191,2016-07-01,0.10000000053846153,0.46153846153846156
P191,2016-07-02,0.06833333266666668,0.5
P191,2016-07-03,0.09421052657894737,0.3157894736842105
P191,2016-07-04,0.154210528,0.5263157894736842
P191,2016-07-05,0.09499999921428572,0.42857142857142855
P191,2016-07-06,0.06333333422222223,0.2222222222222222
P191,2016-07-07,0.05749999991666666,0.5833333333333334
P191,2016-07-08,0.09750000091666666,0.5833333333333334
P191,2016-07-09,0.08428571435714285,0.42857142857142855
P191,2016-07-10,0.1625000019375,0.4375
P191,2016-07-11,0.13999999945454544,0.36363636363636365
P191,2016-07-12,0.08714285714285715,0.2857142857142857
P191,2016-07-13,0.067500000625,0.5
P191,2016-07-14,0.09846153915384616,0.38461538461538464
P191,2016-07-15,0.064166667,0.16666666666666666
P191,2016-07-16,0.0826666668,0.3333333333333333
P191,2016-07-17,0.1090000012,0.4
P191,2016-07-18,0.1586666682,0.26666666666666666
P191,2016-07-19,0.12857142714285713,0.5714285714285714
P191,2016-07-20,0.11299999940000001,0.6
P191,2016-07-21,0.06857142935714286,0.42857142857142855
P191,2016-07-22,0.06444444466666667,0.3333333333333333
P191,2016-07-23,0.091000001,0.6
P191,2016-07-24,0.08235294176470588,0.5294117647058824
P191,2016-07-25,0.09142857214285716,0.5714285714285714
P191,2016-07-26,0.16636363672727272,0.6363636363636364
P191,2016-07-27,0.13000000054545455,0.6363636363636364
P191,2016-07-28,0.10909090963636364,0.7272727272727273
P191,2016-07-29,0.078750000125,0.25
P191,2016-07-30,0.07090909081818181,0.36363636363636365
P191,2016-07-31,0.14153846292307692,0.6153846153846154
P191,2016-08-01,0.08727272781818182,0.8181818181818182
P191,2016-08-02,0.07692307661538461,0.6153846153846154
P191,2016-08-03,0.08600000099999999,0.26666666666666666
P191,2016-08-04,0.099000001,0.6
P191,2016-08-05,0.1079999996,0.8
P191,2016-08-06,0.10631578978947369,0.7368421052631579
P191,2016-08-07,0.09250000074999999,0.5833333333333334
P191,2016-08-08,0.08909091045454545,0.6363636363636364
P191,2016-08-09,0.10833333258333333,0.5
P191,2016-08-10,0.1450000017,0.7
P191,2016-08-11,0.09058823570588236,0.5294117647058824
P191,2016-08-12,0.09533333393333333,0.6
P191,2016-08-13,0.143333333,0.5
P191,2016-08-14,0.12142857285714286,0.42857142857142855
P191,2016-08-15,0.0809999992,0.3
P191,2016-08-16,0.08333333391666665,0.6666666666666666
P191,2016-08-17,0.0953846156923077,0.46153846153846156
P191,2016-08-18,0.08076923100000001,0.6153846153846154
P191,2016-08-19,0.1099999996,0.4
P191,2016-08-20,0.09888889033333333,0.5
P191,2016-08-21,0.14090909045454547,0.9090909090909091
P191,2016-08-22,0.1237500035,0.75
P191,2016-08-23,0.11199999899999999,0.6
P191,2016-08-24,0.06818181809090909,0.45454545454545453
P191,2016-08-25,0.06631578957894736,0.47368421052631576
P191,2016-08-26,0.14416666866666666,0.5
P191,2016-08-27,0.13700000029999998,0.7
P191,2016-08-28,0.10888889011111111,0.4444444444444444
P191,2016-08-29,0.0793333334,0.6
P191,2016-08-30,0.0773333328,0.3333333333333333
P191,2016-08-31,0.10480000104000001,0.68
P191,2016-09-01,0.1360000004,0.7
P191,2016-09-02,0.0854545459090909,0.36363636363636365
P191,2016-09-03,0.15000000060000002,0.4
P191,2016-09-04,0.12000000100000001,0.45454545454545453
P191,2016-09-05,0.0675,0.75
P191,2016-09-06,0.091250000375,0.5
P191,2016-09-07,0.03727272672727273,0.6363636363636364
P191,2016-09-08,0.09066666713333334,0.6666666666666666
P191,2016-09-09,0.15411764905882352,0.5294117647058824
P191,2016-09-10,0.10090908972727274,0.5454545454545454
P191,2016-09-11,0.11666666741666666,0.4166666666666667
P191,2016-09-12,0.0690000002,0.5
P191,2016-09-13,0.11555555666666667,0.3333333333333333
P191,2016-09-14,0.10583333383333333,0.5
P191,2016-09-15,0.14333333311111113,0.4444444444444444
P191,2016-09-16,0.08857142935714286,0.5714285714285714
P191,2016-09-17,0.08000000076923076,0.46153846153846156
P191,2016-09-18,0.0486666666,0.6666666666666666
P191,2016-09-19,0.10999999966666667,0.6666666666666666
P191,2016-09-20,0.1657142877857143,0.5714285714285714
P191,2016-09-21,0.11923076984615386,1.0
P191,2016-09-22,0.079999999,0.5833333333333334
P191,2016-09-23,0.0879999996,0.5
P191,2016-09-24,0.09230769338461539,0.5384615384615384
P191,2016-09-25,0.10500000158333334,0.5833333333333334
P191,2016-09-26,0.07944444361111111,0.4444444444444444
P191,2016-09-27,0.11285714485714285,0.2857142857142857
P191,2016-09-28,0.16000000014285715,0.5714285714285714
P191,2016-09-29,0.10866666806666667,0.6
P191,2016-09-30,0.10250000100000001,0.375
P191,2016-10-01,0.07761904757142857,0.47619047619047616
P191,2016-10-02,0.15357143057142858,0.8571428571428571
P191,2016-10-03,0.09142857064285714,0.35714285714285715
P191,2016-10-04,0.11999999899999998,0.5
P191,2016-10-05,0.07571428671428572,0.42857142857142855
P191,2016-10-06,0.0835294124117647,0.35294117647058826
P191,2016-10-07,0.06888888877777778,0.6666666666666666
P191,2016-10-08,0.05888888888888889,0.3333333333333333
P191,2016-10-09,0.13818181963636364,0.5454545454545454
P191,2016-10-10,0.140000000125,0.375
P191,2016-10-11,0.11200000013333332,0.4666666666666667
P191,2016-10-12,0.08538461607692308,0.6923076923076923
P191,2016-10-13,0.101666668,0.3333333333333333
P191,2016-10-14,0.10352941282352941,0.4117647058823529
P191,2016-10-15,0.10300000000000001,0.5
P191,2016-10-16,0.10700000059999999,0.5
P191,2016-10-17,0.1289999994,0.5
P191,2016-10-18,0.10777777877777778,0.5555555555555556
P191,2016-10-19,0.096250001375,0.625
P191,2016-10-20,0.05727272690909091,0.5454545454545454
P191,2016-10-21,0.1085714295,0.6428571428571429
P191,2016-10-22,0.12333333383333334,0.3333333333333333
P191,2016-10-23,0.07909090918181817,0.36363636363636365
P191,2016-10-24,0.1322222231111111,0.7777777777777778
P191,2016-10-25,0.14125000175,0.75
P191,2016-10-26,0.0943749998125,0.6875
P191,2016-10-27,0.07416666666666667,0.5833333333333334
P191,2016-10-28,0.10714285864285714,0.6428571428571429
P191,2016-10-29,0.0820000002,0.5333333333333333
P191,2016-10-30,0.08888888855555556,0.8888888888888888
P191,2016-10-31,0.17000000171428573,0.2857142857142857
P191,2016-11-01,0.12666666866666668,0.8333333333333334
P191,2016-11-02,0.10882352911764706,0.4117647058823529
P191,2016-11-03,0.09500000014285714,0.5
P191,2016-11-04,0.08307692376923076,0.46153846153846156
P191,2016-11-05,0.03307692269230769,0.46153846153846156
P191,2016-11-06,0.08833333333333333,0.5
P191,2016-11-07,0.1453333354,0.5333333333333333
P191,2016-11-08,0.1580000012,0.4
P191,2016-11-09,0.11615384584615383,0.38461538461538464
P191,2016-11-10,0.034999999000000004,0.5
P191,2016-11-11,0.08333333344444444,0.7777777777777778
P191,2016-11-12,0.05933333406666667,0.3333333333333333
P191,2016-11-13,0.12357142885714287,0.35714285714285715
P191,2016-11-14,0.10133333366666666,0.4
P191,2016-11-15,0.116875001,0.625
P191,2016-11-16,0.099375,0.5625
P191,2016-11-17,0.057058824058823523,0.5294117647058824
P191,2016-11-18,0.08166666833333333,0.5
P191,2016-11-19,0.15249999958333335,0.75
P191,2016-11-20,0.14500000275,1.0
P191,2016-11-21,0.10666666611111111,0.5555555555555556
P191,2016-11-22,0.10333333394444444,0.3888888888888889
P191,2016-11-23,0.0690000008,0.6
P191,2016-11-24,0.114000001,0.4
P191,2016-11-25,0.08444444422222223,0.3333333333333333
P191,2016-11-26,0.07538461476923076,0.6923076923076923
P191,2016-11-27,0.1020000006,0.6
P191,2016-11-28,0.11900000150000001,0.7
P191,2016-11-29,0.1218750006875,0.4375
P191,2016-11-30,0.15857142828571427,0.2857142857142857
P191,2016-12-01,0.07894736926315789,0.8421052631578947
P191,2016-12-02,0.09909090881818182,0.8181818181818182
P191,2016-12-03,0.0791666675,0.6666666666666666
P191,2016-12-04,0.088333333,0.5
P191,2016-12-05,0.10272727363636364,0.8181818181818182
P191,2016-12-06,0.10300000179999999,0.7
P191,2016-12-07,0.12000000029411764,0.5294117647058824
P191,2016-12-08,0.10142857235714287,0.07142857142857142
P191,2016-12-09,0.12090909163636364,0.5454545454545454
P191,2016-12-10,0.09777777644444445,0.5555555555555556
P191,2016-12-11,0.08307692376923076,0.9230769230769231
P191,2016-12-12,0.11833333416666668,0.5
P191,2016-12-13,0.08615384646153847,0.46153846153846156
P191,2016-12-14,0.083125,0.375
P191,2016-12-15,0.1200000002857143,0.5714285714285714
P191,2016-12-16,0.10000000149999999,0.5
P191,2016-12-17,0.14416666625,0.4166666666666667
P191,2016-12-18,0.13416666908333333,0.75
P191,2016-12-19,0.08166666588888888,0.4444444444444444
P191,2016-12-20,0.06357142907142857,0.42857142857142855
P191,2016-12-21,0.12222222433333335,0.6666666666666666
P191,2016-12-22,0.09374999975000001,0.875
P191,2016-12-23,0.11533333413333334,0.5333333333333333
P191,2016-12-24,0.11461538538461538,0.6923076923076923
P191,2016-12-25,0.11235294111764706,0.5882352941176471
P191,2016-12-26,0.05100000019999999,0.5
P191,2016-12-27,0.05571428585714285,0.5
P191,2016-12-28,0.16428571571428568,1.0
P191,2016-12-29,0.11888888988888888,0.5555555555555556
P191,2016-12-30,0.1306250006875,0.4375
P191,2016-12-31,0.12363636427272727,0.5454545454545454
P191,2017-01-01,0.09749999991666668,0.3333333333333333
P191,2017-01-02,0.10583333466666667,0.5
P191,2017-01-03,0.071250000125,0.625
P191,2017-01-04,0.043749999875,0.5625
P191,2017-01-05,0.0938461536153846,0.6153846153846154
P191,2017-01-06,0.15200000126666666,0.4
P191,2017-01-07,0.0993750015,0.3125
P191,2017-01-08,0.106874999875,0.6875
P191,2017-01-09,0.12500000058333333,0.8333333333333334
P191,2017-01-10,0.10944444461111111,0.3888888888888889
P191,2017-01-11,0.08142857114285715,0.5714285714285714
P191,2017-01-12,0.05583333383333333,0.6666666666666666
P191,2017-01-13,0.0950000006,0.7
P191,2017-01-14,0.08583333450000001,0.5833333333333334
P191,2017-01-15,0.10777777688888888,0.7777777777777778
P191,2017-01-16,0.10666666766666667,0.4666666666666667
P191,2017-01-17,0.13769230884615385,0.7692307692307693
P191,2017-01-18,0.08785714257142858,0.42857142857142855
P191,2017-01-19,0.10583333375,0.6666666666666666
P191,2017-01-20,0.10909091063636364,0.36363636363636365
P191,2017-01-21,0.08846153838461539,0.23076923076923078
P191,2017-01-22,0.12214285785714286,0.5714285714285714
P191,2017-01-23,0.07909090954545454,0.2727272727272727
P191,2017-01-24,0.10285714300000001,0.5
P191,2017-01-25,0.11315789521052633,0.5263157894736842
P191,2017-01-26,0.104444446,0.4444444444444444
P191,2017-01-27,0.0449999995,0.25
P191,2017-01-28,0.09000000063636364,0.45454545454545453
P191,2017-01-29,0.12199999986666667,0.7333333333333333
P191,2017-01-30,0.13833333583333332,0.5833333333333334
P191,2017-01-31,0.092,0.6
P191,2017-02-01,0.0818181819090909,0.6363636363636364
P191,2017-02-02,0.13294117811764705,0.5294117647058824
P191,2017-02-03,0.09999999961111111,0.6111111111111112
P191,2017-02-04,0.08181818163636363,0.8181818181818182
P191,2017-02-05,0.034666666666666665,0.6666666666666666
P191,2017-02-06,0.13200000126666667,0.6
P191,2017-02-07,0.14666666783333335,0.4166666666666667
P191,2017-02-08,0.1147058825882353,0.4117647058823529
P191,2017-02-09,0.1050000005,0.7
P191,2017-02-10,0.09749999958333333,0.4166666666666667
P191,2017-02-11,0.06454545554545454,0.6363636363636364
P191,2017-02-12,0.06749999975000001,0.75
P191,2017-02-13,0.09250000108333334,0.8333333333333334
P191,2017-02-14,0.16166666700000001,0.6666666666666666
P191,2017-02-15,0.11000000094444445,0.5555555555555556
P191,2017-02-16,0.12888888911111113,0.6666666666666666
P191,2017-02-17,0.12818181918181817,0.7272727272727273
P191,2017-02-18,0.08846153830769231,0.5384615384615384
P191,2017-02-19,0.08190476247619048,0.47619047619047616
P191,2017-02-20,0.08958333379166666,0.5416666666666666
P191,2017-02-21,0.1114285725,0.42857142857142855
P191,2017-02-22,0.1488888893888889,0.2777777777777778
P191,2017-02-23,0.07636363627272727,0.5909090909090909
P191,2017-02-24,0.06000000035714286,0.6428571428571429
P191,2017-02-25,0.092500001,0.625
P191,2017-02-26,0.12916666783333333,0.4166666666666667
P191,2017-02-27,0.16166666825,0.5
P191,2017-02-28,0.1066666655,0.5833333333333334
P191,2017-03-01,0.083636364,0.6363636363636364
P191,2017-03-02,0.076250000875,0.3125
P191,2017-03-03,0.09769230807692307,0.5384615384615384
P191,2017-03-04,0.0720000006,0.8
P191,2017-03-05,0.06470588229411765,0.47058823529411764
P191,2017-03-06,0.1822222238888889,0.6666666666666666
P191,2017-03-07,0.13500000169999998,0.4
P191,2017-03-08,0.1279999986,0.6
P191,2017-03-09,0.08571428471428573,0.7142857142857143
P191,2017-03-10,0.10235294229411765,0.5294117647058824
P191,2017-03-11,0.07916666658333334,0.6666666666666666
P191,2017-03-12,0.07900000069999999,0.6
P191,2017-03-13,0.13333333466666666,0.4666666666666667
P191,2017-03-14,0.08384615384615385,0.38461538461538464
P191,2017-03-15,0.16142857171428573,0.5714285714285714
P191,2017-03-16,0.11,0.4166666666666667
P191,2017-03-17,0.09916666824999999,0.5833333333333334
P191,2017-03-18,0.09583333283333334,0.6666666666666666
P191,2017-03-19,0.050909091000000004,0.6363636363636364
P191,2017-03-20,0.05999999985714286,0.5714285714285714
P191,2017-03-21,0.1340000018,0.7
P191,2017-03-22,0.0680000002,1.0
P191,2017-03-23,0.1225000005,0.5833333333333334
P191,2017-03-24,0.12428571514285715,0.6428571428571429
P191,2017-03-25,0.08083333308333333,0.5833333333333334
P191,2017-03-26,0.0809999998,0.6
P191,2017-03-27,0.142857144,0.42857142857142855
P191,2017-03-28,0.1120000036,0.4
P191,2017-03-29,0.10499999983333334,0.3333333333333333
P191,2017-03-30,0.09999999928571428,0.14285714285714285
P191,2017-03-31,0.05333333388888889,0.8888888888888888
P191,2017-04-01,0.09272727372727273,0.5454545454545454
P191,2017-04-02,0.06533333393333333,0.6666666666666666
P191,2017-04-03,0.15166666741666668,0.5833333333333334
P191,2017-04-04,0.14384615469230772,0.3076923076923077
P191,2017-04-05,0.13333333344444445,0.6666666666666666
P191,2017-04-06,0.0971428582857143,0.5714285714285714
P191,2017-04-07,0.09428571471428572,0.8571428571428571
P191,2017-04-08,0.070833333,0.5833333333333334
P191,2017-04-09,0.027333333133333335,0.5333333333333333
P191,2017-04-10,0.121250001125,0.5
P191,2017-04-11,0.1676923096923077,0.6923076923076923
P191,2017-04-12,0.14272727254545456,0.5454545454545454
P191,2017-04-13,0.0915384616923077,0.46153846153846156
P191,2017-04-14,0.09538461638461539,0.6153846153846154
P191,2017-04-15,0.07882352923529412,0.47058823529411764
P191,2017-04-16,0.10384615453846154,0.5384615384615384
P191,2017-04-17,0.12428571514285715,0.6428571428571429
P191,2017-04-18,0.07,0.6153846153846154
P191,2017-04-19,0.05666666644444445,0.3333333333333333
P191,2017-04-20,0.073750000125,0.5
P191,2017-04-21,0.082500001,0.6666666666666666
P191,2017-04-22,0.1818750015625,0.625
P191,2017-04-23,0.1350000005625,0.625
P191,2017-04-24,0.09749999975000001,0.0
P191,2017-04-25,0.0820000013,0.3
P191,2017-04-26,0.0431249996875,0.75
P191,2017-04-27,0.05374999975,0.875
P191,2017-04-28,0.11083333491666665,0.5
P191,2017-04-29,0.17,0.3333333333333333
P191,2017-04-30,0.1360000013,0.6
P191,2017-05-01,0.11999999974999999,0.75
P191,2017-05-02,0.07333333404761905,0.5714285714285714
P191,2017-05-03,0.0789999998,0.5
P191,2017-05-04,0.0790000009,0.4
P191,2017-05-05,0.1339999996,0.6
P191,2017-05-06,0.17200000173333332,0.4
P191,2017-05-07,0.096249999625,0.5
P191,2017-05-08,0.10363636454545455,0.5454545454545454
P191,2017-05-09,0.08222222277777778,0.5555555555555556
P191,2017-05-10,0.09000000076923077,0.23076923076923078
P191,2017-05-11,0.073076923,0.46153846153846156
P191,2017-05-12,0.10500000114285714,0.5
P191,2017-05-13,0.1060000006,0.3333333333333333
P191,2017-05-14,0.1320000014,0.3
P191,2017-05-15,0.11000000006666667,0.2
P191,2017-05-16,0.0818750005,0.1875
P191,2017-05-17,0.0980000004,0.7
P191,2017-05-18,0.1229999996,0.5
P191,2017-05-19,0.11416666783333333,0.6666666666666666
P191,2017-05-20,0.11499999925,0.75
P191,2017-05-21,0.08333333491666667,0.75
P191,2017-05-22,0.13083333383333334,0.4166666666666667
P191,2017-05-23,0.09250000058333334,0.5833333333333334
P191,2017-05-24,0.10909090900000001,0.45454545454545453
P191,2017-05-25,0.11846153923076923,0.6153846153846154
P191,2017-05-26,0.150000003125,0.625
P191,2017-05-27,0.095000001,0.4166666666666667
P191,2017-05-28,0.058888887777777774,0.3333333333333333
P191,2017-05-29,0.09222222233333334,0.2222222222222222
P191,2017-05-30,0.15083333466666668,0.5833333333333334
P191,2017-05-31,0.10111111111111111,0.6666666666666666
P191,2017-06-01,0.05999999985714286,0.5714285714285714
P191,2017-06-02,0.1021428575,0.35714285714285715
P191,2017-06-03,0.14333333566666667,0.3333333333333333
P191,2017-06-04,0.10600000080000001,0.7
P191,2017-06-05,0.09818181709090909,0.45454545454545453
P191,2017-06-06,0.06500000166666667,0.3333333333333333
P191,2017-06-07,0.1,0.5384615384615384
P191,2017-06-08,0.08999999850000001,0.6666666666666666
P191,2017-06-09,0.05714285685714286,0.5714285714285714
P191,2017-06-10,0.1190000011,0.7
P191,2017-06-11,0.10470588370588235,0.4117647058823529
P191,2017-06-12,0.13285714385714284,0.14285714285714285
P191,2017-06-13,0.10166666758333333,0.5833333333333334
P191,2017-06-14,0.07374999975,0.625
P191,2017-06-15,0.12000000033333334,0.6666666666666666
P191,2017-06-16,0.12000000070000001,0.5
P191,2017-06-17,0.0875000015,0.25
P191,2017-06-18,0.08545454518181818,0.45454545454545453
P191,2017-06-19,0.092,0.2
P191,2017-06-20,0.11888888911111112,0.7777777777777778
P191,2017-06-21,0.10111111222222222,0.5
P191,2017-06-22,0.09499999975,0.5
P191,2017-06-23,0.1300000007777778,0.5555555555555556
P191,2017-06-24,0.06571428614285714,0.6428571428571429
P191,2017-06-25,0.16846153992307694,0.23076923076923078
P191,2017-06-26,0.11181818199999999,0.36363636363636365
P191,2017-06-27,0.08384615384615385,0.6923076923076923
P191,2017-06-28,0.065,0.75
P191,2017-06-29,0.07999999960000001,0.8
P191,2017-06-30,0.11333333408333333,0.4166666666666667
P191,2017-07-01,0.116250000625,0.625
P191,2017-07-02,0.0659999981,0.4
P191,2017-07-03,0.10285714357142858,0.6428571428571429
P191,2017-07-04,0.10200000000000001,0.4
P191,2017-07-05,0.11285714407142858,0.8571428571428571
P191,2017-07-06,0.061818181636363635,0.36363636363636365
P191,2017-07-07,0.10117647176470589,0.8235294117647058
P191,2017-07-08,0.108000001,0.4
P191,2017-07-09,0.08199999760000001,1.0
P191,2017-07-10,0.13083333416666668,0.4166666666666667
P191,2017-07-11,0.07857142942857143,0.2857142857142857
P191,2017-07-12,0.10583333441666666,0.5833333333333334
P191,2017-07-13,0.0907142862142857,0.7857142857142857
P191,2017-07-14,0.13444444533333333,0.7777777777777778
P191,2017-07-15,0.10533333393333333,0.4666666666666667
P191,2017-07-16,0.0709999993,0.5
P191,2017-07-17,0.12923077076923078,0.38461538461538464
P191,2017-07-18,0.08300000199999999,0.2
P191,2017-07-19,0.09833333275,0.6666666666666666
P191,2017-07-20,0.086250000125,0.5
P191,2017-07-21,0.09384615492307692,0.6153846153846154
P191,2017-07-22,0.10695652217391304,0.391304347826087
P191,2017-07-23,0.1181250008125,0.5
P191,2017-07-24,0.1039999992,0.5
P191,2017-07-25,0.06812500025,0.5625
P191,2017-07-26,0.12428571557142856,0.7142857142857143
P191,2017-07-27,0.12909090972727275,0.36363636363636365
P191,2017-07-28,0.0923529414117647,0.5882352941176471
P191,2017-07-29,0.04941176464705882,0.23529411764705882
P191,2017-07-30,0.12333333440000001,0.26666666666666666
P191,2017-07-31,0.14555555711111112,0.7777777777777778
P191,2017-08-01,0.12117647052941176,0.5882352941176471
P191,2017-08-02,0.08750000050000001,0.4166666666666667
P191,2017-08-03,0.05500000033333333,0.6666666666666666
P191,2017-08-04,0.1070000016,0.5
P191,2017-08-05,0.10133333373333334,0.7333333333333333
P191,2017-08-06,0.07333333211111111,0.2222222222222222
P191,2017-08-07,0.11181818363636363,0.36363636363636365
P191,2017-08-08,0.1536363651818182,0.45454545454545453
P191,2017-08-09,0.12857142785714287,0.42857142857142855
P191,2017-08-10,0.09928571535714285,0.7142857142857143
P191,2017-08-11,0.06833333216666666,0.3333333333333333
P191,2017-08-12,0.07800000073333332,0.4
P191,2017-08-13,0.10666666673333333,0.6
P191,2017-08-14,0.14000000138461538,0.7692307692307693
P191,2017-08-15,0.083333334,0.0
P191,2017-08-16,0.0926666668,0.7333333333333333
P191,2017-08-17,0.0691666665,0.5833333333333334
P191,2017-08-18,0.10538461584615386,0.6923076923076923
P191,2017-08-19,0.14500000125,0.375
P191,2017-08-20,0.1237500005625,0.625
P191,2017-08-21,0.10571428678571429,0.6428571428571429
P191,2017-08-22,0.07666666588888889,0.7777777777777778
P191,2017-08-23,0.08333333386666666,0.4666666666666667
P191,2017-08-24,0.08555555605555555,0.5555555555555556
P191,2017-08-25,0.106249999125,0.625
P191,2017-08-26,0.11250000116666665,0.5833333333333334
P191,2017-08-27,0.09999999963636363,0.5454545454545454
P191,2017-08-28,0.11142857178571429,0.35714285714285715
P191,2017-08-29,0.07631578942105263,0.47368421052631576
P191,2017-08-30,0.11461538523076922,0.46153846153846156
P191,2017-08-31,0.1237500001875,0.3125
P191,2017-09-01,0.1380000002,0.9
P191,2017-09-02,0.09000000011111112,0.5555555555555556
P191,2017-09-03,0.0960000018,0.8
P191,2017-09-04,0.0599999995,0.6428571428571429
P191,2017-09-05,0.10769230834615384,0.46153846153846156
P191,2017-09-06,0.10571428642857142,0.2857142857142857
P191,2017-09-07,0.06428571478571429,0.2857142857142857
P191,2017-09-08,0.14916666716666668,0.4166666666666667
P191,2017-09-09,0.10750000108333334,0.4166666666666667
P191,2017-09-10,0.09470588252941176,0.17647058823529413
P191,2017-09-11,0.10733333466666667,0.6666666666666666
P191,2017-09-12,0.10066666673333334,0.5333333333333333
P191,2017-09-13,0.07444444377777777,0.5555555555555556
P191,2017-09-14,0.09533333473333334,0.6
P191,2017-09-15,0.04272727209090909,0.6363636363636364
P191,2017-09-16,0.1380000012,0.4
P191,2017-09-17,0.11090909245454546,0.09090909090909091
P191,2017-09-18,0.17272727463636364,0.45454545454545453
P191,2017-09-19,0.1231249998125,0.375
P191,2017-09-20,0.0712499995,0.625
P191,2017-09-21,0.0913333336,0.6
P191,2017-09-22,0.0900000010909091,0.6363636363636364
P191,2017-09-23,0.09157894768421053,0.7368421052631579
P191,2017-09-24,0.09090909172727274,0.9090909090909091
P191,2017-09-25,0.13733333446666668,0.5333333333333333
P191,2017-09-26,0.1176470585882353,0.5882352941176471
P191,2017-09-27,0.07111111044444444,0.6666666666666666
P191,2017-09-28,0.07388888972222223,0.5555555555555556
P191,2017-09-29,0.10555555655555555,0.1111111111111111
P191,2017-09-30,0.06214285664285714,0.6428571428571429
P191,2017-10-01,0.11285714342857144,0.35714285714285715
P191,2017-10-02,0.147500003,0.625
P203,2017-09-11,0.0825000005,0.5
P203,2017-09-12,0.02,0.0
P203,2017-09-14,0.200000003,1.0
P203,2017-09-15,0.155000001,1.0
P203,2017-09-16,0.089999998,1.0
P203,2017-09-17,0.039999999,0.0
P203,2017-09-18,0.029999999,1.0
P203,2017-09-19,0.125,0.5
P203,2017-09-20,0.1250000035,1.0
P203,2017-09-21,0.080000002,0.5
P203,2017-09-22,0.0249999995,0.5
P203,2017-09-23,0.1000000015,0.0
P203,2017-09-24,0.150000006,1.0
P203,2017-09-25,0.129999995,0.0
P203,2017-09-26,0.07000000166666666,1.0
P203,2017-09-27,0.029999999,1.0
P203,2017-09-28,0.01,1.0
P203,2017-09-29,0.150000001,0.6666666666666666
P208,2017-09-29,0.25,0.0
P208,2017-09-30,0.1720000028,0.4
P208,2017-10-01,0.10999999925000001,0.25
P208,2017-10-02,0.0499999996,0.6
P216,2017-04-24,0.200000003,1.0
P216,2017-04-25,0.1750000045,0.0
P216,2017-04-27,0.159999996,1.0
P216,2017-05-01,0.150000006,1.0
P216,2017-05-02,0.129999995,1.0
P216,2017-05-13,0.119999997,1.0
P216,2017-05-17,0.100000001,1.0
P216,2017-05-19,0.080000002,0.5
P216,2017-05-30,0.059999999,1.0
P216,2017-06-01,0.045,0.0
P216,2017-06-08,0.0249999995,1.0
P216,2017-06-13,0.01,0.0
P216,2017-06-14,0.0,1.0
P216,2017-06-16,0.25,1.0
P216,2017-06-18,0.200000003,1.0
P216,2017-06-20,0.180000007,0.0
P216,2017-06-22,0.164999999,0.0
P216,2017-06-26,0.150000006,0.0
P216,2017-06-27,0.129999995,0.0
P216,2017-07-02,0.119999997,1.0
P216,2017-07-05,0.100000001,1.0
P216,2017-07-10,0.090000004,1.0
P216,2017-07-11,0.07,0.0
P216,2017-07-15,0.059999999,1.0
P216,2017-07-17,0.050000001,1.0
P216,2017-07-18,0.039999999,0.0
P216,2017-07-21,0.0249999995,0.0
P216,2017-07-23,0.01,0.0
P216,2017-07-27,0.125,0.5
P216,2017-07-29,0.190000005,0.5
P216,2017-08-04,0.170000002,1.0
P216,2017-08-05,0.155000001,1.0
P216,2017-08-08,0.11666666433333334,0.6666666666666666
P216,2017-08-12,0.090000004,0.0
P216,2017-08-13,0.07,0.0
P216,2017-08-14,0.059999999,1.0
P216,2017-08-15,0.050000001,0.0
P216,2017-08-16,0.039999999,0.0
P216,2017-08-18,0.029999999,1.0
P216,2017-08-19,0.02,0.0
P216,2017-08-20,0.005,0.5
P216,2017-08-21,0.25,1.0
P216,2017-08-22,0.200000003,1.0
P216,2017-08-24,0.180000007,1.0
P216,2017-08-29,0.164999999,1.0
P216,2017-08-30,0.1400000005,0.5
P216,2017-09-02,0.119999997,1.0
P216,2017-09-03,0.100000001,1.0
P216,2017-09-08,0.090000004,0.0
P216,2017-09-09,0.07,1.0
P226,2017-09-29,0.1575000025,0.5
P226,2017-09-30,0.143333333,1.0
P226,2017-10-01,0.10666666666666667,0.3333333333333333
P235,2015-01-03,0.180000007,1.0
P235,2015-01-09,0.180000007,0.0
P235,2015-01-14,0.170000002,1.0
P235,2015-01-18,0.07,0.0
P235,2015-01-21,0.10666666666666667,0.6666666666666666
P235,2015-01-22,0.150000006,1.0
P235,2015-01-24,0.119999997,0.0
P235,2015-01-25,0.059999999,0.0
P235,2015-01-26,0.039999999,0.0
P235,2015-01-29,0.059999999,1.0
P235,2015-01-30,0.119999997,0.0
P235,2015-02-04,0.150000006,0.0
P235,2015-02-08,0.119999997,1.0
P235,2015-02-10,0.050000001,0.0
P235,2015-02-16,0.039999999,1.0
P235,2015-02-18,0.100000001,1.0
P235,2015-02-20,0.090000004,0.0
P235,2015-02-26,0.02,0.0
P235,2015-03-01,0.0550000005,0.5
P235,2015-03-03,0.0,1.0
P235,2015-03-09,0.25,1.0
P235,2015-03-21,0.200000003,1.0
P235,2015-03-22,0.045,1.0
P235,2015-03-23,0.200000003,1.0
P235,2015-03-28,0.029999999,1.0
P235,2015-04-02,0.07,0.0
P235,2015-04-07,0.005,1.0
P235,2015-04-08,0.159999996,1.0
P235,2015-04-09,0.20499999800000002,0.5
P235,2015-04-14,0.129999995,1.0
P235,2015-04-17,0.08,1.0
P235,2015-04-20,0.0650000015,0.0
P235,2015-04-22,0.07,0.0
P235,2015-04-23,0.1000000005,0.5
P235,2015-04-25,0.07,0.0
P235,2015-04-26,0.059999999,0.0
P235,2015-04-27,0.050000001,1.0
P235,2015-04-28,0.159999996,1.0
P235,2015-04-29,0.044999999,1.0
P235,2015-04-30,0.129999995,1.0
P235,2015-05-03,0.050000001,1.0
P235,2015-05-06,0.100000001,1.0
P235,2015-05-14,0.01,1.0
P235,2015-05-17,0.02,0.0
P235,2015-05-19,0.01,0.0
P235,2015-05-20,0.029999999,1.0
P235,2015-05-21,0.045000002,0.5
P235,2015-05-30,0.0249999995,0.5
P235,2015-06-11,0.200000003,1.0
P235,2015-06-14,0.180000007,1.0
P235,2015-06-16,0.25,0.0
P235,2015-06-20,0.070000001,0.6666666666666666
P235,2015-06-23,0.01,1.0
P235,2015-06-26,0.120000003,1.0
P235,2015-06-29,0.170000002,1.0
P235,2015-07-15,0.155000001,0.5
P235,2015-07-16,0.180000007,1.0
P235,2015-07-17,0.170000002,0.0
P235,2015-07-22,0.129999995,1.0
P235,2015-07-27,0.129999995,0.0
P235,2015-08-02,0.150000006,1.0
P235,2015-08-04,0.129999995,1.0
P235,2015-08-09,0.0950000025,0.5
P235,2015-08-15,0.200000003,1.0
P235,2015-08-17,0.119999997,1.0
P235,2015-08-18,0.180000007,1.0
P235,2015-08-19,0.25,0.0
P235,2015-08-25,0.050000001,0.0
P235,2015-08-27,0.07,0.0
P235,2015-08-30,0.059999999,1.0
P235,2015-09-02,0.170000002,1.0
P235,2015-09-03,0.039999999,0.0
P235,2015-09-04,0.180000007,0.0
P235,2015-09-06,0.170000002,0.0
P235,2015-09-13,0.050000001,0.0
P235,2015-09-17,0.159999996,0.0
P235,2015-09-22,0.079999998,1.0
P235,2015-09-23,0.07,1.0
P235,2015-09-24,0.029999999,0.0
P235,2015-09-30,0.150000006,1.0
P235,2015-10-01,0.25,1.0
P235,2015-10-03,0.08666666866666667,1.0
P235,2015-10-06,0.01,1.0
P235,2015-10-12,0.129999995,0.0
P235,2015-10-14,0.0,1.0
P235,2015-10-15,0.16,0.5
P235,2015-10-18,0.25,1.0
P235,2015-10-19,0.119999997,0.0
P235,2015-10-21,0.100000001,1.0
P235,2015-10-27,0.0650000015,0.5
P235,2015-10-28,0.07,1.0
P235,2015-10-30,0.180000007,0.0
P235,2015-11-02,0.050000001,1.0
P235,2015-11-05,0.159999996,1.0
P235,2015-11-06,0.059999999,1.0
P235,2015-11-08,0.050000001,1.0
P235,2015-11-09,0.1750000045,0.5
P235,2015-11-10,0.039999999,1.0
P235,2015-11-13,0.159999996,0.0
P235,2015-11-15,0.02,1.0
P235,2015-11-18,0.119999997,1.0
P235,2015-11-23,0.01,0.0
P235,2015-11-25,0.01,0.0
P235,2015-11-27,0.0,0.0
P235,2015-11-28,0.100000001,0.0
P235,2015-11-30,0.0,1.0
P235,2015-12-08,0.0,1.0
P235,2015-12-10,0.07,0.0
P235,2015-12-14,0.200000003,1.0
P235,2015-12-17,0.02,0.0
P235,2015-12-19,0.0900000035,0.5
P235,2015-12-21,0.090000004,0.0
P235,2015-12-23,0.170000002,0.0
P235,2015-12-24,0.25,1.0
P235,2015-12-29,0.180000007,0.0
P235,2016-01-01,0.170000002,1.0
P235,2016-01-06,0.159999996,0.0
P235,2016-01-10,0.150000006,1.0
P235,2016-01-11,0.159999996,1.0
P235,2016-01-12,0.129999995,1.0
P235,2016-01-14,0.039999999,1.0
P235,2016-01-17,0.029999999,1.0
P235,2016-01-19,0.109999999,1.0
P235,2016-01-21,0.129999995,1.0
P235,2016-01-26,0.129999995,1.0
P235,2016-01-27,0.090000004,1.0
P235,2016-01-29,0.100000001,0.0
P235,2016-01-30,0.119999997,1.0
P235,2016-02-04,0.07,0.0
P235,2016-02-07,0.059999999,1.0
P235,2016-02-10,0.080000002,0.0
P235,2016-02-15,0.059999999,1.0
P235,2016-02-22,0.170000002,0.0
P235,2016-02-28,0.039999999,0.0
P235,2016-02-29,0.029999999,0.0
P235,2016-03-13,0.039999999,1.0
P235,2016-03-18,0.039999999,0.0
P235,2016-03-19,0.029999999,1.0
P235,2016-03-22,0.02,0.0
P235,2016-03-23,0.063333335,0.3333333333333333
P235,2016-03-25,0.01,1.0
P235,2016-03-28,0.0,0.0
P235,2016-03-30,0.25,1.0
P235,2016-04-03,0.090000004,0.0
P235,2016-04-04,0.07,1.0
P235,2016-04-05,0.02,1.0
P235,2016-04-09,0.190000005,0.5
P235,2016-04-11,0.170000002,1.0
P235,2016-04-19,0.0,0.0
P235,2016-04-24,0.159999996,1.0
P235,2016-04-28,0.159999996,1.0
P235,2016-04-30,0.180000007,0.0
P235,2016-05-05,0.25,0.0
P235,2016-05-14,0.16333333133333336,0.6666666666666666
P235,2016-05-15,0.129999995,0.0
P235,2016-05-16,0.150000002,0.5
P235,2016-05-17,0.01,1.0
P235,2016-05-21,0.100000001,0.0
P235,2016-05-22,0.085000001,1.0
P235,2016-05-27,0.129999995,1.0
P235,2016-05-28,0.090000004,0.0
P235,2016-06-04,0.100000001,1.0
P235,2016-06-10,0.159999996,0.0
P235,2016-06-12,0.150000006,1.0
P235,2016-06-16,0.170000002,1.0
P235,2016-06-20,0.100000001,0.0
P235,2016-06-25,0.090000004,1.0
P235,2016-07-05,0.119999997,1.0
P235,2016-07-06,0.100000001,0.0
P235,2016-07-07,0.150000006,1.0
P235,2016-07-19,0.02,1.0
P235,2016-07-21,0.0349999995,0.5
P235,2016-07-26,0.25,1.0
P235,2016-07-27,0.200000003,1.0
P235,2016-08-01,0.180000007,1.0
P235,2016-08-04,0.090000004,1.0
P235,2016-08-10,0.110000003,0.5
P235,2016-08-11,0.07,1.0
P235,2016-08-12,0.170000002,1.0
P235,2016-08-14,0.159999996,0.0
P235,2016-08-20,0.029999999,0.0
P235,2016-08-21,0.059999999,1.0
P235,2016-08-22,0.02,0.0
P235,2016-08-23,0.01,0.0
P235,2016-08-24,0.0,1.0
P235,2016-08-26,0.150000006,0.0
P235,2016-08-28,0.25,1.0
P235,2016-08-30,0.079999998,0.5
P235,2016-09-03,0.100000001,1.0
P235,2016-09-05,0.150000006,0.0
P235,2016-09-09,0.02,1.0
P235,2016-09-10,0.129999995,1.0
P235,2016-09-15,0.029999999,1.0
P235,2016-09-19,0.02,1.0
P235,2016-09-29,0.0500000005,0.5
P235,2016-10-03,0.17000000199999998,0.5
P235,2016-10-06,0.125000002,0.0
P235,2016-10-10,0.07,0.0
P235,2016-10-12,0.180000007,0.0
P235,2016-10-16,0.159999996,1.0
P235,2016-10-20,0.25,1.0
P235,2016-10-22,0.150000006,1.0
P235,2016-11-01,0.200000003,0.0
P235,2016-11-04,0.159999996,1.0
P235,2016-11-05,0.050000001,0.0
P235,2016-11-10,0.090000004,1.0
P235,2016-11-12,0.059999999,0.0
P235,2016-11-13,0.050000001,1.0
P235,2016-11-17,0.029999999,1.0
P235,2016-11-20,0.140000004,0.0
P235,2016-11-26,0.039999999,0.0
P235,2016-12-01,0.01,1.0
P235,2016-12-02,0.02,0.0
P235,2016-12-03,0.005,0.0
P235,2016-12-06,0.07,0.0
P235,2016-12-09,0.029999999,0.0
P235,2016-12-11,0.200000003,1.0
P235,2016-12-13,0.180000007,0.0
P235,2016-12-17,0.159999996,1.0
P235,2016-12-18,0.170000002,0.0
P235,2016-12-22,0.039999999,1.0
P235,2016-12-24,0.150000006,0.0
P235,2016-12-27,0.01,0.0
P235,2017-01-05,0.125,1.0
P235,2017-01-08,0.1450000035,0.5
P235,2017-01-14,0.02,0.0
P235,2017-01-15,0.200000003,1.0
P235,2017-01-16,0.0950000035,0.0
P235,2017-01-18,0.07,0.0
P235,2017-01-21,0.059999999,0.0
P235,2017-01-22,0.159999996,1.0
P235,2017-02-05,0.150000006,1.0
P235,2017-02-13,0.129999995,1.0
P235,2017-02-17,0.100000001,0.0
P235,2017-02-18,0.1450000035,0.0
P235,2017-02-25,0.029999999,1.0
P235,2017-02-27,0.13500000150000002,1.0
P235,2017-02-28,0.07,1.0
P235,2017-03-01,0.07,1.0
P235,2017-03-05,0.039999999,0.0
P235,2017-03-06,0.02,0.0
P235,2017-03-13,0.02,0.0
P235,2017-03-14,0.150000006,1.0
P235,2017-03-18,0.039999999,1.0
P235,2017-03-20,0.0,1.0
P235,2017-03-23,0.25,0.0
P235,2017-03-24,0.0,1.0
P235,2017-03-25,0.100000001,1.0
P235,2017-03-26,0.01,0.0
P235,2017-04-06,0.090000004,0.0
P235,2017-04-11,0.02,0.0
P235,2017-04-18,0.200000003,1.0
P249,2015-01-08,0.059999999,1.0
P249,2015-01-09,0.02,1.0
P249,2015-01-15,0.100000001,1.0
P249,2015-01-18,0.25,1.0
P249,2015-01-22,0.200000003,1.0
P249,2015-01-25,0.090000004,1.0
P249,2015-01-26,0.01,1.0
P249,2015-01-30,0.100000001,0.0
P249,2015-02-04,0.050000001,0.0
P249,2015-02-05,0.039999999,1.0
P249,2015-02-11,0.090000004,1.0
P249,2015-02-12,0.07,0.0
P249,2015-03-04,0.180000007,1.0
P249,2015-03-06,0.044999999,0.5
P249,2015-03-07,0.02,0.0
P249,2015-03-08,0.07,0.0
P249,2015-03-12,0.01,1.0
P249,2015-03-15,0.0,1.0
P249,2015-03-19,0.170000002,1.0
P249,2015-03-20,0.159999996,1.0
P249,2015-03-22,0.25,1.0
P249,2015-03-26,0.150000006,1.0
P249,2015-03-29,0.129999995,1.0
P249,2015-03-30,0.050000001,1.0
P249,2015-04-02,0.119999997,1.0
P249,2015-04-03,0.059999999,1.0
P249,2015-04-05,0.07500000100000001,0.5
P249,2015-04-06,0.12000000100000001,1.0
P249,2015-04-10,0.0,1.0
P249,2015-04-11,0.0650000015,0.0
P249,2015-04-12,0.25,1.0
P249,2015-04-14,0.190000005,0.5
P249,2015-04-27,0.029999999,0.0
P249,2015-05-02,0.180000007,0.0
P249,2015-05-06,0.02,1.0
P249,2015-05-07,0.170000002,1.0
P249,2015-05-08,0.159999996,1.0
P249,2015-05-11,0.12000000100000001,0.5
P249,2015-05-12,0.01,0.0
P249,2015-05-18,0.059999999,1.0
P249,2015-05-23,0.029999999,0.0
P249,2015-05-25,0.02,1.0
P249,2015-05-26,0.159999996,1.0
P249,2015-05-31,0.150000006,1.0
P249,2015-06-04,0.01,1.0
P249,2015-06-15,0.0,1.0
P249,2015-06-16,0.150000006,0.0
P249,2015-06-21,0.050000001,0.0
P249,2015-06-23,0.039999999,1.0
P249,2015-06-24,0.25,0.0
P249,2015-06-28,0.129999995,0.0
P249,2015-07-06,0.029999999,0.0
P249,2015-07-08,0.129999995,0.0
P249,2015-07-21,0.16,0.5
P249,2015-07-26,0.119999997,1.0
P249,2015-08-06,0.01,0.5
P249,2015-08-10,0.09666666933333333,0.3333333333333333
P249,2015-08-12,0.0,0.0
P249,2015-08-14,0.090000004,0.0
P249,2015-08-28,0.210000001,0.5
P249,2015-09-02,0.07,0.0
P249,2015-09-07,0.100000001,1.0
P249,2015-09-10,0.25,1.0
P249,2015-09-14,0.059999999,1.0
P249,2015-09-16,0.200000003,0.0
P249,2015-09-19,0.090000004,0.0
P249,2015-09-21,0.07,1.0
P249,2015-09-29,0.11500000399999999,0.0
P249,2015-10-01,0.130000001,0.5
P249,2015-10-02,0.170000002,0.0
P249,2015-10-03,0.180000007,1.0
P249,2015-10-10,0.155000001,0.5
P249,2015-10-15,0.050000001,1.0
P249,2015-10-17,0.170000002,1.0
P249,2015-10-22,0.039999999,1.0
P249,2015-10-23,0.129999995,1.0
P249,2015-10-26,0.029999999,0.0
P249,2015-10-27,0.119999997,1.0
P249,2015-10-28,0.100000001,0.0
P249,2015-11-02,0.090000004,1.0
P249,2015-11-09,0.02,1.0
P249,2015-11-12,0.159999996,1.0
P249,2015-11-15,0.150000006,0.0
P249,2015-11-19,0.07,1.0
P249,2015-11-20,0.1449999955,1.0
P249,2015-11-22,0.150000006,0.0
P249,2015-11-23,0.059999999,1.0
P249,2015-11-24,0.01,0.0
P249,2015-11-30,0.0,0.0
P249,2015-12-01,0.119999997,1.0
P249,2015-12-04,0.129999995,1.0
P249,2015-12-06,0.039999999,0.0
P249,2015-12-09,0.029999999,0.0
P249,2015-12-10,0.045,1.0
P249,2015-12-12,0.100000001,1.0
P249,2015-12-13,0.080000002,0.5
P249,2015-12-14,0.02,1.0
P249,2015-12-19,0.25,0.0
P249,2015-12-27,0.029999999,0.0
P249,2015-12-29,0.02,1.0
P249,2016-01-01,0.01,0.0
P249,2016-01-13,0.200000003,1.0
P249,2016-01-14,0.01,0.0
P249,2016-01-18,0.0,0.0
P249,2016-01-19,0.059999999,1.0
P249,2016-01-21,0.18499999849999998,1.0
P249,2016-01-25,0.0900000035,0.0
P249,2016-01-26,0.25,0.0
P249,2016-02-05,0.170000002,1.0
P249,2016-02-10,0.200000003,1.0
P249,2016-02-12,0.100000001,0.0
P249,2016-02-13,0.125,0.5
P249,2016-02-16,0.180000007,1.0
P249,2016-02-17,0.200000003,0.0
P249,2016-02-24,0.050000001,0.0
P249,2016-02-26,0.150000006,1.0
P249,2016-02-28,0.129999995,0.0
P249,2016-03-05,0.180000007,0.0
P249,2016-03-07,0.170000002,1.0
P249,2016-03-10,0.1449999995,0.5
P249,2016-03-13,0.159999996,1.0
P249,2016-03-15,0.07,0.0
P249,2016-03-22,0.100000001,1.0
P249,2016-03-30,0.059999999,0.0
P249,2016-04-03,0.150000006,1.0
P249,2016-04-05,0.159999996,1.0
P249,2016-04-18,0.090000004,1.0
P249,2016-04-22,0.150000006,0.0
P249,2016-04-23,0.129999995,0.0
P249,2016-05-05,0.039999999,1.0
P249,2016-05-06,0.129999995,0.0
P249,2016-05-07,0.0499999995,0.5
P249,2016-05-08,0.059999999,1.0
P249,2016-05-10,0.0350000005,0.5
P249,2016-05-20,0.045,1.0
P249,2016-05-22,0.119999997,1.0
P249,2016-05-28,0.01,1.0
P249,2016-05-29,0.0,0.0
P249,2016-06-01,0.06333333166666667,1.0
P249,2016-06-02,0.100000001,1.0
P249,2016-06-07,0.2250000015,0.5
P249,2016-06-09,0.029999999,0.0
P249,2016-06-15,0.090000004,1.0
P249,2016-06-22,0.180000007,0.0
P249,2016-06-23,0.170000002,1.0
P249,2016-06-26,0.02,1.0
P249,2016-07-02,0.045000000000000005,0.5
P249,2016-07-09,0.01,1.0
P249,2016-07-10,0.100000001,0.0
P249,2016-07-11,0.159999996,0.0
P249,2016-07-12,0.01,1.0
P249,2016-07-13,0.090000004,1.0
P249,2016-07-14,0.1400000005,1.0
P249,2016-07-17,0.059999999,0.0
P249,2016-07-21,0.0,0.0
P249,2016-07-24,0.0,1.0
P249,2016-07-25,0.08499999899999999,1.0
P249,2016-08-07,0.25,1.0
P249,2016-08-12,0.07,0.0
P249,2016-08-13,0.039999999,0.0
P249,2016-08-18,0.059999999,0.0
P249,2016-08-19,0.100000001,1.0
P249,2016-08-24,0.15666667133333334,1.0
P249,2016-08-27,0.07,0.0
P249,2016-08-29,0.19333333266666666,0.6666666666666666
P249,2016-08-30,0.200000003,1.0
P249,2016-08-31,0.105000003,0.0
P249,2016-09-01,0.045,0.5
P249,2016-09-03,0.170000002,0.0
P249,2016-09-06,0.150000006,1.0
P249,2016-09-15,0.059999999,1.0
P249,2016-09-17,0.129999995,0.0
P249,2016-09-19,0.029999999,1.0
P249,2016-09-25,0.02,0.0
P249,2016-10-01,0.050000001,1.0
P249,2016-10-02,0.159999996,1.0
P249,2016-10-03,0.150000006,0.0
P249,2016-10-04,0.079999998,0.0
P249,2016-10-10,0.100000001,0.0
P249,2016-10-11,0.129999995,0.0
P249,2016-10-16,0.090000004,0.0
P249,2016-10-26,0.07,0.0
P249,2016-10-27,0.074999998,0.0
P249,2016-10-29,0.059999999,1.0
P249,2016-10-30,0.01,1.0
P249,2016-10-31,0.02,1.0
P249,2016-11-05,0.01,0.0
P249,2016-11-07,0.02,0.0
P249,2016-11-08,0.030000000500000002,1.0
P249,2016-11-09,0.0950000025,0.5
P249,2016-11-13,0.07,1.0
P249,2016-11-16,0.0199999995,1.0
P249,2016-11-18,0.25,1.0
P249,2016-11-19,0.200000003,0.0
P249,2016-11-21,0.059999999,1.0
P249,2016-11-23,0.180000007,0.0
P249,2016-11-26,0.0,0.0
P249,2016-11-27,0.029999999,0.0
P249,2016-11-30,0.01,1.0
P249,2016-12-09,0.01,1.0
P249,2016-12-11,0.0,0.0
P249,2016-12-13,0.25,1.0
P249,2016-12-16,0.190000005,0.5
P249,2016-12-18,0.170000002,1.0
P249,2016-12-24,0.1500000005,1.0
P249,2016-12-28,0.039999999,1.0
P249,2017-01-04,0.170000002,1.0
P249,2017-01-12,0.17333333166666667,0.0
P249,2017-01-13,0.1399999995,0.5
P249,2017-01-14,0.150000006,1.0
P249,2017-01-15,0.180000007,0.0
P249,2017-01-16,0.129999995,1.0
P249,2017-01-17,0.119999997,1.0
P249,2017-01-21,0.200000003,1.0
P249,2017-02-04,0.160000004,0.0
P249,2017-02-11,0.1449999955,0.0
P249,2017-02-15,0.119999997,1.0
P249,2017-02-18,0.100000001,1.0
P249,2017-02-20,0.100000001,1.0
P249,2017-02-23,0.02,0.0
P249,2017-02-24,0.090000004,1.0
P249,2017-02-28,0.090000004,1.0
P249,2017-03-01,0.180000007,0.0
P249,2017-03-08,0.170000002,0.0
P249,2017-03-09,0.114999998,0.5
P249,2017-03-11,0.059999999,0.0
P249,2017-03-22,0.060000000500000004,1.0
P249,2017-03-25,0.01,1.0
P249,2017-03-31,0.059999999,1.0
P249,2017-04-04,0.150000006,0.0
P249,2017-04-05,0.050000001,1.0
P249,2017-04-09,0.039999999,1.0
P249,2017-04-15,0.029999999,0.0
P249,2017-04-17,0.0,0.0
P249,2017-04-21,0.039999999,1.0
P249,2017-04-22,0.02,0.0
P251,2017-04-25,0.159999996,1.0
P251,2017-04-26,0.150000006,1.0
P251,2017-04-28,0.100000001,1.0
P251,2017-04-30,0.129999995,0.0
P251,2017-05-05,0.100000001,1.0
P251,2017-05-07,0.25,1.0
P251,2017-05-08,0.07,0.0
P251,2017-05-10,0.1050000005,0.5
P251,2017-05-16,0.13500000150000002,0.0
P251,2017-05-18,0.180000007,0.0
P251,2017-05-26,0.029999999,0.0
P251,2017-05-29,0.029999999,0.0
P251,2017-05-30,0.02,0.0
P251,2017-06-01,0.159999996,0.0
P251,2017-06-03,0.02,1.0
P251,2017-06-05,0.150000006,0.0
P251,2017-06-11,0.129999995,1.0
P251,2017-06-12,0.25,0.0
P251,2017-06-13,0.13000000125,0.25
P251,2017-06-14,0.059999999,1.0
P251,2017-06-16,0.25,1.0
P251,2017-06-23,0.25,0.0
P251,2017-06-24,0.1450000035,0.0
P251,2017-06-27,0.07,1.0
P251,2017-06-28,0.130000001,0.0
P251,2017-07-04,0.180000007,0.0
P251,2017-07-05,0.180000007,1.0
P251,2017-07-07,0.170000002,0.0
P251,2017-07-11,0.150000006,1.0
P251,2017-07-12,0.029999999,0.0
P251,2017-07-21,0.159999996,0.0
P251,2017-07-23,0.150000006,0.0
P251,2017-07-24,0.045000000000000005,0.5
P251,2017-07-26,0.12666666233333335,0.3333333333333333
P251,2017-07-30,0.109999999,0.0
P251,2017-08-01,0.100000001,1.0
P251,2017-08-03,0.01,0.0
P251,2017-08-11,0.07,1.0
P251,2017-08-16,0.15499999949999999,1.0
P251,2017-08-19,0.180000007,1.0
P251,2017-08-20,0.170000002,1.0
P251,2017-08-21,0.049999999,1.0
P251,2017-08-22,0.050000001,1.0
P251,2017-08-27,0.075000003,0.5
P251,2017-08-29,0.129999995,1.0
P251,2017-08-31,0.01,1.0
P251,2017-09-02,0.0,1.0
P251,2017-09-03,0.109999999,0.5
P251,2017-09-06,0.180000007,1.0
P251,2017-09-08,0.039999999,0.0
P251,2017-09-09,0.029999999,1.0
P258,2017-04-25,0.170000002,1.0
P258,2017-04-27,0.029999999,1.0
P258,2017-04-28,0.039999999,1.0
P258,2017-05-05,0.029999999,1.0
P258,2017-05-08,0.155000001,0.5
P258,2017-05-09,0.1099999995,0.5
P258,2017-05-14,0.02,0.0
P258,2017-05-15,0.01,1.0
P258,2017-05-26,0.01,1.0
P258,2017-05-30,0.07,0.0
P258,2017-06-01,0.01,1.0
P258,2017-06-06,0.0349999995,0.0
P258,2017-06-08,0.08499999899999999,0.5
P258,2017-06-10,0.0199999995,0.5
P258,2017-06-14,0.25,0.0
P258,2017-06-15,0.029999999,1.0
P258,2017-06-16,0.100000001,1.0
P258,2017-06-17,0.200000003,1.0
P258,2017-06-20,0.25,0.0
P258,2017-06-21,0.02,0.0
P258,2017-06-26,0.090000004,1.0
P258,2017-06-29,0.200000003,1.0
P258,2017-07-02,0.180000007,0.0
P258,2017-07-03,0.07,0.0
P258,2017-07-04,0.0,0.0
P258,2017-07-06,0.170000002,1.0
P258,2017-07-11,0.25,0.0
P258,2017-07-12,0.0349999995,0.5
P258,2017-07-21,0.13000000133333334,0.6666666666666666
P258,2017-07-24,0.0,1.0
P258,2017-07-25,0.20000000299999998,0.5
P258,2017-07-26,0.09666666366666667,0.6666666666666666
P258,2017-08-01,0.170000002,1.0
P258,2017-08-02,0.029999999,0.0
P258,2017-08-07,0.190000005,1.0
P258,2017-08-09,0.170000002,0.0
P258,2017-08-10,0.100000001,1.0
P258,2017-08-12,0.02,1.0
P258,2017-08-14,0.159999996,1.0
P258,2017-08-15,0.1799999995,0.0
P258,2017-08-16,0.01,0.0
P258,2017-08-18,0.180000007,1.0
P258,2017-08-20,0.150000006,1.0
P258,2017-08-22,0.150000006,0.0
P258,2017-08-24,0.170000002,1.0
P258,2017-08-26,0.090000004,1.0
P258,2017-08-27,0.129999995,0.0
P258,2017-08-30,0.159999996,1.0
P258,2017-08-31,0.0,1.0
P258,2017-09-02,0.129999995,1.0
P258,2017-09-04,0.14666666566666667,0.6666666666666666
P258,2017-09-05,0.100000001,1.0
P258,2017-09-06,0.119999997,0.0
P258,2017-09-09,0.090000004,1.0
P273,2015-01-06,0.07,1.0
P273,2015-01-09,0.180000007,0.0
P273,2015-01-12,0.090000004,0.0
P273,2015-01-14,0.050000001,1.0
P273,2015-01-15,0.059999999,0.0
P273,2015-01-24,0.06333333366666667,0.3333333333333333
P273,2015-02-01,0.170000002,1.0
P273,2015-02-03,0.090000004,0.0
P273,2015-02-05,0.159999996,1.0
P273,2015-02-11,0.039999999,1.0
P273,2015-02-13,0.029999999,1.0
P273,2015-02-15,0.150000006,1.0
P273,2015-02-25,0.07,0.0
P273,2015-02-28,0.07,1.0
P273,2015-03-01,0.059999999,1.0
P273,2015-03-03,0.045,1.0
P273,2015-03-14,0.129999995,1.0
P273,2015-03-15,0.119999997,0.0
P273,2015-03-18,0.100000001,0.0
P273,2015-03-21,0.02,0.0
P273,2015-03-23,0.01,1.0
P273,2015-03-24,0.0149999995,0.5
P273,2015-03-28,0.02,1.0
P273,2015-03-29,0.17000000199999998,0.5
P273,2015-04-02,0.01,1.0
P273,2015-04-03,0.07,1.0
P273,2015-04-04,0.059999999,1.0
P273,2015-04-24,0.029999999,1.0
P273,2015-04-25,0.02,0.0
P273,2015-04-27,0.050000001,1.0
P273,2015-04-28,0.01,1.0
P273,2015-05-01,0.200000003,0.0
P273,2015-05-02,0.039999999,1.0
P273,2015-05-04,0.0,0.0
P273,2015-05-05,0.0,0.0
P273,2015-05-06,0.25,1.0
P273,2015-05-09,0.059999999,1.0
P273,2015-05-12,0.190000005,0.5
P273,2015-05-14,0.0249999995,1.0
P273,2015-05-15,0.170000002,1.0
P273,2015-05-23,0.180000007,0.0
P273,2015-05-24,0.1799999995,0.5
P273,2015-05-29,0.01,1.0
P273,2015-05-31,0.150000006,1.0
P273,2015-06-01,0.129999995,1.0
P273,2015-06-03,0.119999997,1.0
P273,2015-06-06,0.0,0.0
P273,2015-06-08,0.180000007,1.0
P273,2015-06-10,0.100000001,1.0
P273,2015-06-12,0.170000002,1.0
P273,2015-06-21,0.25,1.0
P273,2015-06-22,0.050000001,0.0
P273,2015-06-24,0.200000003,0.0
P273,2015-06-29,0.039999999,0.0
P273,2015-07-07,0.090000004,0.0
P273,2015-07-08,0.029999999,1.0
P273,2015-07-13,0.159999996,1.0
P273,2015-07-18,0.170000002,0.0
P273,2015-07-20,0.0649999995,0.5
P273,2015-07-22,0.150000006,1.0
P273,2015-07-27,0.045,0.5
P273,2015-07-31,0.159999996,0.0
P273,2015-08-11,0.079999997,0.5
P273,2015-08-13,0.180000007,0.0
P273,2015-08-14,0.02,0.0
P273,2015-08-23,0.01,0.0
P273,2015-08-26,0.150000006,1.0
P273,2015-08-31,0.0,0.0
P273,2015-09-01,0.129999995,1.0
P273,2015-09-03,0.02,1.0
P273,2015-09-04,0.119999997,0.0
P273,2015-09-06,0.01,1.0
P273,2015-09-11,0.25,1.0
P273,2015-09-12,0.200000003,1.0
P273,2015-09-21,0.100000001,0.0
P273,2015-09-28,0.170000002,1.0
P273,2015-10-04,0.180000007,1.0
P273,2015-10-07,0.170000002,1.0
P273,2015-10-15,0.090000004,1.0
P273,2015-10-20,0.155000001,0.5
P273,2015-10-24,0.0,1.0
P273,2015-10-26,0.07,0.0
P273,2015-10-27,0.25,1.0
P273,2015-10-28,0.159999996,1.0
P273,2015-11-01,0.200000003,0.0
P273,2015-11-09,0.059999999,1.0
P273,2015-11-12,0.129999995,1.0
P273,2015-11-21,0.180000007,1.0
P273,2015-11-24,0.119999997,1.0
P273,2015-11-25,0.050000001,0.0
P273,2015-11-28,0.100000001,0.0
P273,2015-11-29,0.150000006,0.0
P273,2015-12-04,0.08499999700000001,0.5
P273,2015-12-10,0.090000004,0.0
P273,2015-12-19,0.119999997,0.0
P273,2015-12-22,0.170000002,1.0
P273,2015-12-25,0.100000001,1.0
P273,2015-12-27,0.159999996,0.0
P273,2015-12-30,0.029999999,1.0
P273,2016-01-01,0.150000006,1.0
P273,2016-01-02,0.129999995,0.0
P273,2016-01-03,0.090000004,0.0
P273,2016-01-04,0.119999997,1.0
P273,2016-01-07,0.07,0.0
P273,2016-01-08,0.02,1.0
P273,2016-01-21,0.100000001,0.0
P273,2016-01-22,0.059999999,0.0
P273,2016-01-28,0.01,0.0
P273,2016-02-02,0.07,0.0
P273,2016-02-11,0.0299999995,0.0
P273,2016-02-14,0.103333334,0.3333333333333333
P273,2016-02-20,0.07,0.0
P273,2016-02-21,0.090000004,1.0
P273,2016-02-22,0.060000000500000004,1.0
P273,2016-02-29,0.055,1.0
P273,2016-03-05,0.050000001,1.0
P273,2016-03-06,0.1449999995,1.0
P273,2016-03-07,0.200000003,0.0
P273,2016-03-10,0.039999999,0.0
P273,2016-03-16,0.029999999,0.0
P273,2016-03-19,0.029999999,1.0
P273,2016-03-27,0.02,0.0
P273,2016-03-28,0.0399999995,1.0
P273,2016-03-31,0.180000007,0.0
P273,2016-04-07,0.170000002,1.0
P273,2016-04-08,0.01,1.0
P273,2016-04-13,0.159999996,0.0
P273,2016-04-16,0.0,0.0
P273,2016-04-18,0.01,1.0
P273,2016-04-20,0.150000006,0.0
P273,2016-04-22,0.050000001,0.0
P273,2016-04-24,0.0,0.0
P273,2016-04-27,0.039999999,1.0
P273,2016-05-02,0.25,0.0
P273,2016-05-06,0.200000003,1.0
P273,2016-05-08,0.110000003,0.0
P273,2016-05-10,0.029999999,0.0
P273,2016-05-12,0.015,0.0
P273,2016-05-15,0.25,0.0
P273,2016-05-18,0.200000003,0.0
P273,2016-05-25,0.180000007,1.0
P273,2016-05-26,0.170000002,1.0
P273,2016-05-28,0.129999995,0.0
P273,2016-05-30,0.159999996,1.0
P273,2016-05-31,0.150000006,1.0
P273,2016-06-04,0.0149999995,0.5
P273,2016-06-10,0.02,0.0
P273,2016-06-15,0.1449999995,0.0
P273,2016-06-28,0.159999996,0.0
P273,2016-07-01,0.25,1.0
P273,2016-07-13,0.01,1.0
P273,2016-07-18,0.100000001,1.0
P273,2016-07-22,0.129999995,0.0
P273,2016-07-29,0.200000003,1.0
P273,2016-07-31,0.090000004,1.0
P273,2016-08-02,0.07,1.0
P273,2016-08-13,0.120000003,1.0
P273,2016-08-27,0.050000001,1.0
P273,2016-08-29,0.150000006,0.0
P273,2016-09-04,0.170000002,1.0
P273,2016-09-06,0.039999999,0.0
P273,2016-09-07,0.119999997,1.0
P273,2016-09-14,0.129999995,1.0
P273,2016-09-17,0.119999997,0.0
P273,2016-09-19,0.0949999975,1.0
P273,2016-09-20,0.100000001,0.0
P273,2016-09-27,0.125,0.5
P273,2016-10-04,0.02,1.0
P273,2016-10-06,0.01,1.0
P273,2016-10-10,0.150000006,1.0
P273,2016-10-14,0.090000004,0.0
P273,2016-10-19,0.07,1.0
P273,2016-10-20,0.129999995,1.0
P273,2016-10-22,0.0,0.0
P273,2016-10-31,0.25,0.0
P273,2016-11-10,0.059999999,0.0
P273,2016-11-11,0.0800000005,0.5
P273,2016-11-18,0.200000003,0.0
P273,2016-11-21,0.02,0.0
P273,2016-11-24,0.01,0.0
P273,2016-12-05,0.140000004,0.0
P273,2016-12-07,0.119999997,1.0
P273,2016-12-13,0.100000001,1.0
P273,2016-12-18,0.090000004,1.0
P273,2016-12-20,0.090000004,0.0
P273,2016-12-21,0.1250000035,0.0
P273,2016-12-22,0.170000002,1.0
P273,2016-12-24,0.07,1.0
P273,2016-12-28,0.059999999,0.0
P273,2016-12-30,0.059999999,0.0
P273,2017-01-02,0.1049999985,0.0
P273,2017-01-03,0.0,0.0
P273,2017-01-12,0.25,0.0
P273,2017-01-22,0.050000001,1.0
P273,2017-01-26,0.039999999,0.0
P273,2017-01-27,0.029999999,0.0
P273,2017-02-02,0.039999999,1.0
P273,2017-02-09,0.170000002,1.0
P273,2017-02-17,0.029999999,1.0
P273,2017-02-20,0.159999996,0.0
P273,2017-02-21,0.02,1.0
P273,2017-02-24,0.02,0.0
P273,2017-02-28,0.01,1.0
P273,2017-03-03,0.150000006,1.0
P273,2017-03-04,0.150000006,1.0
P273,2017-03-05,0.200000003,1.0
P273,2017-03-12,0.129999995,0.0
P273,2017-03-21,0.01,1.0
P273,2017-03-22,0.119999997,1.0
P273,2017-03-25,0.129999995,1.0
P273,2017-04-01,0.180000007,0.0
P273,2017-04-05,0.0,0.0
P273,2017-04-08,0.170000002,1.0
P273,2017-04-11,0.159999996,0.0
P273,2017-04-16,0.119999997,1.0
P273,2017-04-22,0.1400000005,0.5
P276,2015-01-01,0.190000005,0.5
P276,2015-01-03,0.01,1.0
P276,2015-01-08,0.090000004,0.0
P276,2015-01-11,0.039999999,0.0
P276,2015-01-13,0.089999998,0.0
P276,2015-01-23,0.129999995,1.0
P276,2015-01-24,0.01,0.0
P276,2015-01-25,0.109999999,0.5
P276,2015-01-26,0.0,0.0
P276,2015-02-01,0.110000003,1.0
P276,2015-02-05,0.119999997,1.0
P276,2015-02-08,0.01,1.0
P276,2015-02-17,0.25,0.0
P276,2015-02-21,0.029999999,0.0
P276,2015-02-22,0.180000007,1.0
P276,2015-02-26,0.129999995,0.0
P276,2015-03-01,0.159999996,1.0
P276,2015-03-02,0.036666667,1.0
P276,2015-03-04,0.129999995,0.0
P276,2015-03-07,0.090000004,0.0
P276,2015-03-09,0.129999995,0.0
P276,2015-03-12,0.180000007,0.0
P276,2015-03-13,0.07,1.0
P276,2015-03-16,0.050000001,0.0
P276,2015-03-18,0.159999996,1.0
P276,2015-03-20,0.029999999,1.0
P276,2015-03-22,0.039999999,0.0
P276,2015-03-31,0.0,1.0
P276,2015-04-01,0.150000006,0.0
P276,2015-04-05,0.15000000200000002,0.0
P276,2015-04-06,0.01,1.0
P276,2015-04-07,0.0,0.0
P276,2015-04-11,0.090000004,1.0
P276,2015-04-13,0.100000001,1.0
P276,2015-04-30,0.129999995,1.0
P276,2015-05-10,0.0,0.0
P276,2015-05-12,0.1449999995,1.0
P276,2015-05-14,0.090000004,1.0
P276,2015-05-18,0.200000003,1.0
P276,2015-05-19,0.25,1.0
P276,2015-05-21,0.170000002,0.0
P276,2015-05-24,0.159999996,1.0
P276,2015-05-28,0.075000003,0.5
P276,2015-05-29,0.200000003,1.0
P276,2015-06-01,0.129999995,0.0
P276,2015-06-09,0.150000006,1.0
P276,2015-06-10,0.129999995,1.0
P276,2015-06-13,0.119999997,0.0
P276,2015-06-14,0.07,0.0
P276,2015-06-17,0.100000001,1.0
P276,2015-06-21,0.059999999,1.0
P276,2015-06-22,0.039999999,1.0
P276,2015-06-24,0.050000001,0.0
P276,2015-07-03,0.039999999,0.0
P276,2015-07-04,0.02,1.0
P276,2015-07-08,0.039999999,1.0
P276,2015-07-11,0.119999997,0.0
P276,2015-07-14,0.01,1.0
P276,2015-07-15,0.0,1.0
P276,2015-07-26,0.123333335,0.3333333333333333
P276,2015-07-27,0.170000002,0.0
P276,2015-07-31,0.129999995,0.0
P276,2015-08-02,0.200000003,1.0
P276,2015-08-04,0.170000002,0.0
P276,2015-08-05,0.150000006,0.0
P276,2015-08-06,0.180000007,1.0
P276,2015-08-07,0.1449999995,0.5
P276,2015-08-13,0.07,0.0
P276,2015-08-14,0.059999999,1.0
P276,2015-08-16,0.129999995,1.0
P276,2015-08-17,0.089999998,0.5
P276,2015-08-18,0.059999999,1.0
P276,2015-08-23,0.0750000015,1.0
P276,2015-08-24,0.039999999,1.0
P276,2015-08-25,0.029999999,1.0
P276,2015-08-28,0.02,1.0
P276,2015-09-01,0.0,1.0
P276,2015-09-02,0.200000003,0.0
P276,2015-09-07,0.0950000035,0.5
P276,2015-09-09,0.150000006,0.0
P276,2015-09-17,0.200000003,1.0
P276,2015-09-24,0.059999999,1.0
P276,2015-10-08,0.0,1.0
P276,2015-10-15,0.15000000200000002,1.0
P276,2015-10-18,0.050000001,0.0
P276,2015-10-30,0.07,1.0
P276,2015-10-31,0.029999999,0.0
P276,2015-11-03,0.0,1.0
P276,2015-11-08,0.050000001,1.0
P276,2015-11-09,0.190000005,0.0
P276,2015-11-10,0.170000002,1.0
P276,2015-11-11,0.07666666466666668,0.3333333333333333
P276,2015-11-12,0.02,1.0
P276,2015-11-16,0.01,0.0
P276,2015-11-19,0.210000001,0.5
P276,2015-11-21,0.11666666433333334,1.0
P276,2015-11-24,0.1750000045,1.0
P276,2015-11-25,0.07,1.0
P276,2015-11-26,0.059999999,1.0
P276,2015-11-29,0.159999996,1.0
P276,2015-11-30,0.09750000025,0.5
P276,2015-12-01,0.029999999,0.0
P276,2015-12-02,0.0249999995,0.0
P276,2015-12-06,0.200000003,1.0
P276,2015-12-07,0.170000002,1.0
P276,2015-12-09,0.035,1.0
P276,2015-12-15,0.180000007,0.0
P276,2015-12-16,0.059999999,1.0
P276,2015-12-17,0.159999996,1.0
P276,2015-12-18,0.090000004,1.0
P276,2015-12-22,0.150000006,0.0
P276,2015-12-24,0.1399999965,0.5
P276,2015-12-25,0.100000001,0.0
P276,2015-12-26,0.150000006,0.0
P276,2015-12-31,0.034999999000000004,0.5
P276,2016-01-06,0.170000002,0.0
P276,2016-01-07,0.100000001,1.0
P276,2016-01-09,0.050000001,1.0
P276,2016-01-13,0.049999999,0.5
P276,2016-01-14,0.119999997,1.0
P276,2016-01-17,0.1449999995,0.5
P276,2016-01-18,0.029999999,1.0
P276,2016-01-21,0.170000002,1.0
P276,2016-02-04,0.059999999,1.0
P276,2016-02-07,0.100000001,0.0
P276,2016-02-08,0.12999999933333334,0.6666666666666666
P276,2016-02-12,0.170000002,0.0
P276,2016-02-17,0.090000004,0.0
P276,2016-02-21,0.0650000015,1.0
P276,2016-02-24,0.029999999,1.0
P276,2016-02-29,0.01,1.0
P276,2016-03-06,0.0249999995,1.0
P276,2016-03-15,0.25,1.0
P276,2016-03-17,0.200000003,0.0
P276,2016-03-18,0.07,1.0
P276,2016-03-19,0.155000001,0.5
P276,2016-03-21,0.150000006,1.0
P276,2016-03-24,0.109999999,0.5
P276,2016-03-27,0.09999999766666667,0.6666666666666666
P276,2016-03-28,0.159999996,1.0
P276,2016-04-03,0.01,0.0
P276,2016-04-04,0.0299999995,1.0
P276,2016-04-11,0.200000003,0.0
P276,2016-04-12,0.029999999,1.0
P276,2016-04-22,0.119999997,0.0
P276,2016-04-24,0.170000002,1.0
P276,2016-04-26,0.100000001,1.0
P276,2016-04-28,0.100000001,1.0
P276,2016-04-29,0.090000004,1.0
P276,2016-05-07,0.050000001,0.0
P276,2016-05-08,0.07,0.0
P276,2016-05-09,0.159999996,0.0
P276,2016-05-13,0.090000004,1.0
P276,2016-05-24,0.0249999995,0.0
P276,2016-05-31,0.04,0.0
P276,2016-06-14,0.25,1.0
P276,2016-06-27,0.1449999955,1.0
P276,2016-06-29,0.124999996,0.5
P276,2016-07-05,0.039999999,1.0
P276,2016-07-06,0.050000001,0.0
P276,2016-07-08,0.0299999995,0.5
P276,2016-07-11,0.029999999,0.0
P276,2016-07-22,0.0,1.0
P276,2016-07-23,0.25,1.0
P276,2016-07-24,0.129999995,0.0
P276,2016-07-28,0.119999997,0.0
P276,2016-07-29,0.21500000349999998,0.0
P276,2016-08-01,0.200000003,0.0
P276,2016-08-03,0.13500000150000002,0.0
P276,2016-08-08,0.150000006,1.0
P276,2016-08-09,0.150000006,1.0
P276,2016-08-16,0.039999999,0.0
P276,2016-08-18,0.050000001,1.0
P276,2016-08-19,0.200000003,1.0
P276,2016-08-20,0.119999997,1.0
P276,2016-08-22,0.180000007,1.0
P276,2016-08-24,0.029999999,1.0
P276,2016-08-26,0.150000006,0.0
P276,2016-08-30,0.080000002,0.0
P276,2016-09-03,0.050000001,1.0
P276,2016-09-04,0.02,1.0
P276,2016-09-08,0.07,0.0
P276,2016-09-10,0.050000001,1.0
P276,2016-09-11,0.170000002,0.0
P276,2016-09-15,0.01,0.0
P276,2016-09-16,0.0900000025,0.0
P276,2016-09-19,0.100000001,1.0
P276,2016-09-21,0.02,1.0
P276,2016-09-24,0.039999999,1.0
P276,2016-09-25,0.029999999,1.0
P276,2016-09-27,0.180000007,0.5
P276,2016-09-28,0.200000003,0.0
P276,2016-10-03,0.150000006,0.0
P276,2016-10-04,0.180000007,0.0
P276,2016-10-07,0.01,1.0
P276,2016-10-12,0.090000004,0.0
P276,2016-10-14,0.0649999995,0.5
P276,2016-10-18,0.08499999700000001,0.5
P276,2016-10-20,0.02,1.0
P276,2016-10-21,0.1299999985,0.5
P276,2016-10-24,0.02,1.0
P276,2016-10-26,0.050000001,0.0
P276,2016-10-28,0.25,0.0
P276,2016-10-29,0.200000003,0.0
P276,2016-10-30,0.100000001,0.0
P276,2016-10-31,0.150000006,1.0
P276,2016-11-03,0.119999997,0.0
P276,2016-11-07,0.100000001,0.0
P276,2016-11-09,0.159999996,1.0
P276,2016-11-11,0.08499999700000001,1.0
P276,2016-11-12,0.129999995,1.0
P276,2016-11-18,0.02,0.0
P276,2016-11-25,0.130000003,0.5
P276,2016-12-01,0.07,0.0
P276,2016-12-03,0.180000007,1.0
P276,2016-12-04,0.059999999,0.0
P276,2016-12-07,0.050000001,0.0
P276,2016-12-13,0.065,1.0
P276,2016-12-19,0.0,1.0
P276,2017-01-03,0.02,0.0
P276,2017-01-14,0.0,1.0
P276,2017-01-17,0.25,1.0
P276,2017-02-13,0.129999995,1.0
P276,2017-02-14,0.01,1.0
P276,2017-02-15,0.079999998,0.5
P276,2017-02-20,0.16,0.0
P276,2017-02-23,0.119999997,0.0
P276,2017-02-27,0.100000001,0.0
P276,2017-03-03,0.100000001,0.0
P276,2017-03-05,0.07,1.0
P276,2017-03-07,0.159999996,1.0
P276,2017-03-10,0.07,1.0
P276,2017-03-11,0.039999999,1.0
P276,2017-03-14,0.150000006,0.0
P276,2017-03-16,0.029999999,1.0
P276,2017-03-21,0.039999999,0.0
P276,2017-03-29,0.01,0.0
P276,2017-03-30,0.100000001,1.0
P276,2017-04-02,0.200000003,0.0
P276,2017-04-04,0.190000005,0.5
P276,2017-04-09,0.160000004,0.5
P276,2017-04-11,0.129999995,1.0
P276,2017-04-14,0.170000002,1.0
P276,2017-04-15,0.170000002,0.0
P276,2017-04-19,0.159999996,1.0
P278,2015-01-02,0.150000006,0.5
P278,2015-01-05,0.180000007,0.0
P278,2015-01-11,0.01,1.0
P278,2015-01-13,0.13500000150000002,0.5
P278,2015-01-24,0.190000005,0.0
P278,2015-01-30,0.25,1.0
P278,2015-02-01,0.200000003,1.0
P278,2015-02-08,0.170000002,0.0
P278,2015-02-15,0.1150000005,1.0
P278,2015-02-18,0.100000001,1.0
P278,2015-02-20,0.159999996,1.0
P278,2015-02-23,0.159999996,1.0
P278,2015-02-25,0.150000006,0.0
P278,2015-02-28,0.039999999,1.0
P278,2015-03-05,0.029999999,1.0
P278,2015-03-06,0.119999997,0.0
P278,2015-03-08,0.150000006,0.0
P278,2015-03-10,0.0750000015,0.5
P278,2015-03-13,0.029999999,1.0
P278,2015-03-22,0.050000001999999995,0.0
P278,2015-03-26,0.039999999,1.0
P278,2015-03-27,0.050000001,0.0
P278,2015-03-31,0.0,1.0
P278,2015-04-05,0.059999999,1.0
P278,2015-04-10,0.180000007,1.0
P278,2015-04-12,0.25,1.0
P278,2015-04-13,0.170000002,1.0
P278,2015-04-14,0.159999996,0.0
P278,2015-04-16,0.080000003,0.5
P278,2015-04-21,0.02,1.0
P278,2015-04-22,0.01,1.0
P278,2015-05-02,0.180000007,1.0
P278,2015-05-05,0.0,1.0
P278,2015-05-07,0.170000002,1.0
P278,2015-05-11,0.159999996,0.0
P278,2015-05-15,0.039999999,0.0
P278,2015-05-17,0.190000005,0.0
P278,2015-05-18,0.100000001,0.0
P278,2015-05-20,0.150000006,0.0
P278,2015-05-24,0.25,1.0
P278,2015-05-26,0.124999996,0.5
P278,2015-05-28,0.159999996,0.0
P278,2015-05-30,0.07,1.0
P278,2015-06-04,0.200000003,1.0
P278,2015-06-10,0.1250000035,0.5
P278,2015-06-15,0.09000000000000001,0.6666666666666666
P278,2015-06-16,0.129999995,1.0
P278,2015-06-18,0.119999997,0.0
P278,2015-06-19,0.159999996,0.0
P278,2015-06-21,0.100000001,0.0
P278,2015-06-22,0.050000001,0.0
P278,2015-06-23,0.150000006,1.0
P278,2015-06-24,0.090000004,1.0
P278,2015-06-27,0.07,1.0
P278,2015-06-30,0.029999999,1.0
P278,2015-07-01,0.0249999995,1.0
P278,2015-07-03,0.059999999,0.0
P278,2015-07-06,0.015,1.0
P278,2015-07-09,0.01,0.0
P278,2015-07-13,0.0900000035,1.0
P278,2015-07-14,0.200000003,1.0
P278,2015-07-15,0.180000007,0.0
P278,2015-07-18,0.16000000033333334,0.6666666666666666
P278,2015-07-25,0.159999996,0.0
P278,2015-07-29,0.089999998,0.0
P278,2015-08-01,0.170000002,0.0
P278,2015-08-02,0.159999996,1.0
P278,2015-08-14,0.150000006,1.0
P278,2015-08-15,0.109999999,0.5
P278,2015-08-19,0.0,0.0
P278,2015-08-23,0.07,0.0
P278,2015-08-26,0.08,0.5
P278,2015-08-28,0.090000004,0.0
P278,2015-08-29,0.0249999995,0.5
P278,2015-09-02,0.01,0.0
P278,2015-09-03,0.07,0.0
P278,2015-09-05,0.059999999,0.0
P278,2015-09-15,0.0,1.0
P278,2015-09-20,0.200000003,0.0
P278,2015-09-23,0.07,1.0
P278,2015-09-24,0.039999999,0.0
P278,2015-09-25,0.25,1.0
P278,2015-09-27,0.180000007,0.0
P278,2015-09-29,0.170000002,1.0
P278,2015-10-01,0.170000002,0.0
P278,2015-10-02,0.039999999,1.0
P278,2015-10-05,0.159999996,1.0
P278,2015-10-19,0.119999997,0.0
P278,2015-10-23,0.029999999,1.0
P278,2015-10-25,0.090000004,0.0
P278,2015-10-26,0.159999996,1.0
P278,2015-10-27,0.150000006,0.0
P278,2015-11-01,0.04,0.0
P278,2015-11-03,0.119999997,1.0
P278,2015-11-04,0.059999999,0.0
P278,2015-11-11,0.0,0.0
P278,2015-11-13,0.01,0.0
P278,2015-11-17,0.090000004,1.0
P278,2015-11-19,0.039999999,1.0
P278,2015-11-25,0.25,0.0
P278,2015-11-29,0.200000003,0.0
P278,2015-11-30,0.023333333666666668,0.3333333333333333
P278,2015-12-04,0.25,1.0
P278,2015-12-07,0.200000003,1.0
P278,2015-12-10,0.180000007,0.0
P278,2015-12-11,0.210000001,1.0
P278,2015-12-15,0.200000003,0.0
P278,2015-12-17,0.029999999,1.0
P278,2015-12-19,0.180000007,1.0
P278,2015-12-20,0.150000006,1.0
P278,2015-12-21,0.050000001,1.0
P278,2015-12-22,0.124999996,0.5
P278,2015-12-23,0.170000002,0.0
P278,2015-12-24,0.039999999,0.0
P278,2015-12-25,0.100000001,0.0
P278,2015-12-27,0.100000001,0.0
P278,2015-12-28,0.150000006,0.0
P278,2015-12-30,0.015,0.5
P278,2016-01-03,0.02,0.0
P278,2016-01-16,0.200000003,0.0
P278,2016-01-19,0.07,1.0
P278,2016-01-21,0.059999999,1.0
P278,2016-01-22,0.050000001,1.0
P278,2016-01-24,0.0,1.0
P278,2016-01-25,0.25,1.0
P278,2016-01-28,0.180000007,1.0
P278,2016-01-30,0.119999997,0.0
P278,2016-01-31,0.170000002,0.0
P278,2016-02-06,0.050000001,0.0
P278,2016-02-07,0.07,0.5
P278,2016-02-08,0.029999999,1.0
P278,2016-02-14,0.090000004,1.0
P278,2016-02-15,0.029999999,1.0
P278,2016-02-22,0.180000007,1.0
P278,2016-02-27,0.01,1.0
P278,2016-02-29,0.1400000005,0.0
P278,2016-03-06,0.0,0.0
P278,2016-03-09,0.119999997,1.0
P278,2016-03-20,0.07,1.0
P278,2016-03-31,0.129999995,0.0
P278,2016-04-04,0.050000001,0.0
P278,2016-04-19,0.02,0.0
P278,2016-04-20,0.015,0.5
P278,2016-04-27,0.0,1.0
P278,2016-04-28,0.050000001,1.0
P278,2016-04-30,0.090000004,1.0
P278,2016-05-08,0.045,0.5
P278,2016-05-09,0.039999999,1.0
P278,2016-05-13,0.029999999,0.0
P278,2016-05-15,0.090000004,0.0
P278,2016-05-16,0.02,0.0
P278,2016-05-19,0.055,0.5
P278,2016-05-29,0.0,1.0
P278,2016-05-31,0.180000007,1.0
P278,2016-06-01,0.02,0.0
P278,2016-06-02,0.170000002,1.0
P278,2016-06-03,0.180000007,0.0
P278,2016-06-07,0.039999999,0.0
P278,2016-06-11,0.170000002,0.0
P278,2016-06-14,0.150000006,1.0
P278,2016-06-20,0.0950000035,0.5
P278,2016-06-25,0.170000002,1.0
P278,2016-06-26,0.159999996,0.0
P278,2016-07-06,0.200000003,1.0
P278,2016-07-13,0.180000007,1.0
P278,2016-07-25,0.129999995,1.0
P278,2016-07-27,0.119999997,0.0
P278,2016-07-29,0.07,0.0
P278,2016-08-06,0.090000004,0.0
P278,2016-08-09,0.0850000005,0.0
P278,2016-08-11,0.055,0.5
P278,2016-08-18,0.050000001,0.0
P278,2016-08-26,0.059999999,1.0
P278,2016-09-01,0.01,0.0
P278,2016-09-03,0.090000004,0.0
P278,2016-09-04,0.07,0.0
P278,2016-09-07,0.044999999,0.5
P278,2016-09-17,0.119999997,0.0
P278,2016-09-23,0.25,1.0
P278,2016-09-24,0.01,1.0
P278,2016-09-25,0.0,1.0
P278,2016-09-28,0.090000004,0.0
P278,2016-09-29,0.180000007,1.0
P278,2016-10-01,0.07,0.0
P278,2016-10-02,0.09000000100000001,0.5
P278,2016-10-04,0.029999999,1.0
P278,2016-10-08,0.02,1.0
P278,2016-10-12,0.01,0.0
P278,2016-10-14,0.02,0.0
P278,2016-10-25,0.079999998,0.5
P278,2016-10-26,0.25,1.0
P278,2016-10-30,0.170000002,0.0
P278,2016-10-31,0.200000003,1.0
P278,2016-11-01,0.0,1.0
P278,2016-11-02,0.180000007,1.0
P278,2016-11-06,0.100000001,0.0
P278,2016-11-10,0.2250000015,1.0
P278,2016-11-17,0.180000007,1.0
P278,2016-11-18,0.150000006,1.0
P278,2016-11-26,0.159999996,1.0
P278,2016-12-04,0.150000006,0.0
P278,2016-12-06,0.07,1.0
P278,2016-12-08,0.129999995,1.0
P278,2016-12-14,0.090000004,1.0
P278,2016-12-18,0.060000000500000004,1.0
P278,2016-12-20,0.119999997,0.0
P278,2016-12-23,0.079999997,1.0
P278,2016-12-25,0.090000004,0.0
P278,2016-12-27,0.119999997,0.0
P278,2017-01-07,0.060000000500000004,1.0
P278,2017-01-18,0.050000001,0.0
P278,2017-01-20,0.01,0.0
P278,2017-01-23,0.02,1.0
P278,2017-01-25,0.25,0.0
P278,2017-02-06,0.170000002,0.0
P278,2017-02-15,0.059999999,1.0
P278,2017-02-23,0.01,0.0
P278,2017-02-24,0.125,1.0
P278,2017-02-27,0.119999997,1.0
P278,2017-03-06,0.039999999,0.0
P278,2017-03-12,0.200000003,0.0
P278,2017-03-13,0.170000002,1.0
P278,2017-03-14,0.180000007,1.0
P278,2017-03-18,0.159999996,0.0
P278,2017-03-26,0.159999996,1.0
P278,2017-03-28,0.150000006,1.0
P278,2017-03-30,0.170000002,1.0
P278,2017-04-01,0.0249999995,0.5
P278,2017-04-03,0.150000006,0.0
P278,2017-04-04,0.01,1.0
P278,2017-04-05,0.059999999,0.0
P278,2017-04-06,0.129999995,1.0
P278,2017-04-10,0.119999997,0.0
P278,2017-04-12,0.159999996,1.0
P278,2017-04-22,0.039999999,0.0
P282,2015-01-05,0.119999997,0.0
P282,2015-01-09,0.25,1.0
P282,2015-01-10,0.170000002,1.0
P282,2015-01-12,0.07,1.0
P282,2015-01-19,0.045000000000000005,0.5
P282,2015-01-22,0.059999999,1.0
P282,2015-01-24,0.039999999,0.0
P282,2015-01-31,0.159999996,0.0
P282,2015-02-01,0.090000004,0.0
P282,2015-02-06,0.029999999,0.0
P282,2015-02-09,0.015,0.5
P282,2015-02-10,0.25,0.0
P282,2015-02-14,0.090000004,1.0
P282,2015-02-15,0.059999999,1.0
P282,2015-02-19,0.25,1.0
P282,2015-02-21,0.045,0.5
P282,2015-02-22,0.1750000045,1.0
P282,2015-02-24,0.150000006,1.0
P282,2015-03-02,0.02,1.0
P282,2015-03-03,0.090000004,0.0
P282,2015-03-04,0.0,1.0
P282,2015-03-06,0.25,1.0
P282,2015-03-08,0.200000003,1.0
P282,2015-03-09,0.089999998,0.5
P282,2015-03-13,0.059999999,1.0
P282,2015-03-17,0.050000001,0.0
P282,2015-03-19,0.150000006,1.0
P282,2015-04-02,0.129999995,1.0
P282,2015-04-03,0.029999999,1.0
P282,2015-04-04,0.119999997,1.0
P282,2015-04-13,0.159999996,1.0
P282,2015-04-14,0.124999996,0.0
P282,2015-04-25,0.08333333200000001,0.3333333333333333
P282,2015-04-27,0.039999999,1.0
P282,2015-04-29,0.100000001,1.0
P282,2015-05-17,0.029999999,1.0
P282,2015-05-20,0.200000003,0.0
P282,2015-05-24,0.01,1.0
P282,2015-05-25,0.180000007,0.0
P282,2015-06-01,0.180000007,0.0
P282,2015-06-04,0.150000006,0.0
P282,2015-06-05,0.129999995,0.0
P282,2015-06-08,0.119999997,0.0
P282,2015-06-10,0.100000001,1.0
P282,2015-06-13,0.090000004,1.0
P282,2015-06-15,0.0499999995,0.5
P282,2015-06-18,0.059999999,1.0
P282,2015-06-22,0.090000004,0.0
P282,2015-07-05,0.180000007,0.0
P282,2015-07-08,0.029999999,1.0
P282,2015-07-09,0.029999999,0.0
P282,2015-07-10,0.129999995,0.0
P282,2015-07-11,0.02,0.0
P282,2015-07-13,0.090000004,0.0
P282,2015-07-14,0.07,0.0
P282,2015-07-16,0.0,1.0
P282,2015-07-21,0.039999999,1.0
P282,2015-07-28,0.01,1.0
P282,2015-07-29,0.0,1.0
P282,2015-08-08,0.119999997,1.0
P282,2015-08-12,0.090000004,0.0
P282,2015-08-13,0.090000004,0.0
P282,2015-08-17,0.050000001,1.0
P282,2015-08-18,0.050000001,0.0
P282,2015-08-21,0.029999999,0.0
P282,2015-08-23,0.050000001,1.0
P282,2015-08-25,0.045,0.0
P282,2015-08-27,0.0199999995,0.5
P282,2015-08-30,0.01,1.0
P282,2015-09-03,0.25,1.0
P282,2015-09-05,0.15666666766666668,1.0
P282,2015-09-09,0.0,0.0
P282,2015-09-10,0.129999995,0.0
P282,2015-09-11,0.159999996,1.0
P282,2015-09-13,0.119999997,1.0
P282,2015-09-16,0.129999995,1.0
P282,2015-09-19,0.119999997,1.0
P282,2015-09-21,0.119999997,1.0
P282,2015-09-25,0.059999999,1.0
P282,2015-09-26,0.050000001,0.0
P282,2015-09-28,0.0600000015,0.5
P282,2015-09-30,0.029999999,0.0
P282,2015-10-04,0.119999997,0.0
P282,2015-10-09,0.0,0.0
P282,2015-10-18,0.137500001,0.75
P282,2015-10-19,0.1050000025,1.0
P282,2015-10-24,0.1099999975,0.5
P282,2015-10-25,0.029999999,1.0
P282,2015-10-27,0.02,1.0
P282,2015-10-28,0.100000001,0.0
P282,2015-11-03,0.07500000100000001,1.0
P282,2015-11-04,0.090000004,1.0
P282,2015-11-07,0.15499999949999999,1.0
P282,2015-11-08,0.0,1.0
P282,2015-11-19,0.150000006,0.0
P282,2015-11-22,0.1099999995,1.0
P282,2015-11-25,0.109999999,1.0
P282,2015-11-26,0.01,1.0
P282,2015-11-30,0.050000001,0.0
P282,2015-12-03,0.02,0.0
P282,2015-12-06,0.180000007,0.0
P282,2015-12-09,0.090000004,1.0
P282,2015-12-10,0.150000006,1.0
P282,2015-12-19,0.159999996,0.0
P282,2015-12-24,0.07,0.0
P282,2015-12-27,0.059999999,1.0
P282,2015-12-31,0.01,1.0
P282,2016-01-06,0.180000007,1.0
P282,2016-01-09,0.090000004,0.0
P282,2016-01-13,0.005,1.0
P282,2016-01-14,0.050000001,1.0
P282,2016-01-21,0.015,0.5
P282,2016-01-22,0.029999999,1.0
P282,2016-01-23,0.02,0.0
P282,2016-01-26,0.25,1.0
P282,2016-02-08,0.039999999,0.0
P282,2016-02-11,0.170000002,0.0
P282,2016-02-14,0.04,0.5
P282,2016-02-15,0.119999997,0.0
P282,2016-02-16,0.159999996,1.0
P282,2016-02-17,0.109999999,0.5
P282,2016-02-22,0.25,0.0
P282,2016-02-26,0.059999999,0.0
P282,2016-03-09,0.02,1.0
P282,2016-03-16,0.1450000035,0.5
P282,2016-03-18,0.059999999,0.0
P282,2016-03-19,0.159999996,1.0
P282,2016-03-25,0.0649999995,0.5
P282,2016-04-07,0.150000006,1.0
P282,2016-04-08,0.25,0.0
P282,2016-04-09,0.200000003,1.0
P282,2016-04-13,0.01,1.0
P282,2016-04-26,0.119999997,0.0
P282,2016-05-05,0.119999997,1.0
P282,2016-05-06,0.090000004,0.0
P282,2016-05-07,0.129999995,1.0
P282,2016-05-09,0.119999997,1.0
P282,2016-05-11,0.129999995,0.0
P282,2016-05-13,0.119999997,0.0
P282,2016-05-16,0.050000001,1.0
P282,2016-05-27,0.07,1.0
P282,2016-05-28,0.02,0.0
P282,2016-06-04,0.25,1.0
P282,2016-06-05,0.01,1.0
P282,2016-06-09,0.210000001,0.5
P282,2016-06-11,0.160000004,0.5
P282,2016-06-13,0.25,1.0
P282,2016-06-14,0.150000006,0.0
P282,2016-06-16,0.170000002,0.0
P282,2016-06-17,0.200000003,1.0
P282,2016-06-19,0.100000001,1.0
P282,2016-06-20,0.14000000033333335,1.0
P282,2016-06-26,0.039999999,1.0
P282,2016-06-27,0.150000006,1.0
P282,2016-06-28,0.090000004,1.0
P282,2016-07-01,0.07333333266666667,0.6666666666666666
P282,2016-07-03,0.080000002,0.5
P282,2016-07-04,0.080000002,1.0
P282,2016-07-05,0.050000001,1.0
P282,2016-07-06,0.1399999995,0.5
P282,2016-07-07,0.200000003,1.0
P282,2016-07-10,0.044999999,1.0
P282,2016-07-17,0.01,1.0
P282,2016-07-18,0.0,0.0
P282,2016-07-25,0.029999999,0.0
P282,2016-07-29,0.0,1.0
P282,2016-08-04,0.090000004,0.0
P282,2016-08-06,0.093333334,0.6666666666666666
P282,2016-08-10,0.129999995,1.0
P282,2016-08-11,0.100000001,0.0
P282,2016-08-12,0.159999996,0.0
P282,2016-08-13,0.090000004,1.0
P282,2016-08-17,0.029999999,0.0
P282,2016-08-18,0.059999999,0.0
P282,2016-08-25,0.02,1.0
P282,2016-08-27,0.129999995,1.0
P282,2016-08-31,0.059999999,0.0
P282,2016-09-07,0.01,1.0
P282,2016-09-09,0.135,0.0
P282,2016-09-10,0.039999999,1.0
P282,2016-09-13,0.159999996,0.0
P282,2016-09-16,0.129999995,0.0
P282,2016-09-17,0.0350000005,0.5
P282,2016-09-21,0.029999999,1.0
P282,2016-09-22,0.01,1.0
P282,2016-10-04,0.119999997,1.0
P282,2016-10-15,0.159999996,0.0
P282,2016-10-17,0.150000006,1.0
P282,2016-10-24,0.01,1.0
P282,2016-10-25,0.07,1.0
P282,2016-10-26,0.0,0.0
P282,2016-11-02,0.25,1.0
P282,2016-11-03,0.07,0.0
P282,2016-11-06,0.170000002,0.0
P282,2016-11-19,0.25,1.0
P282,2016-11-20,0.02,1.0
P282,2016-11-21,0.01,0.0
P282,2016-11-25,0.159999996,0.0
P282,2016-12-02,0.059999999,1.0
P282,2016-12-04,0.119999997,1.0
P282,2016-12-08,0.159999996,0.0
P282,2016-12-10,0.029999999,1.0
P282,2016-12-16,0.150000006,0.0
P282,2016-12-17,0.129999995,1.0
P282,2016-12-18,0.01,1.0
P282,2016-12-21,0.07,1.0
P282,2016-12-23,0.090000004,1.0
P282,2016-12-24,0.059999999,1.0
P282,2016-12-29,0.050000001,0.0
P282,2017-01-03,0.170000002,1.0
P282,2017-01-08,0.01,1.0
P282,2017-01-09,0.059999999,1.0
P282,2017-01-11,0.01,1.0
P282,2017-01-13,0.050000001,0.0
P282,2017-01-25,0.090000004,1.0
P282,2017-01-29,0.059999999,1.0
P282,2017-02-01,0.07,0.0
P282,2017-02-03,0.0,1.0
P282,2017-02-05,0.200000003,1.0
P282,2017-02-07,0.160000004,1.0
P282,2017-02-12,0.0249999995,0.5
P282,2017-02-15,0.01,1.0
P282,2017-02-18,0.129999995,1.0
P282,2017-02-23,0.180000007,1.0
P282,2017-02-26,0.170000002,0.0
P282,2017-03-07,0.07,0.0
P282,2017-03-19,0.0,0.0
P282,2017-03-20,0.029999999,1.0
P282,2017-03-25,0.25,1.0
P282,2017-03-26,0.01,1.0
P282,2017-03-31,0.0,0.0
P282,2017-04-06,0.159999996,0.0
P282,2017-04-10,0.159999996,0.0
P282,2017-04-11,0.150000006,1.0
P282,2017-04-12,0.119999997,0.0
P282,2017-04-20,0.100000001,0.0
P282,2017-04-21,0.1250000035,1.0
P282,2017-04-22,0.119999997,1.0
P295,2017-04-25,0.039999999,1.0
P295,2017-04-30,0.2250000015,0.5
P295,2017-05-06,0.039999999,1.0
P295,2017-05-14,0.07000000133333333,0.0
P295,2017-05-15,0.200000003,1.0
P295,2017-05-19,0.180000007,1.0
P295,2017-05-25,0.180000007,1.0
P295,2017-05-27,0.129999995,0.0
P295,2017-05-29,0.164999999,0.5
P295,2017-05-31,0.02,0.0
P295,2017-06-04,0.02,1.0
P295,2017-06-05,0.01,0.0
P295,2017-06-06,0.01,1.0
P295,2017-06-13,0.0599999985,1.0
P295,2017-06-14,0.20000000299999998,0.0
P295,2017-06-17,0.200000003,0.0
P295,2017-06-28,0.180000007,1.0
P295,2017-06-30,0.0,1.0
P295,2017-07-05,0.210000001,1.0
P295,2017-07-06,0.13500000150000002,0.0
P295,2017-07-11,0.090000004,1.0
P295,2017-07-13,0.159999996,1.0
P295,2017-07-15,0.07,1.0
P295,2017-07-16,0.129999995,0.0
P295,2017-07-18,0.150000006,0.0
P295,2017-07-20,0.159999996,0.0
P295,2017-07-22,0.200000003,1.0
P295,2017-07-23,0.150000006,0.0
P295,2017-07-24,0.129999995,0.0
P295,2017-07-25,0.059999999,1.0
P295,2017-08-01,0.155000001,0.5
P295,2017-08-03,0.119999997,0.0
P295,2017-08-06,0.119999997,0.0
P295,2017-08-13,0.1100000015,0.5
P295,2017-08-18,0.039999999,0.0
P295,2017-08-19,0.1299999985,0.5
P295,2017-08-20,0.100000001,0.0
P295,2017-08-21,0.029999999,1.0
P295,2017-08-22,0.090000004,0.0
P295,2017-08-25,0.02,1.0
P295,2017-08-26,0.150000006,1.0
P295,2017-08-27,0.129999995,1.0
P295,2017-08-28,0.07,0.0
P295,2017-09-02,0.090000004,0.0
P295,2017-09-04,0.0649999995,1.0
P295,2017-09-07,0.01,0.0
P295,2017-09-08,0.059999999,1.0
P295,2017-09-09,0.069999999,0.6666666666666666
P303,2017-09-11,0.08,0.0
P303,2017-09-12,0.034999999000000004,0.0
P303,2017-09-13,0.005,0.0
P303,2017-09-14,0.21500000349999998,0.0
P303,2017-09-15,0.1499999985,1.0
P303,2017-09-16,0.0775000015,0.75
P303,2017-09-18,0.02,1.0
P303,2017-09-19,0.13000000333333334,1.0
P303,2017-09-20,0.1449999975,0.25
P303,2017-09-21,0.055,1.0
P303,2017-09-22,0.039999999,0.0
P303,2017-09-23,0.146666669,0.3333333333333333
P303,2017-09-24,0.164999999,0.5
P303,2017-09-25,0.109999999,1.0
P303,2017-09-26,0.059999999,1.0
P303,2017-09-27,0.039999999,1.0
P303,2017-09-28,0.02,1.0
P305,2017-04-25,0.100000001,0.0
P305,2017-04-26,0.090000004,1.0
P305,2017-04-28,0.07,1.0
P305,2017-05-01,0.059999999,1.0
P305,2017-05-02,0.050000001,0.0
P305,2017-05-03,0.039999999,1.0
P305,2017-05-04,0.0249999995,0.5
P305,2017-05-05,0.01,0.0
P305,2017-05-10,0.0,1.0
P305,2017-05-11,0.25,0.0
P305,2017-05-12,0.200000003,1.0
P305,2017-05-15,0.180000007,1.0
P305,2017-05-21,0.164999999,0.5
P305,2017-05-25,0.1400000005,1.0
P305,2017-05-26,0.119999997,1.0
P305,2017-05-28,0.100000001,1.0
P305,2017-05-29,0.090000004,1.0
P305,2017-05-30,0.07,0.0
P305,2017-06-02,0.059999999,0.0
P305,2017-06-07,0.050000001,1.0
P305,2017-06-12,0.039999999,1.0
P305,2017-06-16,0.029999999,1.0
P305,2017-06-18,0.02,0.0
P305,2017-06-21,0.01,0.0
P305,2017-06-22,0.0,0.0
P305,2017-06-23,0.25,0.0
P305,2017-06-29,0.190000005,0.5
P305,2017-06-30,0.164999999,1.0
P305,2017-07-04,0.150000006,0.0
P305,2017-07-07,0.129999995,0.0
P305,2017-07-12,0.119999997,1.0
P305,2017-07-15,0.100000001,1.0
P305,2017-07-18,0.07333333433333333,0.3333333333333333
P305,2017-07-19,0.050000001,1.0
P305,2017-07-21,0.034999999000000004,0.5
P305,2017-07-22,0.02,0.0
P305,2017-07-24,0.01,1.0
P305,2017-07-25,0.125,1.0
P305,2017-07-28,0.190000005,0.5
P305,2017-07-29,0.170000002,0.0
P305,2017-08-01,0.159999996,0.0
P305,2017-08-02,0.150000006,1.0
P305,2017-08-03,0.129999995,1.0
P305,2017-08-11,0.119999997,1.0
P305,2017-08-15,0.100000001,0.0
P305,2017-08-16,0.090000004,0.0
P305,2017-08-20,0.07,1.0
P305,2017-08-22,0.059999999,1.0
P305,2017-08-25,0.050000001,1.0
P305,2017-08-29,0.039999999,1.0
P305,2017-09-03,0.029999999,1.0
P305,2017-09-05,0.02,1.0
P305,2017-09-07,0.01,0.0
P305,2017-09-08,0.150000001,0.6666666666666666
P305,2017-09-09,0.180000007,1.0
P306,2017-04-23,0.01,0.0
P306,2017-04-25,0.039999999,1.0
P306,2017-04-28,0.0,0.0
P306,2017-05-02,0.119999997,1.0
P306,2017-05-07,0.08333333266666666,0.6666666666666666
P306,2017-05-10,0.059999999,0.0
P306,2017-05-20,0.170000002,0.0
P306,2017-05-22,0.0350000005,0.5
P306,2017-05-24,0.039999999,1.0
P306,2017-05-25,0.059999999,1.0
P306,2017-05-26,0.050000001,0.0
P306,2017-05-28,0.100000001,1.0
P306,2017-05-29,0.039999999,0.0
P306,2017-06-01,0.005,0.5
P306,2017-06-04,0.01,0.0
P306,2017-06-06,0.0,0.0
P306,2017-06-10,0.080000002,0.0
P306,2017-06-12,0.200000003,1.0
P306,2017-06-15,0.075000003,0.5
P306,2017-06-20,0.124999996,0.5
P306,2017-06-23,0.109999999,0.5
P306,2017-06-24,0.0950000025,0.0
P306,2017-06-26,0.050000001,0.0
P306,2017-07-03,0.050000001,1.0
P306,2017-07-09,0.159999996,0.0
P306,2017-07-11,0.039999999,1.0
P306,2017-07-13,0.039999999,1.0
P306,2017-07-19,0.170000002,1.0
P306,2017-07-28,0.029999999,0.0
P306,2017-08-04,0.0,1.0
P306,2017-08-07,0.090000004,1.0
P306,2017-08-10,0.090000004,0.0
P306,2017-08-13,0.0399999995,0.5
P306,2017-08-16,0.200000003,1.0
P306,2017-08-18,0.060000000500000004,0.5
P306,2017-08-19,0.01,0.0
P306,2017-08-22,0.050000001,1.0
P306,2017-08-23,0.159999996,0.0
P306,2017-08-26,0.039999999,1.0
P306,2017-08-27,0.25,0.0
P306,2017-08-29,0.200000003,0.0
P306,2017-08-30,0.0249999995,1.0
P306,2017-09-03,0.25,1.0
P306,2017-09-05,0.090000004,1.0
P306,2017-09-06,0.07,1.0
P306,2017-09-08,0.059999999,1.0
P306,2017-09-10,0.04,1.0
P311,2017-04-25,0.034999999000000004,0.5
P311,2017-04-26,0.02,0.0
P311,2017-04-30,0.01,1.0
P311,2017-05-03,0.0,0.0
P311,2017-05-05,0.25,0.0
P311,2017-05-07,0.200000003,0.0
P311,2017-05-13,0.17000000166666665,1.0
P311,2017-05-14,0.150000006,0.0
P311,2017-05-19,0.129999995,1.0
P311,2017-05-21,0.119999997,1.0
P311,2017-05-24,0.100000001,1.0
P311,2017-05-31,0.090000004,1.0
P311,2017-06-02,0.07,0.0
P311,2017-06-05,0.059999999,1.0
P311,2017-06-10,0.045,0.5
P311,2017-06-14,0.029999999,0.0
P311,2017-06-15,0.02,0.0
P311,2017-06-18,0.01,0.0
P311,2017-06-22,0.125,0.0
P311,2017-06-28,0.200000003,0.0
P311,2017-07-04,0.180000007,1.0
P311,2017-07-05,0.170000002,1.0
P311,2017-07-06,0.155000001,0.5
P311,2017-07-11,0.129999995,0.0
P311,2017-07-13,0.119999997,1.0
P311,2017-07-14,0.08666666833333332,0.3333333333333333
P311,2017-07-20,0.059999999,0.0
P311,2017-07-22,0.045,0.5
P311,2017-08-03,0.029999999,1.0
P311,2017-08-04,0.02,1.0
P311,2017-08-13,0.01,0.0
P311,2017-08-14,0.0,0.0
P311,2017-08-15,0.25,1.0
P311,2017-08-20,0.177500002,0.5
P311,2017-08-22,0.150000006,0.0
P311,2017-08-26,0.11666666433333334,0.6666666666666666
P311,2017-09-05,0.080000002,0.5
P311,2017-09-08,0.059999999,1.0
P311,2017-09-09,0.050000001,0.0
P359,2017-04-29,0.1750000045,0.0
P359,2017-05-02,0.02,1.0
P359,2017-05-03,0.029999999,1.0
P359,2017-05-05,0.0,1.0
P359,2017-05-06,0.170000002,1.0
P359,2017-05-07,0.07,0.0
P359,2017-05-10,0.119999997,1.0
P359,2017-05-16,0.039999999,0.0
P359,2017-05-18,0.065,1.0
P359,2017-05-20,0.029999999,0.0
P359,2017-05-21,0.059999999,0.0
P359,2017-05-26,0.11666666433333334,1.0
P359,2017-05-28,0.039999999,0.0
P359,2017-05-29,0.0,1.0
P359,2017-05-31,0.200000003,0.0
P359,2017-06-03,0.180000007,1.0
P359,2017-06-07,0.140000004,0.5
P359,2017-06-08,0.090000004,1.0
P359,2017-06-13,0.25,0.0
P359,2017-06-14,0.02,1.0
P359,2017-06-22,0.07,0.0
P359,2017-06-23,0.170000002,0.0
P359,2017-06-24,0.25,1.0
P359,2017-06-30,0.200000003,1.0
P359,2017-07-01,0.07500000100000001,0.5
P359,2017-07-02,0.1650000065,0.0
P359,2017-07-05,0.159999996,1.0
P359,2017-07-08,0.150000006,1.0
P359,2017-07-09,0.129999995,1.0
P359,2017-07-13,0.1099999975,0.5
P359,2017-07-15,0.07333333166666667,0.6666666666666666
P359,2017-07-17,0.159999996,0.0
P359,2017-07-20,0.039999999,0.0
P359,2017-07-21,0.159999996,0.0
P359,2017-07-25,0.119999997,1.0
P359,2017-07-27,0.1099999975,0.5
P359,2017-07-30,0.170000002,0.0
P359,2017-08-02,0.100000001,1.0
P359,2017-08-04,0.030000000500000002,0.5
P359,2017-08-05,0.0,0.0
P359,2017-08-12,0.050000001,1.0
P359,2017-08-15,0.080000002,0.5
P359,2017-08-16,0.25,0.0
P359,2017-08-22,0.119999997,1.0
P359,2017-08-23,0.119999997,1.0
P359,2017-08-25,0.170000002,1.0
P359,2017-08-26,0.200000003,1.0
P359,2017-08-27,0.180000007,1.0
P359,2017-08-29,0.180000007,1.0
P359,2017-08-30,0.01,0.0
P359,2017-09-02,0.07,1.0
P359,2017-09-03,0.200000003,1.0
P359,2017-09-07,0.159999996,0.0
P359,2017-09-09,0.059999999,0.0
P364,2017-09-11,0.1780000016,0.8
P364,2017-09-12,0.043333333,0.6666666666666666
P364,2017-09-13,0.07500000125,0.5
P364,2017-09-15,0.09000000025,1.0
P364,2017-09-16,0.0,1.0
P364,2017-09-17,0.059999999,0.0
P364,2017-09-18,0.005,1.0
P364,2017-09-19,0.16000000133333334,0.0
P364,2017-09-20,0.12666666633333334,0.6666666666666666
P364,2017-09-21,0.090000004,0.0
P364,2017-09-23,0.155000001,1.0
P364,2017-09-25,0.143333335,0.3333333333333333
P364,2017-09-27,0.01,1.0
P364,2017-09-28,0.25,0.0
P364,2017-09-29,0.0299999995,1.0
P365,2015-01-01,0.11840000083999999,0.44
P365,2015-01-02,0.12280000048,0.6
P365,2015-01-03,0.04919999984,0.68
P365,2015-01-04,0.10200000053333333,0.6
P365,2015-01-05,0.1225000005,0.5357142857142857
P365,2015-01-06,0.09954545509090909,0.5909090909090909
P365,2015-01-07,0.07863636422727273,0.4090909090909091
P365,2015-01-08,0.12068965572413794,0.5172413793103449
P365,2015-01-09,0.10454545540909091,0.5
P365,2015-01-10,0.09620689689655172,0.4482758620689655
P365,2015-01-11,0.10875000054166667,0.75
P365,2015-01-12,0.09722222244444445,0.5277777777777778
P365,2015-01-13,0.09217391413043478,0.5217391304347826
P365,2015-01-14,0.12379310382758621,0.3793103448275862
P365,2015-01-15,0.11173913117391304,0.6086956521739131
P365,2015-01-16,0.05888888874074074,0.5925925925925926
P365,2015-01-17,0.12333333461904761,0.5714285714285714
P365,2015-01-18,0.11148148192592593,0.4074074074074074
P365,2015-01-19,0.09333333316666666,0.6111111111111112
P365,2015-01-20,0.10000000089473685,0.5789473684210527
P365,2015-01-21,0.10235294182352941,0.6470588235294118
P365,2015-01-22,0.10391304360869565,0.6521739130434783
P365,2015-01-23,0.1090000007,0.5666666666666667
P365,2015-01-24,0.10913043565217392,0.4782608695652174
P365,2015-01-25,0.08821428585714286,0.5
P365,2015-01-26,0.10870967816129033,0.45161290322580644
P365,2015-01-27,0.0893750004375,0.5
P365,2015-01-28,0.09531250009375,0.4375
P365,2015-01-29,0.11391304417391304,0.6086956521739131
P365,2015-01-30,0.11555555633333332,0.6666666666666666
P365,2015-01-31,0.09250000083333333,0.5
P365,2015-02-01,0.09818181859090909,0.5454545454545454
P365,2015-02-02,0.091111111,0.6666666666666666
P365,2015-02-03,0.13809524004761906,0.47619047619047616
P365,2015-02-04,0.10227272663636365,0.6363636363636364
P365,2015-02-05,0.06592592644444445,0.4444444444444444
P365,2015-02-06,0.1075000004375,0.6875
P365,2015-02-07,0.11000000076923078,0.38461538461538464
P365,2015-02-08,0.11187500056250001,0.8125
P365,2015-02-09,0.0965625004375,0.625
P365,2015-02-10,0.09911764752941177,0.5882352941176471
P365,2015-02-11,0.12000000070000001,0.55
P365,2015-02-12,0.0685000001,0.55
P365,2015-02-13,0.1075000003125,0.8125
P365,2015-02-14,0.08105263173684212,0.47368421052631576
P365,2015-02-15,0.13357142971428573,0.6071428571428571
P365,2015-02-16,0.06857142838095238,0.47619047619047616
P365,2015-02-17,0.12764705952941177,0.5294117647058824
P365,2015-02-18,0.10692307803846154,0.46153846153846156
P365,2015-02-19,0.08838709687096774,0.6129032258064516
P365,2015-02-20,0.09750000056250001,0.625
P365,2015-02-21,0.12758620810344828,0.4827586206896552
P365,2015-02-22,0.09625,0.5416666666666666
P365,2015-02-23,0.09473684278947368,0.47368421052631576
P365,2015-02-24,0.09148148166666667,0.48148148148148145
P365,2015-02-25,0.10500000076666667,0.5
P365,2015-02-26,0.076190476,0.5714285714285714
P365,2015-02-27,0.1133333339047619,0.5714285714285714
P365,2015-02-28,0.1300000012,0.6
P365,2015-03-01,0.09062500028125,0.65625
P365,2015-03-02,0.09382352997058824,0.5588235294117647
P365,2015-03-03,0.114444445,0.5
P365,2015-03-04,0.06230769211538461,0.7307692307692307
P365,2015-03-05,0.13037037174074073,0.3333333333333333
P365,2015-03-06,0.11272727272727273,0.5454545454545454
P365,2015-03-07,0.10913043591304349,0.5652173913043478
P365,2015-03-08,0.08499999968181818,0.5
P365,2015-03-09,0.10269230815384615,0.4230769230769231
P365,2015-03-10,0.09000000062962964,0.5925925925925926
P365,2015-03-11,0.0907407408888889,0.48148148148148145
P365,2015-03-12,0.12454545618181818,0.5909090909090909
P365,2015-03-13,0.10285714300000001,0.5714285714285714
P365,2015-03-14,0.09391304347826088,0.4782608695652174
P365,2015-03-15,0.10952381080952381,0.6666666666666666
P365,2015-03-16,0.08619047657142857,0.7142857142857143
P365,2015-03-17,0.1296428577857143,0.5357142857142857
P365,2015-03-18,0.07571428528571429,0.42857142857142855
P365,2015-03-19,0.08500000031818182,0.5909090909090909
P365,2015-03-20,0.11923076984615386,0.38461538461538464
P365,2015-03-21,0.12480000108,0.56
P365,2015-03-22,0.08923076892307692,0.5769230769230769
P365,2015-03-23,0.0714814817037037,0.5925925925925926
P365,2015-03-24,0.11681818263636363,0.7272727272727273
P365,2015-03-25,0.10800000093333333,0.7333333333333333
P365,2015-03-26,0.10214285778571429,0.42857142857142855
P365,2015-03-27,0.14222222305555554,0.3333333333333333
P365,2015-03-28,0.09478260878260869,0.5652173913043478
P365,2015-03-29,0.04857142842857143,0.7142857142857143
P365,2015-03-30,0.1297674428139535,0.627906976744186
P365,2015-03-31,0.08652173930434783,0.6521739130434783
P365,2015-04-01,0.07068965517241378,0.4482758620689655
P365,2015-04-02,0.13350000195,0.4
P365,2015-04-03,0.13000000055,0.55
P365,2015-04-04,0.08047619033333334,0.47619047619047616
P365,2015-04-05,0.10333333416666667,0.4583333333333333
P365,2015-04-06,0.10833333329166667,0.5416666666666666
P365,2015-04-07,0.10550000070000001,0.5
P365,2015-04-08,0.049090909045454545,0.5
P365,2015-04-09,0.12913043604347826,0.5652173913043478
P365,2015-04-10,0.1173333337,0.6333333333333333
P365,2015-04-11,0.08759999988,0.76
P365,2015-04-12,0.073125000375,0.4375
P365,2015-04-13,0.12538461665384615,0.46153846153846156
P365,2015-04-14,0.10300000026666667,0.36666666666666664
P365,2015-04-15,0.09700000105,0.4
P365,2015-04-16,0.10290322577419356,0.5483870967741935
P365,2015-04-17,0.08541666745833333,0.7083333333333334
P365,2015-04-18,0.12000000096153846,0.5
P365,2015-04-19,0.10374999971875,0.53125
P365,2015-04-20,0.10000000104347827,0.391304347826087
P365,2015-04-21,0.063749999875,0.375
P365,2015-04-22,0.11360000076,0.48
P365,2015-04-23,0.13200000052,0.52
P365,2015-04-24,0.07949999965,0.75
P365,2015-04-25,0.07741935551612902,0.4838709677419355
P365,2015-04-26,0.1382142864642857,0.39285714285714285
P365,2015-04-27,0.09583333366666667,0.5833333333333334
P365,2015-04-28,0.07555555572222222,0.2222222222222222
P365,2015-04-29,0.07105263189473683,0.6842105263157895
P365,2015-04-30,0.13176470682352942,0.5
P365,2015-05-01,0.10320000008,0.68
P365,2015-05-02,0.0750000007,0.75
P365,2015-05-03,0.11208333420833333,0.625
P365,2015-05-04,0.10925925940740741,0.7407407407407407
P365,2015-05-05,0.08000000035714286,0.5
P365,2015-05-06,0.076666666875,0.4166666666666667
P365,2015-05-07,0.11380952447619047,0.3333333333333333
P365,2015-05-08,0.13933333369999998,0.5
P365,2015-05-09,0.061818182,0.5757575757575758
P365,2015-05-10,0.07833333433333334,0.5
P365,2015-05-11,0.15304347895652173,0.6521739130434783
P365,2015-05-12,0.07947368389473684,0.5263157894736842
P365,2015-05-13,0.10033333426666666,0.5333333333333333
P365,2015-05-14,0.11724137955172415,0.5517241379310345
P365,2015-05-15,0.07928571496428571,0.42857142857142855
P365,2015-05-16,0.1010526317368421,0.3157894736842105
P365,2015-05-17,0.13250000084375,0.375
P365,2015-05-18,0.0646666667,0.43333333333333335
P365,2015-05-19,0.09300000095000001,0.7
P365,2015-05-20,0.13625000041666666,0.5416666666666666
P365,2015-05-21,0.10142857133333334,0.6666666666666666
P365,2015-05-22,0.09148148218518519,0.5925925925925926
P365,2015-05-23,0.07894736842105263,0.7894736842105263
P365,2015-05-24,0.14000000178947367,0.5789473684210527
P365,2015-05-25,0.09999999995833335,0.4166666666666667
P365,2015-05-26,0.058799999840000006,0.48
P365,2015-05-27,0.1263157907368421,0.5789473684210527
P365,2015-05-28,0.12250000035,0.4
P365,2015-05-29,0.08171428611428572,0.6571428571428571
P365,2015-05-30,0.12000000076923077,0.46153846153846156
P365,2015-05-31,0.12000000036,0.4
P365,2015-06-01,0.09653846215384616,0.5384615384615384
P365,2015-06-02,0.08722222277777777,0.6111111111111112
P365,2015-06-03,0.11774193622580645,0.4838709677419355
P365,2015-06-04,0.09500000018181819,0.6818181818181818
P365,2015-06-05,0.059473684,0.631578947368421
P365,2015-06-06,0.08294117688235295,0.5882352941176471
P365,2015-06-07,0.14846153988461538,0.6538461538461539
P365,2015-06-08,0.09441176488235294,0.35294117647058826
P365,2015-06-09,0.084375000625,0.75
P365,2015-06-10,0.1031250004375,0.75
P365,2015-06-11,0.10642857242857143,0.5
P365,2015-06-12,0.10333333370833332,0.5833333333333334
P365,2015-06-13,0.0992592592962963,0.5925925925925926
P365,2015-06-14,0.11933333486666667,0.26666666666666666
P365,2015-06-15,0.11129032316129032,0.41935483870967744
P365,2015-06-16,0.09291666708333333,0.5416666666666666
P365,2015-06-17,0.09074074111111112,0.5185185185185185
P365,2015-06-18,0.09727272813636363,0.6363636363636364
P365,2015-06-19,0.10800000028,0.48
P365,2015-06-20,0.09656250071875,0.53125
P365,2015-06-21,0.096060606,0.48484848484848486
P365,2015-06-22,0.1247368435263158,0.42105263157894735
P365,2015-06-23,0.07764705858823528,0.6470588235294118
P365,2015-06-24,0.09322580703225807,0.41935483870967744
P365,2015-06-25,0.13000000110714285,0.4642857142857143
P365,2015-06-26,0.08961538426923078,0.5384615384615384
P365,2015-06-27,0.09000000055555556,0.7037037037037037
P365,2015-06-28,0.11294117694117646,0.5588235294117647
P365,2015-06-29,0.09900000025,0.5
P365,2015-06-30,0.11238095352380953,0.38095238095238093
P365,2015-07-01,0.09461538453846155,0.46153846153846156
P365,2015-07-02,0.09666666736666667,0.43333333333333335
P365,2015-07-03,0.09000000025925926,0.5925925925925926
P365,2015-07-04,0.12190476247619049,0.7142857142857143
P365,2015-07-05,0.0865000005,0.55
P365,2015-07-06,0.08260869582608696,0.6956521739130435
P365,2015-07-07,0.13625000075,0.625
P365,2015-07-08,0.11100000125000001,0.55
P365,2015-07-09,0.11629629633333333,0.6666666666666666
P365,2015-07-10,0.05884615407692308,0.6923076923076923
P365,2015-07-11,0.12884615492307694,0.6538461538461539
P365,2015-07-12,0.12916666708333333,0.3333333333333333
P365,2015-07-13,0.06120000004000001,0.56
P365,2015-07-14,0.09931034555172413,0.7586206896551724
P365,2015-07-15,0.10906250075,0.65625
P365,2015-07-16,0.11421052715789473,0.3684210526315789
P365,2015-07-17,0.1226923075,0.5384615384615384
P365,2015-07-18,0.08777777851851852,0.5185185185185185
P365,2015-07-19,0.06500000037499999,0.75
P365,2015-07-20,0.12541666741666666,0.5416666666666666
P365,2015-07-21,0.13277777833333335,0.3888888888888889
P365,2015-07-22,0.07000000066666666,0.4
P365,2015-07-23,0.093333333375,0.625
P365,2015-07-24,0.101666667375,0.4583333333333333
P365,2015-07-25,0.11214285792857144,0.42857142857142855
P365,2015-07-26,0.10076923061538462,0.6923076923076923
P365,2015-07-27,0.0675000005,0.375
P365,2015-07-28,0.11000000079310344,0.4827586206896552
P365,2015-07-29,0.13947368542105262,0.3684210526315789
P365,2015-07-30,0.08541666641666668,0.625
P365,2015-07-31,0.07757575806060606,0.3333333333333333
P365,2015-08-01,0.13448275944827587,0.5862068965517241
P365,2015-08-02,0.10000000013636363,0.5
P365,2015-08-03,0.0789655175862069,0.5517241379310345
P365,2015-08-04,0.10764705997058822,0.5882352941176471
P365,2015-08-05,0.12607142878571428,0.5
P365,2015-08-06,0.07478260852173914,0.8260869565217391
P365,2015-08-07,0.08428571482142858,0.6071428571428571
P365,2015-08-08,0.1280000008,0.6
P365,2015-08-09,0.09961538511538462,0.38461538461538464
P365,2015-08-10,0.10148148174074073,0.48148148148148145
P365,2015-08-11,0.08789473763157896,0.3684210526315789
P365,2015-08-12,0.11300000076666668,0.7
P365,2015-08-13,0.11357142878571429,0.5714285714285714
P365,2015-08-14,0.0903333337,0.36666666666666664
P365,2015-08-15,0.10392857192857143,0.5
P365,2015-08-16,0.10000000044827587,0.5517241379310345
P365,2015-08-17,0.08269230769230769,0.5384615384615384
P365,2015-08-18,0.11125000091666666,0.5833333333333334
P365,2015-08-19,0.1115000005,0.55
P365,2015-08-20,0.10000000009090909,0.5454545454545454
P365,2015-08-21,0.10823529558823529,0.35294117647058826
P365,2015-08-22,0.10578947394736843,0.7368421052631579
P365,2015-08-23,0.11958333354166667,0.4166666666666667
P365,2015-08-24,0.07851851881481481,0.3333333333333333
P365,2015-08-25,0.09218750090625,0.5625
P365,2015-08-26,0.14352941252941176,0.47058823529411764
P365,2015-08-27,0.09925925951851851,0.6296296296296297
P365,2015-08-28,0.08911764723529411,0.6176470588235294
P365,2015-08-29,0.11250000078571429,0.4642857142857143
P365,2015-08-30,0.0973076928076923,0.5769230769230769
P365,2015-08-31,0.10142857196428572,0.75
P365,2015-09-01,0.1155172421724138,0.6206896551724138
P365,2015-09-02,0.07473684205263158,0.5263157894736842
P365,2015-09-03,0.09421052689473684,0.3157894736842105
P365,2015-09-04,0.104583333625,0.625
P365,2015-09-05,0.1070000002,0.7
P365,2015-09-06,0.08586206951724139,0.6206896551724138
P365,2015-09-07,0.10772727359090908,0.22727272727272727
P365,2015-09-08,0.11475000042500001,0.6
P365,2015-09-09,0.0937500005,0.75
P365,2015-09-10,0.0711764704117647,0.7058823529411765
P365,2015-09-11,0.1148275872413793,0.4827586206896552
P365,2015-09-12,0.1144827588275862,0.5517241379310345
P365,2015-09-13,0.07531250015625,0.625
P365,2015-09-14,0.09058823605882353,0.7058823529411765
P365,2015-09-15,0.1309523821904762,0.2857142857142857
P365,2015-09-16,0.09894736871052631,0.6842105263157895
P365,2015-09-17,0.12045454654545455,0.6363636363636364
P365,2015-09-18,0.11666666683333332,0.6666666666666666
P365,2015-09-19,0.07722222222222223,0.6666666666666666
P365,2015-09-20,0.1000000011,0.6
P365,2015-09-21,0.10000000030434783,0.6521739130434783
P365,2015-09-22,0.11241379382758622,0.7241379310344828
P365,2015-09-23,0.07062500021875,0.75
P365,2015-09-24,0.11050000099999999,0.45
P365,2015-09-25,0.138000001,0.75
P365,2015-09-26,0.09107142825,0.35714285714285715
P365,2015-09-27,0.08000000049999999,0.5384615384615384
P365,2015-09-28,0.11210526394736843,0.5789473684210527
P365,2015-09-29,0.1105263157894737,0.42105263157894735
P365,2015-09-30,0.1109677427419355,0.3870967741935484
P365,2015-10-01,0.07944444488888888,0.6666666666666666
P365,2015-10-02,0.1176470594117647,0.5882352941176471
P365,2015-10-03,0.0881250001875,0.625
P365,2015-10-04,0.13000000063157893,0.631578947368421
P365,2015-10-05,0.08636363727272728,0.7272727272727273
P365,2015-10-06,0.09285714285714286,0.2857142857142857
P365,2015-10-07,0.09000000041666667,0.5416666666666666
P365,2015-10-08,0.1119230776923077,0.6153846153846154
P365,2015-10-09,0.10000000052000001,0.56
P365,2015-10-10,0.12105263236842106,0.47368421052631576
P365,2015-10-11,0.08840000015999999,0.52
P365,2015-10-12,0.09409090986363636,0.7727272727272727
P365,2015-10-13,0.11517241472413793,0.5862068965517241
P365,2015-10-14,0.09142857121428571,0.7142857142857143
P365,2015-10-15,0.10956521795652174,0.782608695652174
P365,2015-10-16,0.08840000048,0.72
P365,2015-10-17,0.08727272781818182,0.7272727272727273
P365,2015-10-18,0.1315000013,0.6
P365,2015-10-19,0.09366666659999999,0.43333333333333335
P365,2015-10-20,0.09850000115,0.5
P365,2015-10-21,0.0849999999375,0.375
P365,2015-10-22,0.11818181881818181,0.36363636363636365
P365,2015-10-23,0.09607142914285714,0.5
P365,2015-10-24,0.12695652260869564,0.43478260869565216
P365,2015-10-25,0.09227272718181818,0.5454545454545454
P365,2015-10-26,0.10210526363157894,0.631578947368421
P365,2015-10-27,0.08052631589473684,0.5789473684210527
P365,2015-10-28,0.11000000104761905,0.42857142857142855
P365,2015-10-29,0.09161290348387097,0.4838709677419355
P365,2015-10-30,0.10083333408333334,0.3333333333333333
P365,2015-10-31,0.11785714324999999,0.5
P365,2015-11-01,0.05239999996,0.48
P365,2015-11-02,0.14500000082142855,0.42857142857142855
P365,2015-11-03,0.08722222277777777,0.6111111111111112
P365,2015-11-04,0.1175862078275862,0.6551724137931034
P365,2015-11-05,0.10050000020000001,0.55
P365,2015-11-06,0.07565217386956521,0.7391304347826086
P365,2015-11-07,0.086875001125,0.5
P365,2015-11-08,0.11965517224137932,0.5517241379310345
P365,2015-11-09,0.11000000152380952,0.5238095238095238
P365,2015-11-10,0.07409090877272727,0.4090909090909091
P365,2015-11-11,0.09857142921428572,0.5
P365,2015-11-12,0.11840000092,0.4
P365,2015-11-13,0.08851851877777779,0.6296296296296297
P365,2015-11-14,0.12291666754166668,0.4583333333333333
P365,2015-11-15,0.09500000005,0.45
P365,2015-11-16,0.08620689703448275,0.6206896551724138
P365,2015-11-17,0.10653846223076924,0.5
P365,2015-11-18,0.13909091004545454,0.6363636363636364
P365,2015-11-19,0.08099999993333333,0.5333333333333333
P365,2015-11-20,0.0810000005,0.6
P365,2015-11-21,0.11363636413636363,0.45454545454545453
P365,2015-11-22,0.1257692316923077,0.46153846153846156
P365,2015-11-23,0.06909090886363636,0.5909090909090909
P365,2015-11-24,0.06526315810526316,0.42105263157894735
P365,2015-11-25,0.14538461696153845,0.5
P365,2015-11-26,0.126521739,0.5217391304347826
P365,2015-11-27,0.08793103503448277,0.5862068965517241
P365,2015-11-28,0.04782608682608696,0.391304347826087
P365,2015-11-29,0.1300000010263158,0.7368421052631579
P365,2015-11-30,0.10608695686956522,0.6521739130434783
P365,2015-12-01,0.0628571427142857,0.42857142857142855
P365,2015-12-02,0.12047619161904762,0.7619047619047619
P365,2015-12-03,0.11000000044444444,0.5185185185185185
P365,2015-12-04,0.08807692330769232,0.6538461538461539
P365,2015-12-05,0.0823076928076923,0.5384615384615384
P365,2015-12-06,0.12692307761538463,0.5384615384615384
P365,2015-12-07,0.10333333388888889,0.8888888888888888
P365,2015-12-08,0.081875000375,0.875
P365,2015-12-09,0.11705882373529412,0.5294117647058824
P365,2015-12-10,0.071666667125,0.3333333333333333
P365,2015-12-11,0.09400000105,0.5
P365,2015-12-12,0.13153846215384615,0.6538461538461539
P365,2015-12-13,0.10677419425806452,0.4838709677419355
P365,2015-12-14,0.08406249996875,0.53125
P365,2015-12-15,0.10346153930769231,0.6923076923076923
P365,2015-12-16,0.10000000023809524,0.47619047619047616
P365,2015-12-17,0.09894736836842105,0.631578947368421
P365,2015-12-18,0.11923077015384614,0.15384615384615385
P365,2015-12-19,0.07052631621052632,0.631578947368421
P365,2015-12-20,0.1261538473076923,0.5769230769230769
P365,2015-12-21,0.1040909095,0.5454545454545454
P365,2015-12-22,0.08782608686956521,0.391304347826087
P365,2015-12-23,0.11375000065625,0.625
P365,2015-12-24,0.10178571471428573,0.4642857142857143
P365,2015-12-25,0.07173913030434784,0.6521739130434783
P365,2015-12-26,0.12884615492307694,0.5384615384615384
P365,2015-12-27,0.09366666693333334,0.4
P365,2015-12-28,0.10120000084000001,0.56
P365,2015-12-29,0.11086956578260869,0.4782608695652174
P365,2015-12-30,0.09240000011999999,0.88
P365,2015-12-31,0.10700000080000001,0.45
P365,2016-01-01,0.11280000084000001,0.52
P365,2016-01-02,0.0818749998125,0.6875
P365,2016-01-03,0.0848000002,0.64
P365,2016-01-04,0.11032258132258065,0.7096774193548387
P365,2016-01-05,0.10550000100000001,0.5
P365,2016-01-06,0.11000000045454546,0.6060606060606061
P365,2016-01-07,0.10677419419354839,0.45161290322580644
P365,2016-01-08,0.04071428521428572,0.5
P365,2016-01-09,0.100000001,0.34615384615384615
P365,2016-01-10,0.12850000025000002,0.7
P365,2016-01-11,0.1380000012,0.4666666666666667
P365,2016-01-12,0.09714285778571428,0.7142857142857143
P365,2016-01-13,0.06533333293333334,0.2
P365,2016-01-14,0.0780000002,0.64
P365,2016-01-15,0.1245000007,0.6
P365,2016-01-16,0.11000000051612904,0.45161290322580644
P365,2016-01-17,0.08148148192592591,0.5925925925925926
P365,2016-01-18,0.12285714346428571,0.4642857142857143
P365,2016-01-19,0.09928571500000001,0.5
P365,2016-01-20,0.08259259318518518,0.7407407407407407
P365,2016-01-21,0.11933333343333333,0.6
P365,2016-01-22,0.07681818204545454,0.5454545454545454
P365,2016-01-23,0.11296296433333335,0.7037037037037037
P365,2016-01-24,0.10967741941935484,0.6451612903225806
P365,2016-01-25,0.09217391339130435,0.5217391304347826
P365,2016-01-26,0.10555555614814816,0.5555555555555556
P365,2016-01-27,0.11333333433333333,0.42857142857142855
P365,2016-01-28,0.0828,0.36
P365,2016-01-29,0.0960869572173913,0.6086956521739131
P365,2016-01-30,0.11480000052000001,0.6
P365,2016-01-31,0.11608695686956523,0.5217391304347826
P365,2016-02-01,0.09217391373913043,0.5652173913043478
P365,2016-02-02,0.1005000005,0.8
P365,2016-02-03,0.1072727280909091,0.7575757575757576
P365,2016-02-04,0.10294117676470588,0.35294117647058826
P365,2016-02-05,0.07874999983333333,0.5833333333333334
P365,2016-02-06,0.10041666720833332,0.375
P365,2016-02-07,0.12310344934482759,0.3793103448275862
P365,2016-02-08,0.10103448337931034,0.5517241379310345
P365,2016-02-09,0.07818181809090909,0.7727272727272727
P365,2016-02-10,0.09944444516666667,0.7222222222222222
P365,2016-02-11,0.13500000054166666,0.3333333333333333
P365,2016-02-12,0.08117647082352941,0.5882352941176471
P365,2016-02-13,0.07210526384210526,0.47368421052631576
P365,2016-02-14,0.15545454663636363,0.6363636363636364
P365,2016-02-15,0.11285714278571428,0.5
P365,2016-02-16,0.07406250028125,0.46875
P365,2016-02-17,0.11566666716666667,0.6666666666666666
P365,2016-02-18,0.10851851914814815,0.7037037037037037
P365,2016-02-19,0.09918918994594594,0.40540540540540543
P365,2016-02-20,0.0868421054736842,0.5789473684210527
P365,2016-02-21,0.14368421121052632,0.42105263157894735
P365,2016-02-22,0.07826086986956522,0.7391304347826086
P365,2016-02-23,0.09785714353571429,0.6428571428571429
P365,2016-02-24,0.133000001,0.75
P365,2016-02-25,0.11250000035,0.55
P365,2016-02-26,0.061071428321428575,0.42857142857142855
P365,2016-02-27,0.12450000095,0.5
P365,2016-02-28,0.10450000029999999,0.45
P365,2016-02-29,0.10333333425925925,0.4074074074074074
P365,2016-03-01,0.11954545436363637,0.5454545454545454
P365,2016-03-02,0.10619047671428572,0.6666666666666666
P365,2016-03-03,0.07631579018421053,0.3684210526315789
P365,2016-03-04,0.11892857153571428,0.6785714285714286
P365,2016-03-05,0.08840000052000001,0.6
P365,2016-03-06,0.11250000094999998,0.75
P365,2016-03-07,0.11962962985185185,0.5555555555555556
P365,2016-03-08,0.09103448317241379,0.6896551724137931
P365,2016-03-09,0.11107142957142857,0.6785714285714286
P365,2016-03-10,0.08037037048148149,0.5555555555555556
P365,2016-03-11,0.102083334375,0.5416666666666666
P365,2016-03-12,0.11869565273913044,0.6956521739130435
P365,2016-03-13,0.08444444450000001,0.6111111111111112
P365,2016-03-14,0.10391304360869565,0.8695652173913043
P365,2016-03-15,0.10388889038888889,0.3333333333333333
P365,2016-03-16,0.1054545450909091,0.45454545454545453
P365,2016-03-17,0.09535714328571429,0.5357142857142857
P365,2016-03-18,0.12026315868421053,0.5526315789473685
P365,2016-03-19,0.08157894836842106,0.5789473684210527
P365,2016-03-20,0.1040000004,0.64
P365,2016-03-21,0.1065625001875,0.625
P365,2016-03-22,0.067692308,0.5769230769230769
P365,2016-03-23,0.113125000875,0.625
P365,2016-03-24,0.11307692376923077,0.5
P365,2016-03-25,0.0956666668,0.5
P365,2016-03-26,0.09451612958064518,0.6451612903225806
P365,2016-03-27,0.11038461603846154,0.38461538461538464
P365,2016-03-28,0.11047619085714286,0.6666666666666666
P365,2016-03-29,0.0726923078076923,0.6923076923076923
P365,2016-03-30,0.13545454636363635,0.5151515151515151
P365,2016-03-31,0.1046428575357143,0.6785714285714286
P365,2016-04-01,0.07448275893103448,0.5862068965517241
P365,2016-04-02,0.06736842147368421,0.631578947368421
P365,2016-04-03,0.16230769392307692,0.6153846153846154
P365,2016-04-04,0.1255555563888889,0.6666666666666666
P365,2016-04-05,0.08923076971794873,0.5384615384615384
P365,2016-04-06,0.0942857145,0.4642857142857143
P365,2016-04-07,0.11615384711538461,0.5
P365,2016-04-08,0.10499999991666666,0.5
P365,2016-04-09,0.09478260917391305,0.30434782608695654
P365,2016-04-10,0.08535714335714285,0.6071428571428571
P365,2016-04-11,0.13958333404166667,0.3333333333333333
P365,2016-04-12,0.09409090990909091,0.5909090909090909
P365,2016-04-13,0.057812500031250005,0.40625
P365,2016-04-14,0.1541935493548387,0.5483870967741935
P365,2016-04-15,0.07950000035,0.6
P365,2016-04-16,0.0910000007,0.4666666666666667
P365,2016-04-17,0.096666667,0.5714285714285714
P365,2016-04-18,0.11413793106896553,0.5517241379310345
P365,2016-04-19,0.08833333379166668,0.5416666666666666
P365,2016-04-20,0.1166666676060606,0.6363636363636364
P365,2016-04-21,0.09064516125806452,0.3870967741935484
P365,2016-04-22,0.09750000091666666,0.3333333333333333
P365,2016-04-23,0.09526315805263158,0.7368421052631579
P365,2016-04-24,0.11333333422222222,0.5925925925925926
P365,2016-04-25,0.09250000025,0.75
P365,2016-04-26,0.09347826143478262,0.7391304347826086
P365,2016-04-27,0.1100000005,0.5
P365,2016-04-28,0.12071428646428571,0.5714285714285714
P365,2016-04-29,0.07439999992,0.4
P365,2016-04-30,0.11882353023529411,0.29411764705882354
P365,2016-05-01,0.0970967744516129,0.7419354838709677
P365,2016-05-02,0.08727272745454545,0.45454545454545453
P365,2016-05-03,0.1268421067894737,0.631578947368421
P365,2016-05-04,0.08903225835483872,0.45161290322580644
P365,2016-05-05,0.11033333406666666,0.43333333333333335
P365,2016-05-06,0.10142857146428572,0.7857142857142857
P365,2016-05-07,0.0926315792631579,0.5263157894736842
P365,2016-05-08,0.10548387161290322,0.7096774193548387
P365,2016-05-09,0.10880000027999999,0.88
P365,2016-05-10,0.09454545527272727,0.4090909090909091
P365,2016-05-11,0.10666666679166666,0.6666666666666666
P365,2016-05-12,0.09575757630303029,0.5151515151515151
P365,2016-05-13,0.12240000128,0.48
P365,2016-05-14,0.0926923078076923,0.6538461538461539
P365,2016-05-15,0.08571428585714287,0.5357142857142857
P365,2016-05-16,0.10695652282608696,0.6521739130434783
P365,2016-05-17,0.139375000625,0.6875
P365,2016-05-18,0.08576923023076924,0.5
P365,2016-05-19,0.07750000042857143,0.4642857142857143
P365,2016-05-20,0.1168181823181818,0.5909090909090909
P365,2016-05-21,0.12217391434782608,0.5652173913043478
P365,2016-05-22,0.10303030345454546,0.5454545454545454
P365,2016-05-23,0.08888888881481483,0.5555555555555556
P365,2016-05-24,0.09416666729166667,0.75
P365,2016-05-25,0.09272727277272728,0.5909090909090909
P365,2016-05-26,0.13592592733333334,0.6666666666666666
P365,2016-05-27,0.08580645174193549,0.5806451612903226
P365,2016-05-28,0.09700000096666667,0.6666666666666666
P365,2016-05-29,0.09750000020833333,0.5833333333333334
P365,2016-05-30,0.09181818263636364,0.5454545454545454
P365,2016-05-31,0.12066666723333334,0.43333333333333335
P365,2016-06-01,0.08904761885714285,0.47619047619047616
P365,2016-06-02,0.07095238119047619,0.6190476190476191
P365,2016-06-03,0.09260869686956522,0.782608695652174
P365,2016-06-04,0.1518518526296296,0.8148148148148148
P365,2016-06-05,0.08833333305555556,0.4444444444444444
P365,2016-06-06,0.04461538453846154,0.5
P365,2016-06-07,0.15136363795454544,0.6363636363636364
P365,2016-06-08,0.11652173939130436,0.5217391304347826
P365,2016-06-09,0.051249999875,0.625
P365,2016-06-10,0.13115384780769232,0.46153846153846156
P365,2016-06-11,0.11913043456521738,0.6521739130434783
P365,2016-06-12,0.06838709716129034,0.45161290322580644
P365,2016-06-13,0.12652174026086957,0.6086956521739131
P365,2016-06-14,0.12428571452380952,0.42857142857142855
P365,2016-06-15,0.07733333346666667,0.43333333333333335
P365,2016-06-16,0.08857142947619048,0.7142857142857143
P365,2016-06-17,0.12640000076,0.6
P365,2016-06-18,0.10928571478571428,0.6428571428571429
P365,2016-06-19,0.1038888891111111,0.6111111111111112
P365,2016-06-20,0.08370370359259259,0.5185185185185185
P365,2016-06-21,0.11115384692307692,0.34615384615384615
P365,2016-06-22,0.10680000052000001,0.44
P365,2016-06-23,0.08411764770588237,0.7647058823529411
P365,2016-06-24,0.09678571457142858,0.7142857142857143
P365,2016-06-25,0.10241379375862068,0.4827586206896552
P365,2016-06-26,0.10296296366666667,0.37037037037037035
P365,2016-06-27,0.09774193619354839,0.7096774193548387
P365,2016-06-28,0.10550000024999999,0.65
P365,2016-06-29,0.12200000100000001,0.56
P365,2016-06-30,0.09181818163636364,0.5454545454545454
P365,2016-07-01,0.08260869582608696,0.5217391304347826
P365,2016-07-02,0.11888889005555556,0.6666666666666666
P365,2016-07-03,0.09100000055,0.4
P365,2016-07-04,0.12653846246153846,0.7307692307692307
P365,2016-07-05,0.07037037,0.6666666666666666
P365,2016-07-06,0.10666666722222223,0.6111111111111112
P365,2016-07-07,0.11880000071999999,0.4
P365,2016-07-08,0.11240000055999999,0.68
P365,2016-07-09,0.06620689679310345,0.5862068965517241
P365,2016-07-10,0.12450000139999999,0.65
P365,2016-07-11,0.10909090886363636,0.4090909090909091
P365,2016-07-12,0.07142857209523809,0.47619047619047616
P365,2016-07-13,0.14578947468421052,0.3684210526315789
P365,2016-07-14,0.11814814837037037,0.5555555555555556
P365,2016-07-15,0.0810000006,0.45
P365,2016-07-16,0.10102564158974359,0.23076923076923078
P365,2016-07-17,0.11241379327586208,0.6206896551724138
P365,2016-07-18,0.10464285821428572,0.5714285714285714
P365,2016-07-19,0.05611111055555556,0.4444444444444444
P365,2016-07-20,0.10571428638095239,0.42857142857142855
P365,2016-07-21,0.12050000050000001,0.55
P365,2016-07-22,0.10280000048,0.4
P365,2016-07-23,0.09807692361538461,0.23076923076923078
P365,2016-07-24,0.10840000012,0.56
P365,2016-07-25,0.09153846226923078,0.5
P365,2016-07-26,0.11413793193103448,0.3448275862068966
P365,2016-07-27,0.11263157852631578,0.47368421052631576
P365,2016-07-28,0.07550000085,0.7
P365,2016-07-29,0.09240000064000001,0.52
P365,2016-07-30,0.12750000025,0.8125
P365,2016-07-31,0.12000000031818182,0.6363636363636364
P365,2016-08-01,0.04269230784615385,0.7307692307692307
P365,2016-08-02,0.15166666772222223,0.6111111111111112
P365,2016-08-03,0.1218181830909091,0.7727272727272727
P365,2016-08-04,0.07049999970000001,0.65
P365,2016-08-05,0.09629629699999999,0.5925925925925926
P365,2016-08-06,0.13777777862962962,0.6666666666666666
P365,2016-08-07,0.09833333325,0.625
P365,2016-08-08,0.075909091,0.3181818181818182
P365,2016-08-09,0.09888888969444445,0.5277777777777778
P365,2016-08-10,0.10000000044999999,0.55
P365,2016-08-11,0.12750000007142856,0.5
P365,2016-08-12,0.07642857185714287,0.6785714285714286
P365,2016-08-13,0.11500000136363636,0.6363636363636364
P365,2016-08-14,0.09833333320833333,0.5833333333333334
P365,2016-08-15,0.06333333347619048,0.7619047619047619
P365,2016-08-16,0.1304347834347826,0.6521739130434783
P365,2016-08-17,0.11607142896428571,0.4642857142857143
P365,2016-08-18,0.06862069003448276,0.41379310344827586
P365,2016-08-19,0.11250000025,0.5833333333333334
P365,2016-08-20,0.13782608852173914,0.6086956521739131
P365,2016-08-21,0.07333333304761905,0.5238095238095238
P365,2016-08-22,0.1003030309090909,0.6666666666666666
P365,2016-08-23,0.12041666775,0.7083333333333334
P365,2016-08-24,0.10166666711111111,0.5555555555555556
P365,2016-08-25,0.08307692338461538,0.5769230769230769
P365,2016-08-26,0.09416666695833333,0.4583333333333333
P365,2016-08-27,0.128750000625,0.4583333333333333
P365,2016-08-28,0.09428571460714286,0.6428571428571429
P365,2016-08-29,0.0826315795263158,0.631578947368421
P365,2016-08-30,0.09857142928571429,0.5357142857142857
P365,2016-08-31,0.1204166675,0.5
P365,2016-09-01,0.10636363700000001,0.5
P365,2016-09-02,0.0986363635,0.6363636363636364
P365,2016-09-03,0.08956521765217391,0.6521739130434783
P365,2016-09-04,0.10793103565517241,0.5862068965517241
P365,2016-09-05,0.09457142868571429,0.6857142857142857
P365,2016-09-06,0.09783783829729731,0.5405405405405406
P365,2016-09-07,0.09040000047999999,0.44
P365,2016-09-08,0.12080000108,0.56
P365,2016-09-09,0.11347826091304347,0.5217391304347826
P365,2016-09-10,0.0868750004375,0.6875
P365,2016-09-11,0.08818181886363637,0.7727272727272727
P365,2016-09-12,0.1140000002,0.48
P365,2016-09-13,0.1004545464090909,0.5454545454545454
P365,2016-09-14,0.10190476204761904,0.3333333333333333
P365,2016-09-15,0.13473684368421052,0.47368421052631576
P365,2016-09-16,0.078235294,0.5882352941176471
P365,2016-09-17,0.11520000100000001,0.4
P365,2016-09-18,0.104375000375,0.5625
P365,2016-09-19,0.052000000039999994,0.6
P365,2016-09-20,0.14814814925925926,0.6296296296296297
P365,2016-09-21,0.11030303060606061,0.5454545454545454
P365,2016-09-22,0.0913043485652174,0.7391304347826086
P365,2016-09-23,0.06375000016666667,0.7083333333333334
P365,2016-09-24,0.15640000088,0.64
P365,2016-09-25,0.08346153884615384,0.6538461538461539
P365,2016-09-26,0.10500000057692307,0.6538461538461539
P365,2016-09-27,0.049999999625,0.625
P365,2016-09-28,0.12724138072413793,0.2413793103448276
P365,2016-09-29,0.10961538446153847,0.6153846153846154
P365,2016-09-30,0.1088888893888889,0.6666666666666666
P365,2016-10-01,0.06800000045,0.45
P365,2016-10-02,0.11000000051515152,0.5757575757575758
P365,2016-10-03,0.11947368521052633,0.47368421052631576
P365,2016-10-04,0.08849999985,0.45
P365,2016-10-05,0.0960000006,0.4666666666666667
P365,2016-10-06,0.08757575824242425,0.3939393939393939
P365,2016-10-07,0.13333333405555556,0.6111111111111112
P365,2016-10-08,0.12041666699999999,0.6666666666666666
P365,2016-10-09,0.0830000004,0.65
P365,2016-10-10,0.0765217396521739,0.6521739130434783
P365,2016-10-11,0.13608695686956523,0.4782608695652174
P365,2016-10-12,0.08040000032,0.64
P365,2016-10-13,0.107500001,0.4642857142857143
P365,2016-10-14,0.12307692326923078,0.6538461538461539
P365,2016-10-15,0.08428571494285714,0.5428571428571428
P365,2016-10-16,0.06526315805263158,0.2631578947368421
P365,2016-10-17,0.1387500004375,0.5
P365,2016-10-18,0.11150000069999999,0.4
P365,2016-10-19,0.09904761961904762,0.47619047619047616
P365,2016-10-20,0.06916666670833334,0.375
P365,2016-10-21,0.11678571510714286,0.5
P365,2016-10-22,0.12461538557692307,0.5769230769230769
P365,2016-10-23,0.0811538458846154,0.46153846153846156
P365,2016-10-24,0.10636363739393939,0.7575757575757576
P365,2016-10-25,0.11480000071999999,0.6
P365,2016-10-26,0.09068965551724137,0.5517241379310345
P365,2016-10-27,0.08181818186363637,0.6818181818181818
P365,2016-10-28,0.13416666745833333,0.6666666666666666
P365,2016-10-29,0.069999999875,0.6875
P365,2016-10-30,0.12541666783333333,0.5416666666666666
P365,2016-10-31,0.10363636345454545,0.5454545454545454
P365,2016-11-01,0.09500000096153846,0.6538461538461539
P365,2016-11-02,0.11130434795652173,0.6956521739130435
P365,2016-11-03,0.09375000045833333,0.4583333333333333
P365,2016-11-04,0.12500000075,0.625
P365,2016-11-05,0.08578947415789473,0.47368421052631576
P365,2016-11-06,0.0860000004,0.56
P365,2016-11-07,0.10823529494117648,0.47058823529411764
P365,2016-11-08,0.10458333370833334,0.5
P365,2016-11-09,0.11043478313043478,0.4782608695652174
P365,2016-11-10,0.044285714071428575,0.35714285714285715
P365,2016-11-11,0.11428571495238096,0.5476190476190477
P365,2016-11-12,0.10277777805555556,0.3888888888888889
P365,2016-11-13,0.08999999993333334,0.6
P365,2016-11-14,0.1263157914736842,0.42105263157894735
P365,2016-11-15,0.09782608704347827,0.4782608695652174
P365,2016-11-16,0.07944444477777778,0.6666666666666666
P365,2016-11-17,0.11740740811111111,0.7777777777777778
P365,2016-11-18,0.11190476176190478,0.7142857142857143
P365,2016-11-19,0.0791666675,0.5416666666666666
P365,2016-11-20,0.1115625005625,0.71875
P365,2016-11-21,0.10958333391666668,0.5833333333333334
P365,2016-11-22,0.0984615388076923,0.5384615384615384
P365,2016-11-23,0.10560000048000001,0.68
P365,2016-11-24,0.10130434882608697,0.6086956521739131
P365,2016-11-25,0.1035714285,0.5357142857142857
P365,2016-11-26,0.09190476242857143,0.7619047619047619
P365,2016-11-27,0.1010526324736842,0.5263157894736842
P365,2016-11-28,0.0977419355483871,0.5806451612903226
P365,2016-11-29,0.10870967806451613,0.3870967741935484
P365,2016-11-30,0.08411764755882353,0.35294117647058826
P365,2016-12-01,0.13250000095833334,0.5833333333333334
P365,2016-12-02,0.10625000029166666,0.5416666666666666
P365,2016-12-03,0.07849999965,0.45
P365,2016-12-04,0.09258064593548386,0.5483870967741935
P365,2016-12-05,0.124242425,0.5151515151515151
P365,2016-12-06,0.07965517244827587,0.5517241379310345
P365,2016-12-07,0.09400000104,0.6
P365,2016-12-08,0.11807692353846154,0.2692307692307692
P365,2016-12-09,0.11500000045833332,0.4166666666666667
P365,2016-12-10,0.07250000021428571,0.75
P365,2016-12-11,0.11960000104,0.56
P365,2016-12-12,0.10758620679310345,0.6896551724137931
P365,2016-12-13,0.09250000070833335,0.3333333333333333
P365,2016-12-14,0.08050000015,0.6
P365,2016-12-15,0.12333333406666667,0.5666666666666667
P365,2016-12-16,0.09960000084000001,0.48
P365,2016-12-17,0.0950000005625,0.5
P365,2016-12-18,0.11960000076,0.48
P365,2016-12-19,0.10296296322222222,0.5185185185185185
P365,2016-12-20,0.0800000005,0.3333333333333333
P365,2016-12-21,0.06666666638888889,0.5
P365,2016-12-22,0.1385000019,0.9
P365,2016-12-23,0.11772727290909092,0.7272727272727273
P365,2016-12-24,0.0924000004,0.52
P365,2016-12-25,0.0939393943030303,0.6666666666666666
P365,2016-12-26,0.13266666786666667,0.8
P365,2016-12-27,0.10160000011999999,0.48
P365,2016-12-28,0.04454545436363636,0.45454545454545453
P365,2016-12-29,0.13045454686363636,0.6363636363636364
P365,2016-12-30,0.10285714310714286,0.5357142857142857
P365,2016-12-31,0.12045454613636365,0.22727272727272727
P365,2017-01-01,0.085,0.6666666666666666
P365,2017-01-02,0.09857142914285714,0.5
P365,2017-01-03,0.09294117705882353,0.47058823529411764
P365,2017-01-04,0.12045454581818182,0.5909090909090909
P365,2017-01-05,0.11823529576470587,0.6470588235294118
P365,2017-01-06,0.08962962955555555,0.4444444444444444
P365,2017-01-07,0.07719999996,0.36
P365,2017-01-08,0.11888889011111112,0.5555555555555556
P365,2017-01-09,0.13200000052,0.44
P365,2017-01-10,0.07818181831818181,0.2727272727272727
P365,2017-01-11,0.07888888940740742,0.6666666666666666
P365,2017-01-12,0.13166666736666668,0.4
P365,2017-01-13,0.08956521799999999,0.6086956521739131
P365,2017-01-14,0.10818181877272727,0.6818181818181818
P365,2017-01-15,0.07769230803846153,0.5384615384615384
P365,2017-01-16,0.12583333422222223,0.5
P365,2017-01-17,0.08344827593103449,0.5517241379310345
P365,2017-01-18,0.10589743623076923,0.48717948717948717
P365,2017-01-19,0.08772727363636364,0.4090909090909091
P365,2017-01-20,0.09333333383333332,0.625
P365,2017-01-21,0.11318181868181819,0.5454545454545454
P365,2017-01-22,0.11590909127272728,0.5
P365,2017-01-23,0.09730769284615384,0.6538461538461539
P365,2017-01-24,0.11166666716666668,0.6666666666666666
P365,2017-01-25,0.07720000024,0.28
P365,2017-01-26,0.1200000012962963,0.37037037037037035
P365,2017-01-27,0.11826087,0.782608695652174
P365,2017-01-28,0.07599999992,0.56
P365,2017-01-29,0.08263157947368421,0.47368421052631576
P365,2017-01-30,0.13157894831578948,0.631578947368421
P365,2017-01-31,0.1176000002,0.6
P365,2017-02-01,0.07653846180769232,0.7692307692307693
P365,2017-02-02,0.09500000063333333,0.6666666666666666
P365,2017-02-03,0.13538461661538462,0.5769230769230769
P365,2017-02-04,0.08684210510526316,0.47368421052631576
P365,2017-02-05,0.0652631577368421,0.3684210526315789
P365,2017-02-06,0.12851852003703704,0.7037037037037037
P365,2017-02-07,0.10809523809523809,0.5238095238095238
P365,2017-02-08,0.09892857157142856,0.42857142857142855
P365,2017-02-09,0.0923809536190476,0.6666666666666666
P365,2017-02-10,0.07703703677777778,0.2962962962962963
P365,2017-02-11,0.11000000115,0.7
P365,2017-02-12,0.11846153853846154,0.46153846153846156
P365,2017-02-13,0.1359090919090909,0.6363636363636364
P365,2017-02-14,0.07923076923076923,0.5384615384615384
P365,2017-02-15,0.10060606118181818,0.45454545454545453
P365,2017-02-16,0.11444444507407407,0.5185185185185185
P365,2017-02-17,0.07741935480645161,0.7096774193548387
P365,2017-02-18,0.15521739256521738,0.6086956521739131
P365,2017-02-19,0.09000000057894737,0.5789473684210527
P365,2017-02-20,0.07833333373333334,0.43333333333333335
P365,2017-02-21,0.11461538530769232,0.46153846153846156
P365,2017-02-22,0.11928571471428571,0.39285714285714285
P365,2017-02-23,0.0772727273030303,0.36363636363636365
P365,2017-02-24,0.10150000070000001,0.65
P365,2017-02-25,0.1231034488275862,0.5862068965517241
P365,2017-02-26,0.08129032290322581,0.5806451612903226
P365,2017-02-27,0.06466666666666666,0.4666666666666667
P365,2017-02-28,0.14923077092307693,0.4230769230769231
P365,2017-03-01,0.08999999956521738,0.43478260869565216
P365,2017-03-02,0.10054054124324324,0.7297297297297297
P365,2017-03-03,0.09645161325806452,0.6451612903225806
P365,2017-03-04,0.10920000048,0.72
P365,2017-03-05,0.0738461546923077,0.6153846153846154
P365,2017-03-06,0.11315789489473685,0.47368421052631576
P365,2017-03-07,0.09027027097297298,0.43243243243243246
P365,2017-03-08,0.13266666753333334,0.4
P365,2017-03-09,0.07428571423809524,0.47619047619047616
P365,2017-03-10,0.0900000005,0.6
P365,2017-03-11,0.12821428675,0.5
P365,2017-03-12,0.11086956573913043,0.6521739130434783
P365,2017-03-13,0.08529411782352941,0.4411764705882353
P365,2017-03-14,0.061764705705882356,0.5882352941176471
P365,2017-03-15,0.12960000164,0.72
P365,2017-03-16,0.120937500375,0.5625
P365,2017-03-17,0.06454545454545454,0.5
P365,2017-03-18,0.09000000045714285,0.6571428571428571
P365,2017-03-19,0.12892857214285716,0.39285714285714285
P365,2017-03-20,0.12115384688461539,0.5
P365,2017-03-21,0.055833333125,0.5833333333333334
P365,2017-03-22,0.11055555722222223,0.6111111111111112
P365,2017-03-23,0.11560000007999999,0.52
P365,2017-03-24,0.09200000025,0.55
P365,2017-03-25,0.09500000104166667,0.4166666666666667
P365,2017-03-26,0.10692307661538461,0.46153846153846156
P365,2017-03-27,0.11076923130769231,0.46153846153846156
P365,2017-03-28,0.12600000073333334,0.5333333333333333
P365,2017-03-29,0.085625000375,0.65625
P365,2017-03-30,0.08260869613043478,0.391304347826087
P365,2017-03-31,0.14652173986956524,0.5217391304347826
P365,2017-04-01,0.08961538446153847,0.5
P365,2017-04-02,0.08555555633333334,0.5185185185185185
P365,2017-04-03,0.1193939399090909,0.5757575757575758
P365,2017-04-04,0.09826087034782609,0.5217391304347826
P365,2017-04-05,0.09038461584615386,0.6153846153846154
P365,2017-04-06,0.10300000085000001,0.5
P365,2017-04-07,0.11263157905263158,0.3684210526315789
P365,2017-04-08,0.08156250015625,0.75
P365,2017-04-09,0.11560000084000001,0.68
P365,2017-04-10,0.11250000060000001,0.55
P365,2017-04-11,0.063,0.65
P365,2017-04-12,0.1325925935925926,0.5185185185185185
P365,2017-04-13,0.0955000002,0.35
P365,2017-04-14,0.10863636413636364,0.5454545454545454
P365,2017-04-15,0.08206896589655172,0.6206896551724138
P365,2017-04-16,0.11916666733333332,0.6666666666666666
P365,2017-04-17,0.08652173965217391,0.391304347826087
P365,2017-04-18,0.10571428642857143,0.5714285714285714
P365,2017-04-19,0.12914285765714287,0.37142857142857144
P365,2017-04-20,0.0696153848076923,0.5
P365,2017-04-21,0.09964285807142857,0.42857142857142855
P365,2017-04-22,0.13800000145,0.75
P365,2017-04-23,0.09653846111538462,0.6153846153846154
P365,2017-04-24,0.0775000005,0.625
P365,2017-04-25,0.08800000020000001,0.8
P365,2017-04-26,0.1642105284736842,0.3157894736842105
P365,2017-04-27,0.09291666629166667,0.625
P365,2017-04-28,0.07321428610714285,0.42857142857142855
P365,2017-04-29,0.10136363672727274,0.5454545454545454
P365,2017-04-30,0.11941176532352943,0.38235294117647056
P365,2017-05-01,0.09153846203846154,0.6923076923076923
P365,2017-05-02,0.08576923126923078,0.4230769230769231
P365,2017-05-03,0.15842105357894737,0.5263157894736842
P365,2017-05-04,0.093750000375,0.4375
P365,2017-05-05,0.060869564869565226,0.4782608695652174
P365,2017-05-06,0.11961538573076923,0.38461538461538464
P365,2017-05-07,0.12000000045161291,0.6129032258064516
P365,2017-05-08,0.07294117700000001,0.5294117647058824
P365,2017-05-09,0.03470588223529412,0.5882352941176471
P365,2017-05-10,0.14730769307692307,0.5769230769230769
P365,2017-05-11,0.11590909154545455,0.5454545454545454
P365,2017-05-12,0.057142857190476196,0.5714285714285714
P365,2017-05-13,0.13133333466666666,0.6666666666666666
P365,2017-05-14,0.11166666709999999,0.36666666666666664
P365,2017-05-15,0.0800000000882353,0.6176470588235294
P365,2017-05-16,0.12275862144827586,0.3448275862068966
P365,2017-05-17,0.07210526357894737,0.5263157894736842
P365,2017-05-18,0.08952381004761904,0.47619047619047616
P365,2017-05-19,0.11421052678947367,0.5263157894736842
P365,2017-05-20,0.1285185192222222,0.4074074074074074
P365,2017-05-21,0.11047619099999999,0.47619047619047616
P365,2017-05-22,0.07612903258064517,0.7741935483870968
P365,2017-05-23,0.096428572,0.5714285714285714
P365,2017-05-24,0.12892857167857144,0.5357142857142857
P365,2017-05-25,0.09206896634482759,0.5172413793103449
P365,2017-05-26,0.09571428647619049,0.7142857142857143
P365,2017-05-27,0.12565217395652176,0.4782608695652174
P365,2017-05-28,0.07315789515789474,0.42105263157894735
P365,2017-05-29,0.07600000044,0.56
P365,2017-05-30,0.11444444511111111,0.5185185185185185
P365,2017-05-31,0.14058823623529412,0.5294117647058824
P365,2017-06-01,0.11458333341666667,0.5833333333333334
P365,2017-06-02,0.06928571503571428,0.4642857142857143
P365,2017-06-03,0.11428571471428572,0.42857142857142855
P365,2017-06-04,0.11200000066666667,0.4666666666666667
P365,2017-06-05,0.11111111151851852,0.48148148148148145
P365,2017-06-06,0.1181250001875,0.3125
P365,2017-06-07,0.06894736894736841,0.5789473684210527
P365,2017-06-08,0.07368421105263158,0.5263157894736842
P365,2017-06-09,0.1265000014,0.65
P365,2017-06-10,0.13434782660869565,0.391304347826087
P365,2017-06-11,0.06749999978571429,0.5357142857142857
P365,2017-06-12,0.061904762190476186,0.6666666666666666
P365,2017-06-13,0.15307692484615384,0.8461538461538461
P365,2017-06-14,0.14555555655555555,0.7222222222222222
P365,2017-06-15,0.09294117617647059,0.5294117647058824
P365,2017-06-16,0.09074074125925925,0.7037037037037037
P365,2017-06-17,0.11722222294444445,0.6111111111111112
P365,2017-06-18,0.06263157857894737,0.631578947368421
P365,2017-06-19,0.12043478356521739,0.43478260869565216
P365,2017-06-20,0.10809523909523809,0.5714285714285714
P365,2017-06-21,0.10310344837931035,0.3793103448275862
P365,2017-06-22,0.10000000035714285,0.5
P365,2017-06-23,0.10064516196774194,0.6774193548387096
P365,2017-06-24,0.09320000016,0.4
P365,2017-06-25,0.11000000052631578,0.631578947368421
P365,2017-06-26,0.09434782682608696,0.5652173913043478
P365,2017-06-27,0.11148148244444445,0.5185185185185185
P365,2017-06-28,0.11727272759090908,0.6818181818181818
P365,2017-06-29,0.0799999998888889,0.6666666666666666
P365,2017-06-30,0.10250000096428571,0.5714285714285714
P365,2017-07-01,0.07916666633333333,0.4166666666666667
P365,2017-07-02,0.09729729810810811,0.5405405405405406
P365,2017-07-03,0.1415151525151515,0.6363636363636364
P365,2017-07-04,0.07933333303333333,0.5333333333333333
P365,2017-07-05,0.08363636404545455,0.5
P365,2017-07-06,0.13041666875,0.4583333333333333
P365,2017-07-07,0.12476190395238096,0.6666666666666666
P365,2017-07-08,0.06739130452173912,0.6956521739130435
P365,2017-07-09,0.07965517286206895,0.7586206896551724
P365,2017-07-10,0.14578947489473684,0.42105263157894735
P365,2017-07-11,0.0937500002,0.45
P365,2017-07-12,0.09583333429166667,0.7916666666666666
P365,2017-07-13,0.1295000006,0.7
P365,2017-07-14,0.10178571446428572,0.6071428571428571
P365,2017-07-15,0.08708333350000001,0.5
P365,2017-07-16,0.08760000076,0.36
P365,2017-07-17,0.13064516187096775,0.4838709677419355
P365,2017-07-18,0.06954545509090909,0.5
P365,2017-07-19,0.09903225822580644,0.5483870967741935
P365,2017-07-20,0.08909090954545454,0.6818181818181818
P365,2017-07-21,0.1350000006875,0.6875
P365,2017-07-22,0.11724138034482759,0.41379310344827586
P365,2017-07-23,0.07470588194117647,0.6470588235294118
P365,2017-07-24,0.10629629703703704,0.6296296296296297
P365,2017-07-25,0.10884615461538462,0.46153846153846156
P365,2017-07-26,0.08285714321428572,0.6785714285714286
P365,2017-07-27,0.11090909145454546,0.4090909090909091
P365,2017-07-28,0.106666667,0.5185185185185185
P365,2017-07-29,0.10956521799999999,0.6521739130434783
P365,2017-07-30,0.10157894757894737,0.47368421052631576
P365,2017-07-31,0.0785000007,0.7
P365,2017-08-01,0.09791666679166666,0.4583333333333333
P365,2017-08-02,0.10520000064,0.52
P365,2017-08-03,0.1084615395,0.5384615384615384
P365,2017-08-04,0.11545454568181818,0.6363636363636364
P365,2017-08-05,0.092727273,0.5909090909090909
P365,2017-08-06,0.07750000085,0.55
P365,2017-08-07,0.1253846156153846,0.5
P365,2017-08-08,0.11421052715789473,0.7368421052631579
P365,2017-08-09,0.08300000046666667,0.5
P365,2017-08-10,0.097916666625,0.625
P365,2017-08-11,0.11259259374074074,0.5555555555555556
P365,2017-08-12,0.11458333333333333,0.2916666666666667
P365,2017-08-13,0.08136363663636365,0.5454545454545454
P365,2017-08-14,0.10684210615789473,0.5789473684210527
P365,2017-08-15,0.10900000055,0.55
P365,2017-08-16,0.08500000079166666,0.4583333333333333
P365,2017-08-17,0.0950000001,0.6
P365,2017-08-18,0.12578947494736842,0.6842105263157895
P365,2017-08-19,0.10909090936363636,0.5454545454545454
P365,2017-08-20,0.07814814840740741,0.7037037037037037
P365,2017-08-21,0.10607142921428571,0.5357142857142857
P365,2017-08-22,0.13590909190909092,0.5
P365,2017-08-23,0.08392857135714285,0.5
P365,2017-08-24,0.09107142935714285,0.6785714285714286
P365,2017-08-25,0.14263158042105265,0.2631578947368421
P365,2017-08-26,0.09903225780645161,0.6451612903225806
P365,2017-08-27,0.059523809619047616,0.6666666666666666
P365,2017-08-28,0.12454545622727274,0.4090909090909091
P365,2017-08-29,0.09766666673333332,0.7333333333333333
P365,2017-08-30,0.10214285735714286,0.6785714285714286
P365,2017-08-31,0.11360000076,0.6
P365,2017-09-01,0.096250000125,0.625
P365,2017-09-02,0.06000000043478261,0.6086956521739131
P365,2017-09-03,0.14852941311764706,0.29411764705882354
P365,2017-09-04,0.09192307642307693,0.5769230769230769
P365,2017-09-05,0.07913043556521739,0.5217391304347826
P365,2017-09-06,0.105833334,0.375
P365,2017-09-07,0.1013333332,0.4666666666666667
P365,2017-09-08,0.10851851918518518,0.5925925925925926
P365,2017-09-09,0.10148148240740741,0.3333333333333333
P365,2017-09-10,0.065454545,0.2727272727272727
P365,2017-09-11,0.15000000117391304,0.4782608695652174
P365,2017-09-12,0.08666666652380953,0.5714285714285714
P365,2017-09-13,0.109166667625,0.5
P365,2017-09-14,0.075652174,0.4782608695652174
P365,2017-09-15,0.06320000024,0.36
P365,2017-09-16,0.16750000114285715,0.4642857142857143
P365,2017-09-17,0.09040000024,0.44
P365,2017-09-18,0.052000000000000005,0.7333333333333333
P365,2017-09-19,0.09117647123529413,0.47058823529411764
P365,2017-09-20,0.12875000096875,0.5
P365,2017-09-21,0.10230769246153847,0.5769230769230769
P365,2017-09-22,0.06000000006666666,0.6666666666666666
P365,2017-09-23,0.08130434808695652,0.5652173913043478
P365,2017-09-24,0.15454545609090908,0.7727272727272727
P365,2017-09-25,0.10217391317391304,0.6521739130434783
P365,2017-09-26,0.08136363659090909,0.7272727272727273
P365,2017-09-27,0.08370370422222223,0.6296296296296297
P365,2017-09-28,0.12714285842857143,0.5714285714285714
P365,2017-09-29,0.1135714285,0.42857142857142855
P365,2017-09-30,0.1190000003,0.5
P365,2017-10-01,0.09166666725,0.4583333333333333
P365,2017-10-02,0.05846153884615384,0.3076923076923077
P403,2015-01-01,0.10526315847368421,0.5789473684210527
P403,2015-01-02,0.10700000055,0.35
P403,2015-01-03,0.1038095239047619,0.6190476190476191
P403,2015-01-04,0.10176470635294117,0.29411764705882354
P403,2015-01-05,0.10157894789473684,0.47368421052631576
P403,2015-01-06,0.10176470635294117,0.4117647058823529
P403,2015-01-07,0.100588236,0.47058823529411764
P403,2015-01-08,0.0925806455483871,0.3870967741935484
P403,2015-01-09,0.1057894745263158,0.3157894736842105
P403,2015-01-10,0.1024137934137931,0.6206896551724138
P403,2015-01-11,0.11200000066666667,0.6
P403,2015-01-12,0.0975000005,0.8333333333333334
P403,2015-01-13,0.10590909127272727,0.5
P403,2015-01-14,0.1006250006875,0.5
P403,2015-01-15,0.08344827617241378,0.6206896551724138
P403,2015-01-16,0.1195454555,0.5909090909090909
P403,2015-01-17,0.10809523838095239,0.47619047619047616
P403,2015-01-18,0.10166666716666667,0.3888888888888889
P403,2015-01-19,0.09869565260869564,0.43478260869565216
P403,2015-01-20,0.08250000033333334,0.2916666666666667
P403,2015-01-21,0.10166666716666667,0.2777777777777778
P403,2015-01-22,0.10764705935294118,0.47058823529411764
P403,2015-01-23,0.11250000056250001,0.1875
P403,2015-01-24,0.0973684215263158,0.42105263157894735
P403,2015-01-25,0.1336363642727273,0.7272727272727273
P403,2015-01-26,0.10166666716666667,0.5
P403,2015-01-27,0.09500000071428572,0.5
P403,2015-01-28,0.10000000046153847,0.5
P403,2015-01-29,0.1100000006,0.3333333333333333
P403,2015-01-30,0.09448275920689654,0.6206896551724138
P403,2015-01-31,0.10846153884615385,0.6153846153846154
P403,2015-02-01,0.09700000045,0.6
P403,2015-02-02,0.10321428625,0.5
P403,2015-02-03,0.1037500005,0.5
P403,2015-02-04,0.08160000028,0.44
P403,2015-02-05,0.12071428642857143,0.6071428571428571
P403,2015-02-06,0.08740740766666667,0.4074074074074074
P403,2015-02-07,0.11033333399999999,0.3
P403,2015-02-08,0.10111111181481482,0.5185185185185185
P403,2015-02-09,0.10809523838095239,0.5238095238095238
P403,2015-02-10,0.096666667125,0.375
P403,2015-02-11,0.090833333625,0.625
P403,2015-02-12,0.11692307769230768,0.6153846153846154
P403,2015-02-13,0.11500000071428572,0.6428571428571429
P403,2015-02-14,0.08750000029166666,0.5833333333333334
P403,2015-02-15,0.11200000067999999,0.68
P403,2015-02-16,0.10166666716666667,0.4444444444444444
P403,2015-02-17,0.10166666716666667,0.5
P403,2015-02-18,0.1037500005,0.4583333333333333
P403,2015-02-19,0.09700000045,0.65
P403,2015-02-20,0.090833333625,0.625
P403,2015-02-21,0.10166666716666667,0.3333333333333333
P403,2015-02-22,0.11333333433333333,0.47619047619047616
P403,2015-02-23,0.10750000033333333,0.75
P403,2015-02-24,0.10000000047368421,0.631578947368421
P403,2015-02-25,0.08500000029166667,0.5
P403,2015-02-26,0.11181818268181819,0.7727272727272727
P403,2015-02-27,0.11130434804347826,0.6086956521739131
P403,2015-02-28,0.0987878793939394,0.6060606060606061
P403,2015-03-01,0.10200000043999999,0.52
P403,2015-03-02,0.08954545490909091,0.5909090909090909
P403,2015-03-03,0.113793104,0.6206896551724138
P403,2015-03-04,0.09866666773333334,0.3333333333333333
P403,2015-03-05,0.10315789494736842,0.47368421052631576
P403,2015-03-06,0.07,0.5833333333333334
P403,2015-03-07,0.10684210589473683,0.5263157894736842
P403,2015-03-08,0.09200000039999999,0.4
P403,2015-03-09,0.10166666716666667,0.6666666666666666
P403,2015-03-10,0.10400000044999999,0.6
P403,2015-03-11,0.0987500005625,0.5
P403,2015-03-12,0.11625000070833334,0.4166666666666667
P403,2015-03-13,0.0921875003125,0.59375
P403,2015-03-14,0.11333333433333333,0.6666666666666666
P403,2015-03-15,0.10473684236842105,0.6842105263157895
P403,2015-03-16,0.09823529488235294,0.5882352941176471
P403,2015-03-17,0.08533333313333333,0.4
P403,2015-03-18,0.092941177,0.47058823529411764
P403,2015-03-19,0.10947368468421052,0.6842105263157895
P403,2015-03-20,0.11333333433333333,0.6666666666666666
P403,2015-03-21,0.10166666716666667,0.6111111111111112
P403,2015-03-22,0.07357142835714285,0.5714285714285714
P403,2015-03-23,0.10166666716666667,0.6111111111111112
P403,2015-03-24,0.11375000056250001,0.4375
P403,2015-03-25,0.10409090963636364,0.5454545454545454
P403,2015-03-26,0.1114285720952381,0.42857142857142855
P403,2015-03-27,0.0937500006875,0.5625
P403,2015-03-28,0.11130434804347826,0.5652173913043478
P403,2015-03-29,0.1010000007,0.6
P403,2015-03-30,0.09142857178571429,0.39285714285714285
P403,2015-03-31,0.11111111174074075,0.5185185185185185
P403,2015-04-01,0.10250000050000001,0.46875
P403,2015-04-02,0.09869565260869564,0.43478260869565216
P403,2015-04-03,0.09346153888461539,0.46153846153846156
P403,2015-04-04,0.10928571485714286,0.6071428571428571
P403,2015-04-05,0.08250000033333334,0.5416666666666666
P403,2015-04-06,0.1200000006,0.6
P403,2015-04-07,0.10588235352941176,0.5882352941176471
P403,2015-04-08,0.10793103506896552,0.5862068965517241
P403,2015-04-09,0.09440000040000002,0.52
P403,2015-04-10,0.10166666716666667,0.8333333333333334
P403,2015-04-11,0.09750000045833333,0.2916666666666667
P403,2015-04-12,0.1025806456451613,0.6129032258064516
P403,2015-04-13,0.10166666716666667,0.6666666666666666
P403,2015-04-14,0.09590909131818183,0.4090909090909091
P403,2015-04-15,0.092941177,0.47058823529411764
P403,2015-04-16,0.1195454555,0.5454545454545454
P403,2015-04-17,0.10222222251851852,0.5555555555555556
P403,2015-04-18,0.09142857176190476,0.3333333333333333
P403,2015-04-19,0.110000000875,0.625
P403,2015-04-20,0.10166666716666667,0.3333333333333333
P403,2015-04-21,0.10700000055,0.45
P403,2015-04-22,0.09882352958823529,0.7058823529411765
P403,2015-04-23,0.10166666716666667,0.6666666666666666
P403,2015-04-24,0.09823529488235294,0.8235294117647058
P403,2015-04-25,0.09764705923529413,0.47058823529411764
P403,2015-04-26,0.09705882364705883,0.6470588235294118
P403,2015-04-27,0.10166666716666667,0.5555555555555556
P403,2015-04-28,0.10578947452631578,0.5263157894736842
P403,2015-04-29,0.11130434804347826,0.7391304347826086
P403,2015-04-30,0.08807692353846154,0.5
P403,2015-05-01,0.10166666716666667,0.5555555555555556
P403,2015-05-02,0.13000000091666666,0.8333333333333334
P403,2015-05-03,0.09571428614285715,0.47619047619047616
P403,2015-05-04,0.1100000006,0.5333333333333333
P403,2015-05-05,0.09318181854545454,0.6363636363636364
P403,2015-05-06,0.09304347860869565,0.6521739130434783
P403,2015-05-07,0.10166666716666667,0.5555555555555556
P403,2015-05-08,0.11050000095000001,0.45
P403,2015-05-09,0.10526315847368421,0.5789473684210527
P403,2015-05-10,0.08533333313333333,0.4666666666666667
P403,2015-05-11,0.11545454622727273,0.7272727272727273
P403,2015-05-12,0.1055000005,0.4
P403,2015-05-13,0.09869565260869564,0.5652173913043478
P403,2015-05-14,0.08920000031999999,0.56
P403,2015-05-15,0.10166666716666667,0.3888888888888889
P403,2015-05-16,0.0987500005625,0.375
P403,2015-05-17,0.10705882405882353,0.5294117647058824
P403,2015-05-18,0.10739130517391304,0.391304347826087
P403,2015-05-19,0.10000000026666668,0.6666666666666666
P403,2015-05-20,0.10166666716666667,0.5
P403,2015-05-21,0.088571429,0.6666666666666666
P403,2015-05-22,0.11896551793103448,0.3793103448275862
P403,2015-05-23,0.08826086986956522,0.5217391304347826
P403,2015-05-24,0.10409090963636364,0.7727272727272727
P403,2015-05-25,0.1114285720952381,0.47619047619047616
P403,2015-05-26,0.10421052710526316,0.5789473684210527
P403,2015-05-27,0.09333333348148148,0.6296296296296297
P403,2015-05-28,0.12666666822222222,0.3333333333333333
P403,2015-05-29,0.09071428585714285,0.5357142857142857
P403,2015-05-30,0.110000000875,0.3333333333333333
P403,2015-05-31,0.1042307695,0.6153846153846154
P403,2015-06-01,0.09346153888461539,0.5769230769230769
P403,2015-06-02,0.1114285720952381,0.42857142857142855
P403,2015-06-03,0.10619047652380953,0.7619047619047619
P403,2015-06-04,0.08807692353846154,0.5769230769230769
P403,2015-06-05,0.11428571482142857,0.4642857142857143
P403,2015-06-06,0.0987500010625,0.4375
P403,2015-06-07,0.09800000024000001,0.52
P403,2015-06-08,0.10441176523529412,0.4411764705882353
P403,2015-06-09,0.08500000029166667,0.6666666666666666
P403,2015-06-10,0.11655172482758622,0.5862068965517241
P403,2015-06-11,0.10166666716666667,0.6111111111111112
P403,2015-06-12,0.0980000004,0.35
P403,2015-06-13,0.08250000033333334,0.5416666666666666
P403,2015-06-14,0.12280000072,0.72
P403,2015-06-15,0.10190476242857144,0.6190476190476191
P403,2015-06-16,0.09318181854545454,0.5
P403,2015-06-17,0.08590909127272728,0.7272727272727273
P403,2015-06-18,0.12642857214285713,0.35714285714285715
P403,2015-06-19,0.1087500005625,0.625
P403,2015-06-20,0.08250000033333334,0.625
P403,2015-06-21,0.12642857214285713,0.5
P403,2015-06-22,0.10166666716666667,0.5
P403,2015-06-23,0.1087500005625,0.5
P403,2015-06-24,0.10733333373333333,0.26666666666666666
P403,2015-06-25,0.09677419429032258,0.5806451612903226
P403,2015-06-26,0.079230769,0.3076923076923077
P403,2015-06-27,0.10166666716666667,0.5
P403,2015-06-28,0.11625000070833334,0.5416666666666666
P403,2015-06-29,0.10000000046153845,0.7692307692307693
P403,2015-06-30,0.10314285762857142,0.5428571428571428
P403,2015-07-01,0.10692307753846153,0.46153846153846156
P403,2015-07-02,0.1026315792631579,0.5263157894736842
P403,2015-07-03,0.1010000007,0.6
P403,2015-07-04,0.10000000047368421,0.7368421052631579
P403,2015-07-05,0.09222222259259259,0.4444444444444444
P403,2015-07-06,0.1114285720952381,0.6190476190476191
P403,2015-07-07,0.09275862103448275,0.4482758620689655
P403,2015-07-08,0.10647058876470587,0.5882352941176471
P403,2015-07-09,0.09590909131818183,0.5454545454545454
P403,2015-07-10,0.11050000095000001,0.5
P403,2015-07-11,0.10800000034999999,0.65
P403,2015-07-12,0.0977777781851852,0.6296296296296297
P403,2015-07-13,0.10793103506896552,0.6206896551724138
P403,2015-07-14,0.09869565260869564,0.7391304347826086
P403,2015-07-15,0.08250000033333334,0.7083333333333334
P403,2015-07-16,0.11250000059375,0.46875
P403,2015-07-17,0.10529411823529411,0.4117647058823529
P403,2015-07-18,0.10470588282352941,0.5882352941176471
P403,2015-07-19,0.09666666733333333,0.5925925925925926
P403,2015-07-20,0.09705882364705883,0.47058823529411764
P403,2015-07-21,0.11360000052000001,0.44
P403,2015-07-22,0.09761904819047619,0.6190476190476191
P403,2015-07-23,0.09285714323809524,0.6666666666666666
P403,2015-07-24,0.10640000084000001,0.56
P403,2015-07-25,0.10473684236842105,0.47368421052631576
P403,2015-07-26,0.10619047652380953,0.5238095238095238
P403,2015-07-27,0.06545454572727273,0.36363636363636365
P403,2015-07-28,0.11692307753846154,0.46153846153846156
P403,2015-07-29,0.09950000065,0.5
P403,2015-07-30,0.1043750003125,0.6875
P403,2015-07-31,0.1010526322631579,0.42105263157894735
P403,2015-08-01,0.09043478291304347,0.43478260869565216
P403,2015-08-02,0.10375000079166667,0.4583333333333333
P403,2015-08-03,0.11000000061904763,0.47619047619047616
P403,2015-08-04,0.09375000021875,0.59375
P403,2015-08-05,0.11360000052000001,0.52
P403,2015-08-06,0.09950000065,0.75
P403,2015-08-07,0.09222222259259259,0.4074074074074074
P403,2015-08-08,0.086250000375,0.375
P403,2015-08-09,0.1213043485652174,0.4782608695652174
P403,2015-08-10,0.10521739182608696,0.6086956521739131
P403,2015-08-11,0.10000000047368421,0.631578947368421
P403,2015-08-12,0.09428571466666666,0.7619047619047619
P403,2015-08-13,0.10166666716666667,0.7222222222222222
P403,2015-08-14,0.10555555614814816,0.4074074074074074
P403,2015-08-15,0.10521739182608696,0.8260869565217391
P403,2015-08-16,0.10235294147058824,0.29411764705882354
P403,2015-08-17,0.08760000043999999,0.52
P403,2015-08-18,0.10647058876470589,0.5882352941176471
P403,2015-08-19,0.10846153911538461,0.5384615384615384
P403,2015-08-20,0.09823529488235294,0.47058823529411764
P403,2015-08-21,0.0925,0.75
P403,2015-08-22,0.11111111174074075,0.8148148148148148
P403,2015-08-23,0.10166666716666667,0.3333333333333333
P403,2015-08-24,0.09947368463157895,0.631578947368421
P403,2015-08-25,0.1038709682903226,0.2903225806451613
P403,2015-08-26,0.1026315792631579,0.6842105263157895
P403,2015-08-27,0.10157894789473684,0.631578947368421
P403,2015-08-28,0.09545454604545454,0.6818181818181818
P403,2015-08-29,0.0952000004,0.68
P403,2015-08-30,0.11318181909090909,0.7272727272727273
P403,2015-08-31,0.09576923096153847,0.6153846153846154
P403,2015-09-01,0.08590909127272726,0.45454545454545453
P403,2015-09-02,0.10735294170588236,0.6764705882352942
P403,2015-09-03,0.10647058876470587,0.47058823529411764
P403,2015-09-04,0.10846153911538461,0.6538461538461539
P403,2015-09-05,0.10521739182608696,0.8260869565217391
P403,2015-09-06,0.0980000004,0.7
P403,2015-09-07,0.08608695686956522,0.34782608695652173
P403,2015-09-08,0.11625000070833334,0.5
P403,2015-09-09,0.10166666716666667,0.5
P403,2015-09-10,0.10421052710526316,0.7894736842105263
P403,2015-09-11,0.10173913069565217,0.6086956521739131
P403,2015-09-12,0.08826086986956522,0.6086956521739131
P403,2015-09-13,0.10739130517391304,0.391304347826087
P403,2015-09-14,0.106666667,0.5925925925925926
P403,2015-09-15,0.10785714321428572,0.5
P403,2015-09-16,0.09875000106250001,0.75
P403,2015-09-17,0.10173913069565217,0.5217391304347826
P403,2015-09-18,0.09428571466666666,0.5238095238095238
P403,2015-09-19,0.0940000004,0.55
P403,2015-09-20,0.10409090963636364,0.6363636363636364
P403,2015-09-21,0.11391304413043478,0.6086956521739131
P403,2015-09-22,0.09440000039999999,0.52
P403,2015-09-23,0.09750000045833333,0.5833333333333334
P403,2015-09-24,0.10578947452631578,0.631578947368421
P403,2015-09-25,0.1046428575,0.6428571428571429
P403,2015-09-26,0.090833333625,0.5
P403,2015-09-27,0.114285715,0.5357142857142857
P403,2015-09-28,0.10352941229411765,0.6470588235294118
P403,2015-09-29,0.0990322585483871,0.5483870967741935
P403,2015-09-30,0.10619047652380953,0.38095238095238093
P403,2015-10-01,0.08793103489655173,0.6551724137931034
P403,2015-10-02,0.11592592666666668,0.3333333333333333
P403,2015-10-03,0.08740740766666667,0.2962962962962963
P403,2015-10-04,0.11695652273913044,0.5652173913043478
P403,2015-10-05,0.09000000033333334,0.5333333333333333
P403,2015-10-06,0.11090909127272729,0.5454545454545454
P403,2015-10-07,0.10045454595454545,0.6363636363636364
P403,2015-10-08,0.1016129039032258,0.5806451612903226
P403,2015-10-09,0.10000000020833333,0.3333333333333333
P403,2015-10-10,0.09894736894736843,0.5263157894736842
P403,2015-10-11,0.10470588282352941,0.6470588235294118
P403,2015-10-12,0.10166666716666667,0.6111111111111112
P403,2015-10-13,0.10692307753846154,0.46153846153846156
P403,2015-10-14,0.08344827617241378,0.5862068965517241
P403,2015-10-15,0.10764705935294117,0.7647058823529411
P403,2015-10-16,0.11760000092,0.6
P403,2015-10-17,0.10400000005000001,0.65
P403,2015-10-18,0.093333333875,0.4166666666666667
P403,2015-10-19,0.10346153923076924,0.5769230769230769
P403,2015-10-20,0.10473684236842105,0.631578947368421
P403,2015-10-21,0.1055000005,0.4
P403,2015-10-22,0.10250000035,0.5
P403,2015-10-23,0.09866666773333334,0.6
P403,2015-10-24,0.07461538423076923,0.46153846153846156
P403,2015-10-25,0.11333333433333333,0.7142857142857143
P403,2015-10-26,0.07357142835714285,0.5714285714285714
P403,2015-10-27,0.11250000059375,0.6875
P403,2015-10-28,0.10080000072,0.4
P403,2015-10-29,0.106666667,0.6296296296296297
P403,2015-10-30,0.08608695686956522,0.391304347826087
P403,2015-10-31,0.10400000044999999,0.65
P403,2015-11-01,0.11750000075,0.4166666666666667
P403,2015-11-02,0.096666667125,0.7083333333333334
P403,2015-11-03,0.1059375004375,0.625
P403,2015-11-04,0.08760000043999999,0.6
P403,2015-11-05,0.09200000045,0.55
P403,2015-11-06,0.10947368468421052,0.5789473684210527
P403,2015-11-07,0.11695652273913044,0.4782608695652174
P403,2015-11-08,0.09576923096153847,0.5769230769230769
P403,2015-11-09,0.10080000072,0.52
P403,2015-11-10,0.10800000034999999,0.65
P403,2015-11-11,0.1037500005,0.625
P403,2015-11-12,0.09428571466666666,0.3333333333333333
P403,2015-11-13,0.10714285792857144,0.5714285714285714
P403,2015-11-14,0.10173913069565217,0.43478260869565216
P403,2015-11-15,0.10153846246153846,0.46153846153846156
P403,2015-11-16,0.09800000024000001,0.48
P403,2015-11-17,0.09846153911538462,0.38461538461538464
P403,2015-11-18,0.106666667,0.6666666666666666
P403,2015-11-19,0.09346153888461539,0.46153846153846156
P403,2015-11-20,0.10166666716666667,0.5555555555555556
P403,2015-11-21,0.09200000039999999,0.7333333333333333
P403,2015-11-22,0.114347827,0.5652173913043478
P403,2015-11-23,0.10473684236842105,0.5789473684210527
P403,2015-11-24,0.10000000046153847,0.38461538461538464
P403,2015-11-25,0.08772727304545455,0.4090909090909091
P403,2015-11-26,0.12357142935714285,0.6428571428571429
P403,2015-11-27,0.1100000006,0.6
P403,2015-11-28,0.09318181854545454,0.36363636363636365
P403,2015-11-29,0.10166666716666667,0.6666666666666666
P403,2015-11-30,0.10166666716666667,0.3888888888888889
P403,2015-12-01,0.10793103506896552,0.7241379310344828
P403,2015-12-02,0.09440000039999999,0.4
P403,2015-12-03,0.09000000038095239,0.7619047619047619
P403,2015-12-04,0.11807692376923076,0.6538461538461539
P403,2015-12-05,0.096666667125,0.4166666666666667
P403,2015-12-06,0.09500000035,0.65
P403,2015-12-07,0.1215384623846154,0.9230769230769231
P403,2015-12-08,0.10250000025,0.6875
P403,2015-12-09,0.09451612974193548,0.4838709677419355
P403,2015-12-10,0.08571428564285714,0.2857142857142857
P403,2015-12-11,0.114347827,0.391304347826087
P403,2015-12-12,0.10700000055,0.5
P403,2015-12-13,0.10173913069565217,0.6521739130434783
P403,2015-12-14,0.09136363668181818,0.4090909090909091
P403,2015-12-15,0.09300000045,0.75
P403,2015-12-16,0.11760000092,0.6
P403,2015-12-17,0.08357142842857143,0.5
P403,2015-12-18,0.11269230834615386,0.4230769230769231
P403,2015-12-19,0.10235294147058824,0.47058823529411764
P403,2015-12-20,0.0814814818888889,0.48148148148148145
P403,2015-12-21,0.12185185244444445,0.5925925925925926
P403,2015-12-22,0.09677419429032258,0.6129032258064516
P403,2015-12-23,0.0893750001875,0.65625
P403,2015-12-24,0.11896551793103448,0.6206896551724138
P403,2015-12-25,0.10303030342424242,0.48484848484848486
P403,2015-12-26,0.10157894789473684,0.3684210526315789
P403,2015-12-27,0.09304347878260869,0.6086956521739131
P403,2015-12-28,0.10714285792857144,0.4642857142857143
P403,2015-12-29,0.09576923096153847,0.34615384615384615
P403,2015-12-30,0.0978947372631579,0.7894736842105263
P403,2015-12-31,0.10166666716666667,0.5
P403,2016-01-01,0.11400000066666666,0.4666666666666667
P403,2016-01-02,0.08920000032000001,0.4
P403,2016-01-03,0.11033333399999999,0.7
P403,2016-01-04,0.090833333625,0.625
P403,2016-01-05,0.11333333433333333,0.5714285714285714
P403,2016-01-06,0.10863636377272727,0.7272727272727273
P403,2016-01-07,0.100588236,0.5294117647058824
P403,2016-01-08,0.08714285785714285,0.5714285714285714
P403,2016-01-09,0.106666667,0.5185185185185185
P403,2016-01-10,0.09285714323809524,0.47619047619047616
P403,2016-01-11,0.09300000045,0.5
P403,2016-01-12,0.11800000066666666,0.6666666666666666
P403,2016-01-13,0.08590909127272726,0.45454545454545453
P403,2016-01-14,0.12269230826923076,0.6153846153846154
P403,2016-01-15,0.09772727331818182,0.36363636363636365
P403,2016-01-16,0.09666666733333333,0.5555555555555556
P403,2016-01-17,0.0906249999375,0.4375
P403,2016-01-18,0.11695652273913044,0.5652173913043478
P403,2016-01-19,0.1038095239047619,0.38095238095238093
P403,2016-01-20,0.08760000043999999,0.6
P403,2016-01-21,0.111250000625,0.625
P403,2016-01-22,0.09304347860869565,0.43478260869565216
P403,2016-01-23,0.11241379375862069,0.5517241379310345
P403,2016-01-24,0.09666666733333333,0.5185185185185185
P403,2016-01-25,0.10846153884615385,0.5
P403,2016-01-26,0.08500000029166667,0.375
P403,2016-01-27,0.11807692376923076,0.38461538461538464
P403,2016-01-28,0.08714285785714286,0.35714285714285715
P403,2016-01-29,0.10166666716666667,0.7222222222222222
P403,2016-01-30,0.10000000026666668,0.4666666666666667
P403,2016-01-31,0.10588235352941176,0.5294117647058824
P403,2016-02-01,0.10555555614814816,0.6666666666666666
P403,2016-02-02,0.0937500006875,0.75
P403,2016-02-03,0.10526315847368421,0.6842105263157895
P403,2016-02-04,0.10600000032000001,0.64
P403,2016-02-05,0.10466666693333333,0.4
P403,2016-02-06,0.093333333875,0.5833333333333334
P403,2016-02-07,0.10555555614814816,0.4444444444444444
P403,2016-02-08,0.10590909127272727,0.45454545454545453
P403,2016-02-09,0.09545454604545454,0.5
P403,2016-02-10,0.08772727304545455,0.7727272727272727
P403,2016-02-11,0.10857142914285714,0.2857142857142857
P403,2016-02-12,0.11391304413043478,0.5217391304347826
P403,2016-02-13,0.10250000035,0.6
P403,2016-02-14,0.09761904819047619,0.47619047619047616
P403,2016-02-15,0.08954545490909091,0.5
P403,2016-02-16,0.110000000875,0.7083333333333334
P403,2016-02-17,0.1042307695,0.6923076923076923
P403,2016-02-18,0.1038709682903226,0.7741935483870968
P403,2016-02-19,0.0892592595925926,0.4444444444444444
P403,2016-02-20,0.11600000073333333,0.5333333333333333
P403,2016-02-21,0.10166666716666667,0.3888888888888889
P403,2016-02-22,0.1075000005625,0.5625
P403,2016-02-23,0.09428571466666666,0.3333333333333333
P403,2016-02-24,0.1087500005625,0.6875
P403,2016-02-25,0.09666666733333333,0.6666666666666666
P403,2016-02-26,0.1100000006190476,0.38095238095238093
P403,2016-02-27,0.10400000005000001,0.55
P403,2016-02-28,0.09772727331818182,0.4090909090909091
P403,2016-02-29,0.08920000032000001,0.48
P403,2016-03-01,0.11333333433333333,0.42857142857142855
P403,2016-03-02,0.0925,0.5625
P403,2016-03-03,0.11391304413043478,0.5217391304347826
P403,2016-03-04,0.09869565260869564,0.5652173913043478
P403,2016-03-05,0.08920000032000001,0.44
P403,2016-03-06,0.11050000095000001,0.5
P403,2016-03-07,0.11130434804347826,0.6521739130434783
P403,2016-03-08,0.10157894789473684,0.47368421052631576
P403,2016-03-09,0.08461538503846154,0.34615384615384615
P403,2016-03-10,0.11181818268181819,0.5454545454545454
P403,2016-03-11,0.11000000061904763,0.7142857142857143
P403,2016-03-12,0.10400000005000001,0.6
P403,2016-03-13,0.1010000007,0.45
P403,2016-03-14,0.0904347829130435,0.6086956521739131
P403,2016-03-15,0.10043478313043479,0.5652173913043478
P403,2016-03-16,0.10166666716666667,0.3888888888888889
P403,2016-03-17,0.11111111174074075,0.5925925925925926
P403,2016-03-18,0.08807692334615386,0.4230769230769231
P403,2016-03-19,0.11750000075,0.625
P403,2016-03-20,0.096666667125,0.4583333333333333
P403,2016-03-21,0.0952000004,0.48
P403,2016-03-22,0.11636363709090909,0.6363636363636364
P403,2016-03-23,0.08772727304545455,0.5
P403,2016-03-24,0.11625000070833334,0.7916666666666666
P403,2016-03-25,0.10421052710526317,0.2631578947368421
P403,2016-03-26,0.10400000005000001,0.25
P403,2016-03-27,0.0995238101904762,0.6666666666666666
P403,2016-03-28,0.10000000049999999,0.6
P403,2016-03-29,0.08000000007142857,0.7142857142857143
P403,2016-03-30,0.11592592666666668,0.7777777777777778
P403,2016-03-31,0.10166666716666667,0.6666666666666666
P403,2016-04-01,0.10000000047368421,0.5263157894736842
P403,2016-04-02,0.09535714346428571,0.5357142857142857
P403,2016-04-03,0.07999999993333334,0.8
P403,2016-04-04,0.11483871032258064,0.6129032258064516
P403,2016-04-05,0.09142857176190476,0.6190476190476191
P403,2016-04-06,0.10166666716666667,0.5555555555555556
P403,2016-04-07,0.11346153934615384,0.5384615384615384
P403,2016-04-08,0.10400000005000001,0.6
P403,2016-04-09,0.0995238101904762,0.47619047619047616
P403,2016-04-10,0.08807692334615386,0.5384615384615384
P403,2016-04-11,0.10029411817647059,0.5882352941176471
P403,2016-04-12,0.1067647064117647,0.5882352941176471
P403,2016-04-13,0.10846153911538461,0.5
P403,2016-04-14,0.10421052710526316,0.5263157894736842
P403,2016-04-15,0.10315789494736842,0.5789473684210527
P403,2016-04-16,0.08642857175,0.42857142857142855
P403,2016-04-17,0.11181818268181819,0.6363636363636364
P403,2016-04-18,0.11130434804347826,0.43478260869565216
P403,2016-04-19,0.100588236,0.35294117647058826
P403,2016-04-20,0.1026315792631579,0.21052631578947367
P403,2016-04-21,0.10100000070000001,0.6
P403,2016-04-22,0.08750000029166667,0.5
P403,2016-04-23,0.11428571482142857,0.6428571428571429
P403,2016-04-24,0.0995238101904762,0.42857142857142855
P403,2016-04-25,0.09700000045,0.75
P403,2016-04-26,0.08391304378260869,0.6956521739130435
P403,2016-04-27,0.12185185244444445,0.5925925925925926
P403,2016-04-28,0.10166666716666667,0.6111111111111112
P403,2016-04-29,0.10176470635294117,0.4117647058823529
P403,2016-04-30,0.10157894789473684,0.7894736842105263
P403,2016-05-01,0.10176470635294117,0.7058823529411765
P403,2016-05-02,0.0987500010625,0.75
P403,2016-05-03,0.10173913069565217,0.782608695652174
P403,2016-05-04,0.09700000045,0.45
P403,2016-05-05,0.09500000035,0.4
P403,2016-05-06,0.11857143028571428,0.5714285714285714
P403,2016-05-07,0.0925,0.1875
P403,2016-05-08,0.11111111174074075,0.5185185185185185
P403,2016-05-09,0.10153846246153846,0.5384615384615384
P403,2016-05-10,0.065454545,0.2727272727272727
P403,2016-05-11,0.10400000044999999,0.6
P403,2016-05-12,0.10806451674193548,0.4838709677419355
P403,2016-05-13,0.10714285792857144,0.2857142857142857
P403,2016-05-14,0.09800000024000001,0.48
P403,2016-05-15,0.090833333625,0.5416666666666666
P403,2016-05-16,0.11333333433333333,0.5714285714285714
P403,2016-05-17,0.10700000055,0.45
P403,2016-05-18,0.1038095239047619,0.5714285714285714
P403,2016-05-19,0.09950000065,0.5
P403,2016-05-20,0.1016129039032258,0.6129032258064516
P403,2016-05-21,0.08793103462068966,0.3793103448275862
P403,2016-05-22,0.09631578994736842,0.21052631578947367
P403,2016-05-23,0.11700000063333334,0.5666666666666667
P403,2016-05-24,0.08608695686956522,0.6521739130434783
P403,2016-05-25,0.09631578994736842,0.47368421052631576
P403,2016-05-26,0.1213043485652174,0.5652173913043478
P403,2016-05-27,0.0977777781851852,0.8148148148148148
P403,2016-05-28,0.09000000038095238,0.6666666666666666
P403,2016-05-29,0.11760000092,0.56
P403,2016-05-30,0.10000000020833333,0.75
P403,2016-05-31,0.09346153888461539,0.7307692307692307
P403,2016-06-01,0.10900000089999999,0.5
P403,2016-06-02,0.10000000025,0.7857142857142857
P403,2016-06-03,0.08590909127272728,0.6363636363636364
P403,2016-06-04,0.10947368468421052,0.6842105263157895
P403,2016-06-05,0.11333333433333333,0.6666666666666666
P403,2016-06-06,0.10750000033333333,0.625
P403,2016-06-07,0.08740740766666667,0.7407407407407407
P403,2016-06-08,0.10166666716666667,0.7222222222222222
P403,2016-06-09,0.11050000095000001,0.65
P403,2016-06-10,0.11083333358333335,0.5833333333333334
P403,2016-06-11,0.09545454604545454,0.6363636363636364
P403,2016-06-12,0.09500000035,0.65
P403,2016-06-13,0.09590909131818183,0.6363636363636364
P403,2016-06-14,0.11695652273913044,0.5652173913043478
P403,2016-06-15,0.10000000020833333,0.6666666666666666
P403,2016-06-16,0.09600000045,0.25
P403,2016-06-17,0.0978947372631579,0.631578947368421
P403,2016-06-18,0.0973684215263158,0.6842105263157895
P403,2016-06-19,0.110000000875,0.375
P403,2016-06-20,0.09764705923529413,0.47058823529411764
P403,2016-06-21,0.1024137934137931,0.3793103448275862
P403,2016-06-22,0.09000000038095238,0.5714285714285714
P403,2016-06-23,0.11760000092,0.68
P403,2016-06-24,0.10000000020833333,0.5416666666666666
P403,2016-06-25,0.10733333373333333,0.6
P403,2016-06-26,0.090416667125,0.5416666666666666
P403,2016-06-27,0.108750000625,0.5
P403,2016-06-28,0.10294117688235295,0.6764705882352942
P403,2016-06-29,0.09761904819047619,0.42857142857142855
P403,2016-06-30,0.10785714321428572,0.42857142857142855
P403,2016-07-01,0.100588236,0.5294117647058824
P403,2016-07-02,0.0892592595925926,0.4444444444444444
P403,2016-07-03,0.10409090963636364,0.45454545454545453
P403,2016-07-04,0.1057894745263158,0.5789473684210527
P403,2016-07-05,0.1100000006190476,0.6666666666666666
P403,2016-07-06,0.09800000024000001,0.52
P403,2016-07-07,0.0952000004,0.8
P403,2016-07-08,0.10900000089999999,0.35
P403,2016-07-09,0.10700000055,0.6
P403,2016-07-10,0.10318181845454545,0.6363636363636364
P403,2016-07-11,0.09571428614285715,0.6190476190476191
P403,2016-07-12,0.09500000035,0.6
P403,2016-07-13,0.09590909131818183,0.5454545454545454
P403,2016-07-14,0.10166666716666667,0.5833333333333334
P403,2016-07-15,0.10466666726666667,0.5333333333333333
P403,2016-07-16,0.09952380995238096,0.38095238095238093
P403,2016-07-17,0.11750000075,0.4166666666666667
P403,2016-07-18,0.10000000082352942,0.17647058823529413
P403,2016-07-19,0.0950000004375,0.5625
P403,2016-07-20,0.1042307695,0.6538461538461539
P403,2016-07-21,0.08920000032000001,0.48
P403,2016-07-22,0.11545454622727273,0.45454545454545453
P403,2016-07-23,0.0937500006875,0.3125
P403,2016-07-24,0.0906249999375,0.5
P403,2016-07-25,0.11695652273913044,0.43478260869565216
P403,2016-07-26,0.1038095239047619,0.6190476190476191
P403,2016-07-27,0.0930434787826087,0.30434782608695654
P403,2016-07-28,0.10555555614814816,0.5925925925925926
P403,2016-07-29,0.0953571432142857,0.6071428571428571
P403,2016-07-30,0.11103448327586207,0.6896551724137931
P403,2016-07-31,0.0995238101904762,0.23809523809523808
P403,2016-08-01,0.09700000045,0.65
P403,2016-08-02,0.11142857178571429,0.6428571428571429
P403,2016-08-03,0.09137931082758621,0.5172413793103449
P403,2016-08-04,0.086250000375,0.5625
P403,2016-08-05,0.12250000095833334,0.5
P403,2016-08-06,0.09000000033333334,0.7333333333333333
P403,2016-08-07,0.11090909127272729,0.6818181818181818
P403,2016-08-08,0.08642857175,0.5
P403,2016-08-09,0.11625000070833334,0.375
P403,2016-08-10,0.10421052710526316,0.6842105263157895
P403,2016-08-11,0.1038095239047619,0.5714285714285714
P403,2016-08-12,0.08760000043999999,0.56
P403,2016-08-13,0.09952380995238096,0.47619047619047616
P403,2016-08-14,0.10466666726666667,0.5333333333333333
P403,2016-08-15,0.11407407474074074,0.5185185185185185
P403,2016-08-16,0.09869565260869564,0.5652173913043478
P403,2016-08-17,0.08954545490909091,0.5
P403,2016-08-18,0.11300000066666667,0.4
P403,2016-08-19,0.08115384642307692,0.5
P403,2016-08-20,0.11714285804761906,0.5714285714285714
P403,2016-08-21,0.106666667,0.8518518518518519
P403,2016-08-22,0.1038709682903226,0.5483870967741935
P403,2016-08-23,0.096666667125,0.2916666666666667
P403,2016-08-24,0.08391304378260869,0.4782608695652174
P403,2016-08-25,0.12185185244444445,0.5925925925925926
P403,2016-08-26,0.09950000065,0.4
P403,2016-08-27,0.08500000029166667,0.5833333333333334
P403,2016-08-28,0.11322580706451613,0.5161290322580645
P403,2016-08-29,0.09346153888461539,0.7307692307692307
P403,2016-08-30,0.10166666716666667,0.4444444444444444
P403,2016-08-31,0.10000000046875,0.5
P403,2016-09-01,0.10647058876470587,0.5882352941176471
P403,2016-09-02,0.088571429,0.47619047619047616
P403,2016-09-03,0.12185185244444445,0.5925925925925926
P403,2016-09-04,0.09137931082758621,0.5172413793103449
P403,2016-09-05,0.1025806456451613,0.8064516129032258
P403,2016-09-06,0.11071428635714285,0.4642857142857143
P403,2016-09-07,0.1026315792631579,0.47368421052631576
P403,2016-09-08,0.10166666716666667,0.4444444444444444
P403,2016-09-09,0.08214285757142857,0.6428571428571429
P403,2016-09-10,0.12280000072,0.52
P403,2016-09-11,0.10166666716666667,0.7777777777777778
P403,2016-09-12,0.09266666746666667,0.6
P403,2016-09-13,0.10222222251851852,0.6296296296296297
P403,2016-09-14,0.0952000004,0.68
P403,2016-09-15,0.10900000089999999,0.65
P403,2016-09-16,0.10000000025,0.5357142857142857
P403,2016-09-17,0.09750000045833333,0.2916666666666667
P403,2016-09-18,0.10928571485714286,0.5
P403,2016-09-19,0.08608695686956522,0.43478260869565216
P403,2016-09-20,0.10857142914285714,0.7142857142857143
P403,2016-09-21,0.086250000375,0.4375
P403,2016-09-22,0.11250000059375,0.5625
P403,2016-09-23,0.10080000072,0.44
P403,2016-09-24,0.09749999991666668,0.5833333333333334
P403,2016-09-25,0.10166666716666667,0.3888888888888889
P403,2016-09-26,0.10640000084000001,0.52
P403,2016-09-27,0.08533333313333333,0.6
P403,2016-09-28,0.11545454622727273,0.5454545454545454
P403,2016-09-29,0.10550000050000001,0.5
P403,2016-09-30,0.0892592595925926,0.4444444444444444
P403,2016-10-01,0.09952380995238096,0.42857142857142855
P403,2016-10-02,0.11545454622727273,0.5909090909090909
P403,2016-10-03,0.10166666716666667,0.6111111111111112
P403,2016-10-04,0.1037500005,0.6666666666666666
P403,2016-10-05,0.10466666693333333,0.6666666666666666
P403,2016-10-06,0.09166666716666666,0.26666666666666666
P403,2016-10-07,0.10166666716666667,0.6111111111111112
P403,2016-10-08,0.10928571485714286,0.7142857142857143
P403,2016-10-09,0.09600000045,0.8
P403,2016-10-10,0.10080000072,0.72
P403,2016-10-11,0.1046428575,0.4642857142857143
P403,2016-10-12,0.09500000035,0.4
P403,2016-10-13,0.10846153911538461,0.6153846153846154
P403,2016-10-14,0.10521739182608696,0.6521739130434783
P403,2016-10-15,0.09571428614285715,0.6190476190476191
P403,2016-10-16,0.08391304378260869,0.30434782608695654
P403,2016-10-17,0.12185185244444445,0.6666666666666666
P403,2016-10-18,0.10176470635294117,0.47058823529411764
P403,2016-10-19,0.08807692353846154,0.6538461538461539
P403,2016-10-20,0.10400000051428572,0.42857142857142855
P403,2016-10-21,0.10375000079166667,0.75
P403,2016-10-22,0.10846153884615385,0.5384615384615384
P403,2016-10-23,0.09428571466666666,0.7142857142857143
P403,2016-10-24,0.08590909127272728,0.6363636363636364
P403,2016-10-25,0.12280000072,0.32
P403,2016-10-26,0.10166666716666667,0.5
P403,2016-10-27,0.08642857175,0.5
P403,2016-10-28,0.09631578994736842,0.5789473684210527
P403,2016-10-29,0.11700000063333334,0.5666666666666667
P403,2016-10-30,0.09346153888461539,0.4230769230769231
P403,2016-10-31,0.1057894745263158,0.631578947368421
P403,2016-11-01,0.10526315847368421,0.5789473684210527
P403,2016-11-02,0.10000000025,0.6785714285714286
P403,2016-11-03,0.10080000072,0.56
P403,2016-11-04,0.10800000034999999,0.6
P403,2016-11-05,0.0937500006875,0.5625
P403,2016-11-06,0.11130434804347826,0.5652173913043478
P403,2016-11-07,0.09080000048,0.52
P403,2016-11-08,0.10588235352941176,0.47058823529411764
P403,2016-11-09,0.09750000045833333,0.375
P403,2016-11-10,0.10928571485714286,0.6071428571428571
P403,2016-11-11,0.1043750004375,0.53125
P403,2016-11-12,0.08518518562962962,0.5555555555555556
P403,2016-11-13,0.11807692376923076,0.6538461538461539
P403,2016-11-14,0.1026315792631579,0.5263157894736842
P403,2016-11-15,0.0995238101904762,0.38095238095238093
P403,2016-11-16,0.10357142907142858,0.42857142857142855
P403,2016-11-17,0.09440000040000002,0.68
P403,2016-11-18,0.09304347860869565,0.5652173913043478
P403,2016-11-19,0.10684210589473683,0.5789473684210527
P403,2016-11-20,0.11391304413043478,0.6521739130434783
P403,2016-11-21,0.06999999999999999,0.3333333333333333
P403,2016-11-22,0.092941177,0.5294117647058824
P403,2016-11-23,0.13307692392307693,0.46153846153846156
P403,2016-11-24,0.08391304378260869,0.34782608695652173
P403,2016-11-25,0.12071428642857143,0.5
P403,2016-11-26,0.09448275920689655,0.5862068965517241
P403,2016-11-27,0.11000000061904763,0.6666666666666666
P403,2016-11-28,0.10400000005000001,0.4
P403,2016-11-29,0.09875000106250001,0.5625
P403,2016-11-30,0.10173913069565217,0.6086956521739131
P403,2016-12-01,0.08500000029166667,0.6666666666666666
P403,2016-12-02,0.10857142914285714,0.7619047619047619
P403,2016-12-03,0.11416666716666667,0.5
P403,2016-12-04,0.093333333875,0.625
P403,2016-12-05,0.10750000059375,0.5
P403,2016-12-06,0.0904347829130435,0.8260869565217391
P403,2016-12-07,0.10166666716666667,0.5555555555555556
P403,2016-12-08,0.09300000045,0.35
P403,2016-12-09,0.10166666716666667,0.4444444444444444
P403,2016-12-10,0.09631578994736842,0.5789473684210527
P403,2016-12-11,0.12185185244444445,0.4444444444444444
P403,2016-12-12,0.09761904819047619,0.6666666666666666
P403,2016-12-13,0.09894736894736843,0.5263157894736842
P403,2016-12-14,0.11230769261538462,0.6923076923076923
P403,2016-12-15,0.09451612974193549,0.5161290322580645
P403,2016-12-16,0.11130434804347826,0.5217391304347826
P403,2016-12-17,0.093333333875,0.5833333333333334
P403,2016-12-18,0.10529411823529411,0.6470588235294118
P403,2016-12-19,0.1100000006,0.5333333333333333
P403,2016-12-20,0.10250000025,0.4375
P403,2016-12-21,0.0995238101904762,0.5238095238095238
P403,2016-12-22,0.0975000005,0.5833333333333334
P403,2016-12-23,0.08800000026666667,0.7333333333333333
P403,2016-12-24,0.11391304413043478,0.6086956521739131
P403,2016-12-25,0.09941176520588235,0.5294117647058824
P403,2016-12-26,0.09000000033333334,0.5
P403,2016-12-27,0.111250000625,0.71875
P403,2016-12-28,0.090833333625,0.625
P403,2016-12-29,0.11545454622727273,0.5909090909090909
P403,2016-12-30,0.10521739182608696,0.5652173913043478
P403,2016-12-31,0.09571428614285715,0.5714285714285714
P403,2017-01-01,0.09142857176190476,0.5238095238095238
P403,2017-01-02,0.09952380995238096,0.5238095238095238
P403,2017-01-03,0.11692307753846154,0.4230769230769231
P403,2017-01-04,0.09761904819047619,0.5714285714285714
P403,2017-01-05,0.09666666733333333,0.4074074074074074
P403,2017-01-06,0.1046428575,0.4642857142857143
P403,2017-01-07,0.0952000004,0.64
P403,2017-01-08,0.11416666716666667,0.5833333333333334
P403,2017-01-09,0.09772727331818182,0.6363636363636364
P403,2017-01-10,0.08954545490909091,0.5454545454545454
P403,2017-01-11,0.10739130517391304,0.30434782608695654
P403,2017-01-12,0.10526315847368421,0.42105263157894735
P403,2017-01-13,0.08533333313333333,0.8
P403,2017-01-14,0.11333333433333333,0.5238095238095238
P403,2017-01-15,0.10473684236842105,0.3684210526315789
P403,2017-01-16,0.10166666716666667,0.5
P403,2017-01-17,0.08800000026666667,0.4666666666666667
P403,2017-01-18,0.086250000375,0.375
P403,2017-01-19,0.10947368468421052,0.47368421052631576
P403,2017-01-20,0.11592592666666668,0.5185185185185185
P403,2017-01-21,0.09318181854545454,0.5909090909090909
P403,2017-01-22,0.09750000045833333,0.4583333333333333
P403,2017-01-23,0.11636363709090909,0.45454545454545453
P403,2017-01-24,0.08772727304545455,0.5909090909090909
P403,2017-01-25,0.11807692376923076,0.34615384615384615
P403,2017-01-26,0.08344827617241378,0.4827586206896552
P403,2017-01-27,0.12642857214285713,0.7857142857142857
P403,2017-01-28,0.10793103506896552,0.7241379310344828
P403,2017-01-29,0.1026315792631579,0.47368421052631576
P403,2017-01-30,0.09565217452173913,0.391304347826087
P403,2017-01-31,0.1100000006,0.5333333333333333
P403,2017-02-01,0.08440000028,0.6
P403,2017-02-02,0.10705882405882353,0.8235294117647058
P403,2017-02-03,0.10409090963636364,0.6363636363636364
P403,2017-02-04,0.10724137989655172,0.4827586206896552
P403,2017-02-05,0.08772727304545455,0.45454545454545453
P403,2017-02-06,0.10166666716666667,0.7222222222222222
P403,2017-02-07,0.114347827,0.5217391304347826
P403,2017-02-08,0.10809523838095239,0.47619047619047616
P403,2017-02-09,0.10166666716666667,0.4444444444444444
P403,2017-02-10,0.10166666716666667,0.3333333333333333
P403,2017-02-11,0.06999999999999999,0.75
P403,2017-02-12,0.10684210589473683,0.7894736842105263
P403,2017-02-13,0.10900000089999999,0.45
P403,2017-02-14,0.09764705923529413,0.8235294117647058
P403,2017-02-15,0.11090909127272729,0.36363636363636365
P403,2017-02-16,0.10190476242857144,0.5714285714285714
P403,2017-02-17,0.10250000025,0.5
P403,2017-02-18,0.08461538561538462,0.6153846153846154
P403,2017-02-19,0.07999999993333334,0.26666666666666666
P403,2017-02-20,0.12250000095833334,0.5
P403,2017-02-21,0.08793103462068966,0.3448275862068966
P403,2017-02-22,0.11760000092,0.28
P403,2017-02-23,0.10166666716666667,0.3888888888888889
P403,2017-02-24,0.09333333348148148,0.6666666666666666
P403,2017-02-25,0.10640000084000001,0.56
P403,2017-02-26,0.10809523838095239,0.42857142857142855
P403,2017-02-27,0.10045454595454545,0.5
P403,2017-02-28,0.09700000045,0.4
P403,2017-03-01,0.10166666716666667,0.6111111111111112
P403,2017-03-02,0.0952000004,0.32
P403,2017-03-03,0.10166666716666667,0.5555555555555556
P403,2017-03-04,0.11318181909090909,0.7727272727272727
P403,2017-03-05,0.10318181845454545,0.5454545454545454
P403,2017-03-06,0.08115384642307692,0.46153846153846156
P403,2017-03-07,0.11700000063333334,0.5333333333333333
P403,2017-03-08,0.08920000032000001,0.68
P403,2017-03-09,0.11695652273913044,0.6086956521739131
P403,2017-03-10,0.10318181845454545,0.45454545454545453
P403,2017-03-11,0.10250000025,0.3125
P403,2017-03-12,0.0995238101904762,0.6666666666666666
P403,2017-03-13,0.09947368463157895,0.631578947368421
P403,2017-03-14,0.09346153888461539,0.38461538461538464
P403,2017-03-15,0.1114285720952381,0.7142857142857143
P403,2017-03-16,0.10000000046153847,0.5769230769230769
P403,2017-03-17,0.1100000006,0.4
P403,2017-03-18,0.0904347829130435,0.21739130434782608
P403,2017-03-19,0.10043478313043479,0.5652173913043478
P403,2017-03-20,0.11416666716666667,0.625
P403,2017-03-21,0.09166666716666666,0.5666666666666667
P403,2017-03-22,0.11269230834615383,0.6538461538461539
P403,2017-03-23,0.0904347829130435,0.6521739130434783
P403,2017-03-24,0.0973684215263158,0.631578947368421
P403,2017-03-25,0.110000000875,0.7083333333333334
P403,2017-03-26,0.09758620710344829,0.6206896551724138
P403,2017-03-27,0.108750000625,0.34375
P403,2017-03-28,0.09700000045,0.55
P403,2017-03-29,0.10321428625,0.6428571428571429
P403,2017-03-30,0.10521739182608696,0.2608695652173913
P403,2017-03-31,0.08740740766666667,0.5555555555555556
P403,2017-04-01,0.11545454622727273,0.36363636363636365
P403,2017-04-02,0.1055000005,0.45
P403,2017-04-03,0.1026315792631579,0.5263157894736842
P403,2017-04-04,0.093333333875,0.7083333333333334
P403,2017-04-05,0.11818181890909091,0.6363636363636364
P403,2017-04-06,0.09869565260869564,0.6086956521739131
P403,2017-04-07,0.09346153888461539,0.3076923076923077
P403,2017-04-08,0.11318181909090909,0.5909090909090909
P403,2017-04-09,0.09375000021875,0.5
P403,2017-04-10,0.11269230834615383,0.3076923076923077
P403,2017-04-11,0.09318181854545454,0.5454545454545454
P403,2017-04-12,0.10750000059375,0.6875
P403,2017-04-13,0.0980000004,0.35
P403,2017-04-14,0.10733333373333333,0.5333333333333333
P403,2017-04-15,0.09950000065,0.3
P403,2017-04-16,0.09136363668181818,0.6363636363636364
P403,2017-04-17,0.10846153911538461,0.46153846153846156
P403,2017-04-18,0.0977777781851852,0.7037037037037037
P403,2017-04-19,0.1087500005625,0.375
P403,2017-04-20,0.09666666733333333,0.4444444444444444
P403,2017-04-21,0.10526315847368421,0.631578947368421
P403,2017-04-22,0.10863636377272727,0.6363636363636364
P403,2017-04-23,0.09260869617391304,0.4782608695652174
P403,2017-04-24,0.11370370440740742,0.37037037037037035
P403,2017-04-25,0.06444444444444444,0.4444444444444444
P403,2017-04-26,0.09952380995238096,0.5714285714285714
P403,2017-04-27,0.11315789605263159,0.631578947368421
P403,2017-04-28,0.10826086973913043,0.5652173913043478
P403,2017-04-29,0.09545454604545454,0.7727272727272727
P403,2017-04-30,0.10333333385185185,0.6296296296296297
P403,2017-05-01,0.10200000043999999,0.76
P403,2017-05-02,0.10321428625,0.5357142857142857
P403,2017-05-03,0.10227272736363636,0.7272727272727273
P403,2017-05-04,0.10766666716666666,0.36666666666666664
P403,2017-05-05,0.0892592595925926,0.5925925925925926
P403,2017-05-06,0.11375000070833334,0.4583333333333333
P403,2017-05-07,0.1055000005,0.65
P403,2017-05-08,0.09238095295238095,0.5714285714285714
P403,2017-05-09,0.10312500034375,0.46875
P403,2017-05-10,0.08750000029166667,0.6666666666666666
P403,2017-05-11,0.11068965562068966,0.6206896551724138
P403,2017-05-12,0.10000000047368421,0.5789473684210527
P403,2017-05-13,0.08250000033333334,0.375
P403,2017-05-14,0.11896551793103448,0.4827586206896552
P403,2017-05-15,0.10250000050000001,0.53125
P403,2017-05-16,0.1043750009375,0.5625
P403,2017-05-17,0.10500000000000001,0.65
P403,2017-05-18,0.09571428614285715,0.42857142857142855
P403,2017-05-19,0.09842105305263159,0.5789473684210527
P403,2017-05-20,0.08954545481818182,0.4090909090909091
P403,2017-05-21,0.11333333433333333,0.47619047619047616
P403,2017-05-22,0.10222222251851852,0.5925925925925926
P403,2017-05-23,0.09105263221052633,0.5263157894736842
P403,2017-05-24,0.09952380995238096,0.6190476190476191
P403,2017-05-25,0.11680000076000001,0.68
P403,2017-05-26,0.08750000039285714,0.7142857142857143
P403,2017-05-27,0.09692307746153846,0.46153846153846156
P403,2017-05-28,0.110000000875,0.2916666666666667
P403,2017-05-29,0.10000000022222223,0.5925925925925926
P403,2017-05-30,0.11120000063999999,0.52
P403,2017-05-31,0.1007692311923077,0.5384615384615384
P403,2017-06-01,0.11032258132258065,0.5161290322580645
P403,2017-06-02,0.09250000024999999,0.4166666666666667
P403,2017-06-03,0.10838709732258064,0.45161290322580644
P403,2017-06-04,0.085714286,0.6190476190476191
P403,2017-06-05,0.10409090963636364,0.5
P403,2017-06-06,0.10647058876470587,0.29411764705882354
P403,2017-06-07,0.10900000089999999,0.55
P403,2017-06-08,0.09758620710344829,0.6206896551724138
P403,2017-06-09,0.09952380995238096,0.6190476190476191
P403,2017-06-10,0.11576923165384614,0.5384615384615384
P403,2017-06-11,0.08583333366666668,0.375
P403,2017-06-12,0.11555555605555555,0.5
P403,2017-06-13,0.11172413862068965,0.7241379310344828
P403,2017-06-14,0.09625000041666666,0.4583333333333333
P403,2017-06-15,0.10055555627777778,0.6666666666666666
P403,2017-06-16,0.1140000007,0.55
P403,2017-06-17,0.10150000020000001,0.6
P403,2017-06-18,0.10250000025,0.6875
P403,2017-06-19,0.09772727331818182,0.5454545454545454
P403,2017-06-20,0.08521739165217392,0.5217391304347826
P403,2017-06-21,0.12250000095833334,0.5
P403,2017-06-22,0.10318181845454545,0.5909090909090909
P403,2017-06-23,0.09888888951851851,0.5925925925925926
P403,2017-06-24,0.09942857174285714,0.6
P403,2017-06-25,0.09588235329411765,0.6470588235294118
P403,2017-06-26,0.11958333395833333,0.5833333333333334
P403,2017-06-27,0.10857142985714285,0.42857142857142855
P403,2017-06-28,0.0980000004,0.7333333333333333
P403,2017-06-29,0.09705882364705883,0.29411764705882354
P403,2017-06-30,0.07500000016666666,0.3333333333333333
P403,2017-07-01,0.11181818268181819,0.6363636363636364
P403,2017-07-02,0.10807692342307693,0.6923076923076923
P403,2017-07-03,0.10371428625714287,0.6857142857142857
P403,2017-07-04,0.09052631578947368,0.42105263157894735
P403,2017-07-05,0.10375000079166667,0.7083333333333334
P403,2017-07-06,0.1046428575,0.5714285714285714
P403,2017-07-07,0.10666666759259259,0.7037037037037037
P403,2017-07-08,0.10166666716666667,0.7222222222222222
P403,2017-07-09,0.09000000033333334,0.7333333333333333
P403,2017-07-10,0.10600000032000001,0.52
P403,2017-07-11,0.09291666733333333,0.3333333333333333
P403,2017-07-12,0.10900000089999999,0.7
P403,2017-07-13,0.10222222251851852,0.8888888888888888
P403,2017-07-14,0.09500000035,0.7
P403,2017-07-15,0.09772727345454545,0.4090909090909091
P403,2017-07-16,0.086250000375,0.5625
P403,2017-07-17,0.11678571475,0.5357142857142857
P403,2017-07-18,0.09222222259259259,0.4444444444444444
P403,2017-07-19,0.09588235329411765,0.5882352941176471
P403,2017-07-20,0.11315789521052633,0.5263157894736842
P403,2017-07-21,0.106086957,0.43478260869565216
P403,2017-07-22,0.10258064548387097,0.7096774193548387
P403,2017-07-23,0.09705882364705883,0.47058823529411764
P403,2017-07-24,0.09080000048,0.6
P403,2017-07-25,0.09714285771428573,0.42857142857142855
P403,2017-07-26,0.0840000006,0.6666666666666666
P403,2017-07-27,0.11333333433333333,0.6190476190476191
P403,2017-07-28,0.10750000033333333,0.5833333333333334
P403,2017-07-29,0.10133333380000001,0.4
P403,2017-07-30,0.09192307726923077,0.3076923076923077
P403,2017-07-31,0.1106666672,0.4666666666666667
P403,2017-08-01,0.09137931082758621,0.3448275862068966
P403,2017-08-02,0.10884615461538462,0.5384615384615384
P403,2017-08-03,0.08388888961111111,0.5
P403,2017-08-04,0.10166666705555555,0.5555555555555556
P403,2017-08-05,0.11083333404166668,0.5416666666666666
P403,2017-08-06,0.10045454595454545,0.5
P403,2017-08-07,0.10166666716666667,0.5555555555555556
P403,2017-08-08,0.08909090940909091,0.6363636363636364
P403,2017-08-09,0.11080000064000001,0.36
P403,2017-08-10,0.09230769257692308,0.4230769230769231
P403,2017-08-11,0.11034482824137931,0.5862068965517241
P403,2017-08-12,0.10800000026666666,0.3333333333333333
P403,2017-08-13,0.09600000069999999,0.6
P403,2017-08-14,0.1083333338888889,0.5555555555555556
P403,2017-08-15,0.09764705923529413,0.8235294117647058
P403,2017-08-16,0.1046428575,0.5
P403,2017-08-17,0.09541666691666667,0.5
P403,2017-08-18,0.10857142914285714,0.6666666666666666
P403,2017-08-19,0.10250000035,0.5
P403,2017-08-20,0.08160000044,0.68
P403,2017-08-21,0.12000000050000001,0.5909090909090909
P403,2017-08-22,0.10173913069565217,0.5652173913043478
P403,2017-08-23,0.08807692334615386,0.6153846153846154
P403,2017-08-24,0.12045454654545455,0.6363636363636364
P403,2017-08-25,0.1016666665,0.6111111111111112
P403,2017-08-26,0.09250000054166667,0.5833333333333334
P403,2017-08-27,0.10476190566666667,0.47619047619047616
P403,2017-08-28,0.08307692323076923,0.6923076923076923
P403,2017-08-29,0.13500000091666667,0.8333333333333334
P403,2017-08-30,0.07608695686956522,0.6521739130434783
P403,2017-08-31,0.11842105331578949,0.5263157894736842
P403,2017-09-01,0.10900000089999999,0.8
P403,2017-09-02,0.09310344827586207,0.4827586206896552
P403,2017-09-03,0.10647058876470587,0.5294117647058824
P403,2017-09-04,0.09761904809523811,0.5238095238095238
P403,2017-09-05,0.11550000105,0.6
P403,2017-09-06,0.10500000034615384,0.5
P403,2017-09-07,0.1075000005625,0.625
P403,2017-09-08,0.09000000005,0.35
P403,2017-09-09,0.10545454595454545,0.45454545454545453
P403,2017-09-10,0.11416666716666667,0.5
P403,2017-09-11,0.0995238101904762,0.42857142857142855
P403,2017-09-12,0.08500000029166667,0.375
P403,2017-09-13,0.1042857148,0.34285714285714286
P403,2017-09-14,0.09952380995238096,0.6190476190476191
P403,2017-09-15,0.11333333433333333,0.6190476190476191
P403,2017-09-16,0.0950000002,0.6
P403,2017-09-17,0.11200000067999999,0.48
P403,2017-09-18,0.10619047652380953,0.5238095238095238
P403,2017-09-19,0.0995238101904762,0.42857142857142855
P403,2017-09-20,0.09428571466666666,0.5238095238095238
P403,2017-09-21,0.10529411823529411,0.5294117647058824
P403,2017-09-22,0.10166666716666667,0.5555555555555556
P403,2017-09-23,0.090833333625,0.4583333333333333
P403,2017-09-24,0.11695652273913044,0.7391304347826086
P403,2017-09-25,0.09500000043750001,0.5
P403,2017-09-26,0.10826086973913043,0.6521739130434783
P403,2017-09-27,0.1006250006875,0.75
P403,2017-09-28,0.1026315792631579,0.631578947368421
P403,2017-09-29,0.09565217452173913,0.4782608695652174
P403,2017-09-30,0.10321428625,0.6071428571428571
P403,2017-10-01,0.10521739182608696,0.43478260869565216
P403,2017-10-02,0.058888888666666674,0.4444444444444444
P502,2015-01-01,0.1271428587142857,0.6190476190476191
P502,2015-01-02,0.07999999923529412,0.5294117647058824
P502,2015-01-03,0.07333333346666666,0.3333333333333333
P502,2015-01-04,0.10607142946428572,0.6428571428571429
P502,2015-01-05,0.0829999994,0.6
P502,2015-01-06,0.14600000173333333,0.6
P502,2015-01-07,0.07578947305263158,0.5789473684210527
P502,2015-01-08,0.09960000107999999,0.72
P502,2015-01-09,0.10187500075,0.5
P502,2015-01-10,0.13111111088888888,0.5555555555555556
P502,2015-01-11,0.08684210605263158,0.42105263157894735
P502,2015-01-12,0.10933333393333333,0.5666666666666667
P502,2015-01-13,0.07500000000000001,0.36363636363636365
P502,2015-01-14,0.11111111248148148,0.3333333333333333
P502,2015-01-15,0.11269230738461539,0.38461538461538464
P502,2015-01-16,0.09666666745833334,0.5833333333333334
P502,2015-01-17,0.08611111166666667,0.5
P502,2015-01-18,0.09941176476470588,0.7058823529411765
P502,2015-01-19,0.11000000174999999,0.65
P502,2015-01-20,0.09523809480952382,0.7619047619047619
P502,2015-01-21,0.13368421142105263,0.42105263157894735
P502,2015-01-22,0.07708333379166667,0.6666666666666666
P502,2015-01-23,0.09166666666666667,0.4166666666666667
P502,2015-01-24,0.108750000375,0.5
P502,2015-01-25,0.11777777883333333,0.6666666666666666
P502,2015-01-26,0.137142858,0.5714285714285714
P502,2015-01-27,0.06681818131818182,0.5
P502,2015-01-28,0.10727272790909091,0.45454545454545453
P502,2015-01-29,0.0981481488888889,0.5185185185185185
P502,2015-01-30,0.08454545418181819,0.45454545454545453
P502,2015-01-31,0.13739130565217392,0.6956521739130435
P502,2015-02-01,0.08029411817647059,0.5294117647058824
P502,2015-02-02,0.1195238102857143,0.5238095238095238
P502,2015-02-03,0.10470588317647059,0.8235294117647058
P502,2015-02-04,0.1068749995625,0.625
P502,2015-02-05,0.08250000108333333,0.6666666666666666
P502,2015-02-06,0.09625000006250001,0.5
P502,2015-02-07,0.09958333362499999,0.3333333333333333
P502,2015-02-08,0.08208333329166667,0.5833333333333334
P502,2015-02-09,0.09352941229411765,0.5294117647058824
P502,2015-02-10,0.12947368542105264,0.5263157894736842
P502,2015-02-11,0.08958333345833334,0.625
P502,2015-02-12,0.1052941185882353,0.5294117647058824
P502,2015-02-13,0.10740740785185185,0.5185185185185185
P502,2015-02-14,0.0828571427857143,0.35714285714285715
P502,2015-02-15,0.11555555644444444,0.6666666666666666
P502,2015-02-16,0.08880000028,0.48
P502,2015-02-17,0.12086956591304349,0.5217391304347826
P502,2015-02-18,0.09521739217391303,0.5652173913043478
P502,2015-02-19,0.11640000056,0.52
P502,2015-02-20,0.08444444427777778,0.6111111111111112
P502,2015-02-21,0.0913043483478261,0.34782608695652173
P502,2015-02-22,0.08869565247826088,0.34782608695652173
P502,2015-02-23,0.15130434939130435,0.5652173913043478
P502,2015-02-24,0.08370370359259259,0.18518518518518517
P502,2015-02-25,0.08952380990476191,0.38095238095238093
P502,2015-02-26,0.07588235394117648,0.5294117647058824
P502,2015-02-27,0.12722222294444446,0.5555555555555556
P502,2015-02-28,0.0965000004,0.7
P502,2015-03-01,0.09863636368181818,0.5
P502,2015-03-02,0.08958333383333333,0.625
P502,2015-03-03,0.11153846192307691,0.5384615384615384
P502,2015-03-04,0.10920000048,0.56
P502,2015-03-05,0.04714285757142857,0.5238095238095238
P502,2015-03-06,0.14157894815789474,0.5789473684210527
P502,2015-03-07,0.1013333334,0.4666666666666667
P502,2015-03-08,0.12565217486956523,0.6521739130434783
P502,2015-03-09,0.07041666658333333,0.7083333333333334
P502,2015-03-10,0.09526315884210526,0.7368421052631579
P502,2015-03-11,0.09866666673333334,0.4
P502,2015-03-12,0.17153846353846153,0.5384615384615384
P502,2015-03-13,0.08149999985,0.5
P502,2015-03-14,0.10952381047619049,0.6666666666666666
P502,2015-03-15,0.11095238109523808,0.8095238095238095
P502,2015-03-16,0.06625000020833334,0.4583333333333333
P502,2015-03-17,0.08238095285714285,0.5238095238095238
P502,2015-03-18,0.144761906,0.2857142857142857
P502,2015-03-19,0.11607142875,0.6785714285714286
P502,2015-03-20,0.0693750003125,0.6875
P502,2015-03-21,0.08588235382352942,0.47058823529411764
P502,2015-03-22,0.12538461626923075,0.38461538461538464
P502,2015-03-23,0.07772727272727273,0.36363636363636365
P502,2015-03-24,0.13347826182608696,0.5217391304347826
P502,2015-03-25,0.05857142842857143,0.5714285714285714
P502,2015-03-26,0.07500000061111112,0.3888888888888889
P502,2015-03-27,0.11368421136842106,0.5263157894736842
P502,2015-03-28,0.14230769273076924,0.6538461538461539
P502,2015-03-29,0.08310344865517241,0.4827586206896552
P502,2015-03-30,0.10240000044,0.36
P502,2015-03-31,0.07464285739285714,0.6785714285714286
P502,2015-04-01,0.15473684305263158,0.5789473684210527
P502,2015-04-02,0.08950000035,0.55
P502,2015-04-03,0.06869565243478261,0.6086956521739131
P502,2015-04-04,0.10458333391666667,0.5833333333333334
P502,2015-04-05,0.12500000120000002,0.55
P502,2015-04-06,0.1015000004,0.5
P502,2015-04-07,0.11620689713793105,0.4827586206896552
P502,2015-04-08,0.09190476242857143,0.47619047619047616
P502,2015-04-09,0.10375000016666668,0.4583333333333333
P502,2015-04-10,0.1106250005625,0.71875
P502,2015-04-11,0.045555555444444444,0.6666666666666666
P502,2015-04-12,0.11787878896969697,0.45454545454545453
P502,2015-04-13,0.14642857157142858,0.5
P502,2015-04-14,0.10173913086956521,0.5217391304347826
P502,2015-04-15,0.054000000000000006,0.3
P502,2015-04-16,0.11000000142857143,0.6071428571428571
P502,2015-04-17,0.12344827568965518,0.6206896551724138
P502,2015-04-18,0.07571428552380952,0.5238095238095238
P502,2015-04-19,0.08130434813043479,0.34782608695652173
P502,2015-04-20,0.1356250016875,0.5
P502,2015-04-21,0.1152631582631579,0.3157894736842105
P502,2015-04-22,0.09999999985,0.45
P502,2015-04-23,0.07450000075,0.5
P502,2015-04-24,0.10695652191304347,0.6956521739130435
P502,2015-04-25,0.049375,0.75
P502,2015-04-26,0.1642857161904762,0.7142857142857143
P502,2015-04-27,0.11470588252941176,0.4117647058823529
P502,2015-04-28,0.06555555544444444,0.4444444444444444
P502,2015-04-29,0.10827586265517242,0.6551724137931034
P502,2015-04-30,0.10136363727272726,0.3181818181818182
P502,2015-05-01,0.11166666686666667,0.43333333333333335
P502,2015-05-02,0.10521739260869566,0.5217391304347826
P502,2015-05-03,0.08411764658823528,0.8235294117647058
P502,2015-05-04,0.11176470605882352,0.5882352941176471
P502,2015-05-05,0.0961538476923077,0.38461538461538464
P502,2015-05-06,0.10043478295652174,0.2608695652173913
P502,2015-05-07,0.0745454545909091,0.6818181818181818
P502,2015-05-08,0.11642857292857144,0.2857142857142857
P502,2015-05-09,0.13952381085714288,0.5238095238095238
P502,2015-05-10,0.10187499918750001,0.5
P502,2015-05-11,0.07875,0.8125
P502,2015-05-12,0.07555555594444445,0.7222222222222222
P502,2015-05-13,0.12107142967857143,0.6785714285714286
P502,2015-05-14,0.11899999925,0.6
P502,2015-05-15,0.0750000005909091,0.5454545454545454
P502,2015-05-16,0.064375000375,0.4375
P502,2015-05-17,0.12882353070588234,0.4117647058823529
P502,2015-05-18,0.111666666875,0.5833333333333334
P502,2015-05-19,0.10388888966666666,0.6666666666666666
P502,2015-05-20,0.10142857180952382,0.2857142857142857
P502,2015-05-21,0.09538461523076923,0.7692307692307693
P502,2015-05-22,0.1164705894117647,0.5294117647058824
P502,2015-05-23,0.088333333375,0.6666666666666666
P502,2015-05-24,0.11387096851612903,0.7096774193548387
P502,2015-05-25,0.09956521747826087,0.391304347826087
P502,2015-05-26,0.07590909177272728,0.7272727272727273
P502,2015-05-27,0.11214285785714286,0.5
P502,2015-05-28,0.10913043460869565,0.5652173913043478
P502,2015-05-29,0.10322580751612903,0.45161290322580644
P502,2015-05-30,0.09166666658333333,0.5416666666666666
P502,2015-05-31,0.11470588400000001,0.7647058823529411
P502,2015-06-01,0.09545454504545456,0.6818181818181818
P502,2015-06-02,0.093076924,0.6153846153846154
P502,2015-06-03,0.148750000125,0.5
P502,2015-06-04,0.11750000045,0.55
P502,2015-06-05,0.0757894742631579,0.47368421052631576
P502,2015-06-06,0.10526315873684211,0.6842105263157895
P502,2015-06-07,0.09636363681818182,0.5454545454545454
P502,2015-06-08,0.11105263221052632,0.5789473684210527
P502,2015-06-09,0.12642857235714286,0.5714285714285714
P502,2015-06-10,0.06681818168181818,0.5454545454545454
P502,2015-06-11,0.12923077169230768,0.6153846153846154
P502,2015-06-12,0.14111111116666666,0.7777777777777778
P502,2015-06-13,0.08812499975,0.625
P502,2015-06-14,0.0657142862,0.7142857142857143
P502,2015-06-15,0.14450000125,0.4
P502,2015-06-16,0.1293750014375,0.375
P502,2015-06-17,0.08954545395454545,0.45454545454545453
P502,2015-06-18,0.05826086995652174,0.5217391304347826
P502,2015-06-19,0.12583333445833333,0.375
P502,2015-06-20,0.15400000006666667,0.7333333333333333
P502,2015-06-21,0.09000000027777778,0.4444444444444444
P502,2015-06-22,0.06434782613043478,0.43478260869565216
P502,2015-06-23,0.11739130517391304,0.6086956521739131
P502,2015-06-24,0.10960000064000001,0.44
P502,2015-06-25,0.11608695695652173,0.2608695652173913
P502,2015-06-26,0.08090909136363636,0.5
P502,2015-06-27,0.11076923146153847,0.46153846153846156
P502,2015-06-28,0.09749999991666668,0.6666666666666666
P502,2015-06-29,0.1144444453888889,0.5555555555555556
P502,2015-06-30,0.085714286,0.38095238095238093
P502,2015-07-01,0.08954545527272727,0.45454545454545453
P502,2015-07-02,0.1148387100967742,0.41935483870967744
P502,2015-07-03,0.11650000115,0.55
P502,2015-07-04,0.08149999955000001,0.65
P502,2015-07-05,0.10809523914285715,0.6666666666666666
P502,2015-07-06,0.13785714392857143,0.6428571428571429
P502,2015-07-07,0.10142857180952382,0.7619047619047619
P502,2015-07-08,0.07961538484615384,0.46153846153846156
P502,2015-07-09,0.0934782615652174,0.7391304347826086
P502,2015-07-10,0.12782608730434783,0.5217391304347826
P502,2015-07-11,0.07250000070833333,0.5416666666666666
P502,2015-07-12,0.147222223,0.5
P502,2015-07-13,0.10380952428571429,0.7142857142857143
P502,2015-07-14,0.08031250009375,0.34375
P502,2015-07-15,0.10592592651851851,0.5185185185185185
P502,2015-07-16,0.11576923142307692,0.6538461538461539
P502,2015-07-17,0.10782608734782607,0.43478260869565216
P502,2015-07-18,0.07913043539130435,0.43478260869565216
P502,2015-07-19,0.10050000045,0.7
P502,2015-07-20,0.12095238238095238,0.5238095238095238
P502,2015-07-21,0.09739130391304349,0.5217391304347826
P502,2015-07-22,0.10444444527777778,0.3888888888888889
P502,2015-07-23,0.11800000086666666,0.4
P502,2015-07-24,0.08666666671428572,0.5714285714285714
P502,2015-07-25,0.135294119,0.4117647058823529
P502,2015-07-26,0.07374999958333334,0.375
P502,2015-07-27,0.10970588302941177,0.4411764705882353
P502,2015-07-28,0.10230769288461539,0.5384615384615384
P502,2015-07-29,0.09600000036,0.72
P502,2015-07-30,0.11523809566666665,0.7142857142857143
P502,2015-07-31,0.09555555577777779,0.2777777777777778
P502,2015-08-01,0.07588235376470588,0.4117647058823529
P502,2015-08-02,0.1106250004375,0.5
P502,2015-08-03,0.11466666726666667,0.6
P502,2015-08-04,0.10476190504761906,0.5238095238095238
P502,2015-08-05,0.1059259267037037,0.4074074074074074
P502,2015-08-06,0.10318181900000001,0.6818181818181818
P502,2015-08-07,0.09043478326086957,0.7391304347826086
P502,2015-08-08,0.09944444427777778,0.6111111111111112
P502,2015-08-09,0.11055555655555555,0.5
P502,2015-08-10,0.10526315863157897,0.5263157894736842
P502,2015-08-11,0.09291666708333333,0.4166666666666667
P502,2015-08-12,0.11214285778571428,0.6428571428571429
P502,2015-08-13,0.09476190523809523,0.6190476190476191
P502,2015-08-14,0.09250000020833334,0.4583333333333333
P502,2015-08-15,0.13782608804347826,0.6086956521739131
P502,2015-08-16,0.0742857141904762,0.5238095238095238
P502,2015-08-17,0.06210526310526316,0.631578947368421
P502,2015-08-18,0.1215000012,0.7
P502,2015-08-19,0.13482758686206897,0.4482758620689655
P502,2015-08-20,0.0685714285,0.6428571428571429
P502,2015-08-21,0.07750000054166667,0.625
P502,2015-08-22,0.0979999999,0.7
P502,2015-08-23,0.13090909250000002,0.22727272727272727
P502,2015-08-24,0.08785714228571428,0.35714285714285715
P502,2015-08-25,0.08684210631578948,0.47368421052631576
P502,2015-08-26,0.12928571539285713,0.42857142857142855
P502,2015-08-27,0.09807692280769231,0.6923076923076923
P502,2015-08-28,0.08409090922727273,0.45454545454545453
P502,2015-08-29,0.11160000072000001,0.52
P502,2015-08-30,0.09850000090000001,0.45
P502,2015-08-31,0.09791666704166667,0.5833333333333334
P502,2015-09-01,0.10846153815384615,0.3076923076923077
P502,2015-09-02,0.10555555705555555,0.4444444444444444
P502,2015-09-03,0.08449999925,0.7
P502,2015-09-04,0.1061111125,0.5
P502,2015-09-05,0.09545454518181819,0.7272727272727273
P502,2015-09-06,0.09320000064,0.56
P502,2015-09-07,0.12272727372727274,0.36363636363636365
P502,2015-09-08,0.11933333426666667,0.4666666666666667
P502,2015-09-09,0.07470588205882353,0.7058823529411765
P502,2015-09-10,0.10777777827777778,0.3333333333333333
P502,2015-09-11,0.12266666740000001,0.43333333333333335
P502,2015-09-12,0.096249999875,0.5
P502,2015-09-13,0.04555555605555556,0.3888888888888889
P502,2015-09-14,0.10652174026086957,0.6956521739130435
P502,2015-09-15,0.11999999983333333,0.4166666666666667
P502,2015-09-16,0.1291304358695652,0.6521739130434783
P502,2015-09-17,0.07423076892307692,0.6153846153846154
P502,2015-09-18,0.10040000067999999,0.56
P502,2015-09-19,0.11500000066666666,0.5555555555555556
P502,2015-09-20,0.08346153857692308,0.34615384615384615
P502,2015-09-21,0.12484848572727272,0.5757575757575758
P502,2015-09-22,0.09000000013043478,0.5652173913043478
P502,2015-09-23,0.06966666723333333,0.4666666666666667
P502,2015-09-24,0.16360000092,0.6
P502,2015-09-25,0.10470588229411765,0.7058823529411765
P502,2015-09-26,0.05681818218181818,0.6818181818181818
P502,2015-09-27,0.083684211,0.6842105263157895
P502,2015-09-28,0.1385714298095238,0.38095238095238093
P502,2015-09-29,0.13095238152380953,0.47619047619047616
P502,2015-09-30,0.07555555538888889,0.6666666666666666
P502,2015-10-01,0.07913043543478261,0.5652173913043478
P502,2015-10-02,0.1080000004,0.44
P502,2015-10-03,0.11866666766666666,0.3333333333333333
P502,2015-10-04,0.0899999996875,0.75
P502,2015-10-05,0.07086956608695652,0.5652173913043478
P502,2015-10-06,0.1547826099130435,0.5652173913043478
P502,2015-10-07,0.10055555605555555,0.6111111111111112
P502,2015-10-08,0.08238095257142858,0.6190476190476191
P502,2015-10-09,0.1045000005,0.45
P502,2015-10-10,0.107500000875,0.5
P502,2015-10-11,0.08333333308333334,0.5416666666666666
P502,2015-10-12,0.09807692346153847,0.5384615384615384
P502,2015-10-13,0.12482758734482759,0.5172413793103449
P502,2015-10-14,0.08826086926086957,0.6086956521739131
P502,2015-10-15,0.10240000108,0.68
P502,2015-10-16,0.0918181815909091,0.5909090909090909
P502,2015-10-17,0.11950000135000001,0.8
P502,2015-10-18,0.12346153865384615,0.46153846153846156
P502,2015-10-19,0.06823529388235294,0.47058823529411764
P502,2015-10-20,0.05538461553846154,0.5384615384615384
P502,2015-10-21,0.15193548529032258,0.41935483870967744
P502,2015-10-22,0.099583333125,0.5416666666666666
P502,2015-10-23,0.063750000125,0.625
P502,2015-10-24,0.10266666726666668,0.4666666666666667
P502,2015-10-25,0.13900000080000002,0.6
P502,2015-10-26,0.076250000625,0.625
P502,2015-10-27,0.07580645206451612,0.5483870967741935
P502,2015-10-28,0.1317647061764706,0.47058823529411764
P502,2015-10-29,0.13933333393333333,0.5333333333333333
P502,2015-10-30,0.08500000054166668,0.6666666666666666
P502,2015-10-31,0.09166666616666667,0.3333333333333333
P502,2015-11-01,0.055000000083333334,0.25
P502,2015-11-02,0.11407407459259258,0.48148148148148145
P502,2015-11-03,0.125625001625,0.4375
P502,2015-11-04,0.10263157884210526,0.631578947368421
P502,2015-11-05,0.1048000006,0.36
P502,2015-11-06,0.08074074111111111,0.5185185185185185
P502,2015-11-07,0.0825000004375,0.375
P502,2015-11-08,0.15230769369230768,0.38461538461538464
P502,2015-11-09,0.1345000005,0.8
P502,2015-11-10,0.07499999958333334,0.4166666666666667
P502,2015-11-11,0.07727272795454546,0.5
P502,2015-11-12,0.07400000000000001,0.3333333333333333
P502,2015-11-13,0.111034484,0.5517241379310345
P502,2015-11-14,0.14368421099999998,0.5263157894736842
P502,2015-11-15,0.08250000033333334,0.5
P502,2015-11-16,0.0992857145,0.5
P502,2015-11-17,0.08095238133333334,0.3333333333333333
P502,2015-11-18,0.12478260917391305,0.6086956521739131
P502,2015-11-19,0.11259259311111111,0.5555555555555556
P502,2015-11-20,0.07842105294736842,0.42105263157894735
P502,2015-11-21,0.0893750014375,0.75
P502,2015-11-22,0.10066666626666666,0.4666666666666667
P502,2015-11-23,0.12956521852173913,0.7391304347826086
P502,2015-11-24,0.08923076884615384,0.46153846153846156
P502,2015-11-25,0.09041666729166666,0.4583333333333333
P502,2015-11-26,0.0690000005,0.1
P502,2015-11-27,0.07333333283333333,0.5833333333333334
P502,2015-11-28,0.13631579089473683,0.5789473684210527
P502,2015-11-29,0.115263158,0.7894736842105263
P502,2015-11-30,0.08387096799999999,0.45161290322580644
P502,2015-12-01,0.1021052635263158,0.42105263157894735
P502,2015-12-02,0.12714285795238095,0.5238095238095238
P502,2015-12-03,0.06285714257142858,0.5238095238095238
P502,2015-12-04,0.13210526389473684,0.5789473684210527
P502,2015-12-05,0.108750001375,0.625
P502,2015-12-06,0.06583333266666667,0.4166666666666667
P502,2015-12-07,0.10571428621428572,0.6428571428571429
P502,2015-12-08,0.08000000015384615,0.6153846153846154
P502,2015-12-09,0.11380952523809523,0.7142857142857143
P502,2015-12-10,0.12600000046666668,0.4
P502,2015-12-11,0.09588235335294118,0.47058823529411764
P502,2015-12-12,0.089285714,0.5
P502,2015-12-13,0.0929629637037037,0.6666666666666666
P502,2015-12-14,0.159000001,0.7
P502,2015-12-15,0.09950000045,0.4
P502,2015-12-16,0.09041666725000001,0.5416666666666666
P502,2015-12-17,0.1110000006,0.65
P502,2015-12-18,0.10846153846153847,0.46153846153846156
P502,2015-12-19,0.07944444505555555,0.3888888888888889
P502,2015-12-20,0.08363636372727273,0.5909090909090909
P502,2015-12-21,0.14538461661538463,0.46153846153846156
P502,2015-12-22,0.11920000055999999,0.68
P502,2015-12-23,0.06599999984,0.68
P502,2015-12-24,0.11423077065384615,0.5384615384615384
P502,2015-12-25,0.13956521804347827,0.5652173913043478
P502,2015-12-26,0.07959999976000001,0.48
P502,2015-12-27,0.09500000095,0.55
P502,2015-12-28,0.102727273,0.45454545454545453
P502,2015-12-29,0.11181818204545454,0.5454545454545454
P502,2015-12-30,0.09458333366666667,0.625
P502,2015-12-31,0.11107142953571428,0.5357142857142857
P502,2016-01-01,0.08964285732142858,0.35714285714285715
P502,2016-01-02,0.11823529517647058,0.6470588235294118
P502,2016-01-03,0.12000000037500001,0.625
P502,2016-01-04,0.076666667,0.5555555555555556
P502,2016-01-05,0.09240000032,0.6
P502,2016-01-06,0.1193548395483871,0.6774193548387096
P502,2016-01-07,0.09578947405263158,0.42105263157894735
P502,2016-01-08,0.0973913043478261,0.6521739130434783
P502,2016-01-09,0.086666667375,0.6666666666666666
P502,2016-01-10,0.13642857228571428,0.5
P502,2016-01-11,0.08956521747826088,0.5652173913043478
P502,2016-01-12,0.10730769303846154,0.7307692307692307
P502,2016-01-13,0.1276470591764706,0.35294117647058826
P502,2016-01-14,0.10760000036,0.56
P502,2016-01-15,0.0605,0.5
P502,2016-01-16,0.09947368536842105,0.42105263157894735
P502,2016-01-17,0.1119047621904762,0.5714285714285714
P502,2016-01-18,0.11608695760869567,0.6521739130434783
P502,2016-01-19,0.0808695652173913,0.5652173913043478
P502,2016-01-20,0.11800000079999999,0.75
P502,2016-01-21,0.09400000043333333,0.6333333333333333
P502,2016-01-22,0.1036000004,0.36
P502,2016-01-23,0.09428571447619048,0.6666666666666666
P502,2016-01-24,0.11550000140000001,0.6
P502,2016-01-25,0.09473684131578948,0.5789473684210527
P502,2016-01-26,0.10000000062499999,0.5
P502,2016-01-27,0.07884615434615384,0.38461538461538464
P502,2016-01-28,0.10708333445833333,0.5416666666666666
P502,2016-01-29,0.13366666766666666,0.7333333333333333
P502,2016-01-30,0.09562500025000001,0.625
P502,2016-01-31,0.07695652195652174,0.6521739130434783
P502,2016-02-01,0.1168421062105263,0.631578947368421
P502,2016-02-02,0.08882352911764706,0.6470588235294118
P502,2016-02-03,0.10263157968421052,0.7368421052631579
P502,2016-02-04,0.1175000011875,0.5
P502,2016-02-05,0.1,0.6923076923076923
P502,2016-02-06,0.08388888916666666,0.3888888888888889
P502,2016-02-07,0.13190476285714287,0.6190476190476191
P502,2016-02-08,0.08466666646666667,0.4666666666666667
P502,2016-02-09,0.09304347934782609,0.6956521739130435
P502,2016-02-10,0.10034482789655172,0.6896551724137931
P502,2016-02-11,0.11115384696153846,0.34615384615384615
P502,2016-02-12,0.08785714314285716,0.42857142857142855
P502,2016-02-13,0.11578947442105263,0.7368421052631579
P502,2016-02-14,0.12259259270370369,0.5555555555555556
P502,2016-02-15,0.055500000199999996,0.65
P502,2016-02-16,0.05928571478571428,0.5
P502,2016-02-17,0.1405882364117647,0.23529411764705882
P502,2016-02-18,0.1480000003,0.5
P502,2016-02-19,0.10052631668421053,0.7368421052631579
P502,2016-02-20,0.06923076938461538,0.6153846153846154
P502,2016-02-21,0.12043478356521739,0.30434782608695654
P502,2016-02-22,0.12227272727272727,0.5
P502,2016-02-23,0.08217391373913044,0.4782608695652174
P502,2016-02-24,0.07391304347826087,0.5217391304347826
P502,2016-02-25,0.1625000018,0.7
P502,2016-02-26,0.09555555516666667,0.5
P502,2016-02-27,0.08083333275,0.6666666666666666
P502,2016-02-28,0.09470588311764706,0.7058823529411765
P502,2016-02-29,0.09000000015789474,0.5789473684210527
P502,2016-03-01,0.07647058870588236,0.7058823529411765
P502,2016-03-02,0.13769230880769232,0.5384615384615384
P502,2016-03-03,0.11625000033333333,0.2916666666666667
P502,2016-03-04,0.07444444422222223,0.5555555555555556
P502,2016-03-05,0.06368421115789474,0.631578947368421
P502,2016-03-06,0.12483871048387096,0.8064516129032258
P502,2016-03-07,0.126875000875,0.6875
P502,2016-03-08,0.08857142742857142,0.7142857142857143
P502,2016-03-09,0.0512500001875,0.75
P502,2016-03-10,0.11640000096,0.72
P502,2016-03-11,0.10833333355555556,0.5555555555555556
P502,2016-03-12,0.12933333486666668,0.2
P502,2016-03-13,0.0854999998,0.75
P502,2016-03-14,0.06928571435714286,0.9285714285714286
P502,2016-03-15,0.08681818240909091,0.5
P502,2016-03-16,0.13800000053333333,0.4
P502,2016-03-17,0.1168421062105263,0.3157894736842105
P502,2016-03-18,0.0742307691923077,0.5384615384615384
P502,2016-03-19,0.14238095314285712,0.47619047619047616
P502,2016-03-20,0.10500000016666666,0.7222222222222222
P502,2016-03-21,0.07200000065,0.45
P502,2016-03-22,0.09277777844444444,0.4444444444444444
P502,2016-03-23,0.13368421089473684,0.42105263157894735
P502,2016-03-24,0.11208333395833332,0.7083333333333334
P502,2016-03-25,0.07592592596296296,0.48148148148148145
P502,2016-03-26,0.11857142938095237,0.47619047619047616
P502,2016-03-27,0.07071428578571429,0.5
P502,2016-03-28,0.08809523842857143,0.42857142857142855
P502,2016-03-29,0.1181250005625,0.625
P502,2016-03-30,0.12478260956521739,0.4782608695652174
P502,2016-03-31,0.06799999995,0.5
P502,2016-04-01,0.08321428632142858,0.5714285714285714
P502,2016-04-02,0.12391304430434782,0.6521739130434783
P502,2016-04-03,0.12375000120833334,0.5416666666666666
P502,2016-04-04,0.099999999,0.2727272727272727
P502,2016-04-05,0.10833333325,0.5833333333333334
P502,2016-04-06,0.09625000099999999,0.5
P502,2016-04-07,0.09315789515789474,0.5263157894736842
P502,2016-04-08,0.04913043439130435,0.391304347826087
P502,2016-04-09,0.1552941191764706,0.5294117647058824
P502,2016-04-10,0.11272727322727273,0.5454545454545454
P502,2016-04-11,0.07899999995,0.65
P502,2016-04-12,0.1243750001875,0.75
P502,2016-04-13,0.08500000041666667,0.375
P502,2016-04-14,0.117500000125,0.5625
P502,2016-04-15,0.131666668375,0.5416666666666666
P502,2016-04-16,0.08473684136842105,0.5263157894736842
P502,2016-04-17,0.0686666672,0.6666666666666666
P502,2016-04-18,0.12645161377419353,0.5806451612903226
P502,2016-04-19,0.08052631594736842,0.3684210526315789
P502,2016-04-20,0.12388888994444446,0.5
P502,2016-04-21,0.09900000070000001,0.6
P502,2016-04-22,0.08545454549999999,0.4090909090909091
P502,2016-04-23,0.127692309,0.6153846153846154
P502,2016-04-24,0.11642857035714285,0.7857142857142857
P502,2016-04-25,0.06000000040909092,0.7272727272727273
P502,2016-04-26,0.09666666757142857,0.6666666666666666
P502,2016-04-27,0.1157142860952381,0.6666666666666666
P502,2016-04-28,0.1075000003125,0.75
P502,2016-04-29,0.0689473682631579,0.5789473684210527
P502,2016-04-30,0.09764705988235295,0.6470588235294118
P502,2016-05-01,0.1481818190909091,0.6363636363636364
P502,2016-05-02,0.08190476195238096,0.6666666666666666
P502,2016-05-03,0.0812500008125,0.3125
P502,2016-05-04,0.09916666774999999,0.5833333333333334
P502,2016-05-05,0.11640000048000002,0.44
P502,2016-05-06,0.11571428623809525,0.2857142857142857
P502,2016-05-07,0.07500000011538462,0.5
P502,2016-05-08,0.10863636390909091,0.5454545454545454
P502,2016-05-09,0.09318181836363637,0.5909090909090909
P502,2016-05-10,0.10166666749999999,0.5
P502,2016-05-11,0.08590909154545455,0.6363636363636364
P502,2016-05-12,0.148333334,0.5555555555555556
P502,2016-05-13,0.11033333383333334,0.5
P502,2016-05-14,0.062142857071428574,0.6428571428571429
P502,2016-05-15,0.08392857196428571,0.32142857142857145
P502,2016-05-16,0.1371428579047619,0.6190476190476191
P502,2016-05-17,0.095625001,0.75
P502,2016-05-18,0.09166666611111111,0.6111111111111112
P502,2016-05-19,0.10680000140000001,0.68
P502,2016-05-20,0.124999999625,0.5625
P502,2016-05-21,0.09607142914285714,0.6071428571428571
P502,2016-05-22,0.10173913121739131,0.4782608695652174
P502,2016-05-23,0.1026666672,0.6666666666666666
P502,2016-05-24,0.07538461526923078,0.6538461538461539
P502,2016-05-25,0.13500000125,0.5416666666666666
P502,2016-05-26,0.117500000375,0.75
P502,2016-05-27,0.07526315789473685,0.631578947368421
P502,2016-05-28,0.09303030372727272,0.6666666666666666
P502,2016-05-29,0.12266666726666667,0.8666666666666667
P502,2016-05-30,0.11423076976923077,0.7307692307692307
P502,2016-05-31,0.08208333333333333,0.7083333333333334
P502,2016-06-01,0.09944444522222223,0.6111111111111112
P502,2016-06-02,0.11833333427777777,0.7222222222222222
P502,2016-06-03,0.0926315792631579,0.6842105263157895
P502,2016-06-04,0.1136666671,0.8
P502,2016-06-05,0.0816000004,0.68
P502,2016-06-06,0.10720000076,0.64
P502,2016-06-07,0.12766666723333334,0.6333333333333333
P502,2016-06-08,0.0659090909090909,0.6818181818181818
P502,2016-06-09,0.07476190528571429,0.6190476190476191
P502,2016-06-10,0.12321428625,0.4642857142857143
P502,2016-06-11,0.12192307776923077,0.7307692307692307
P502,2016-06-12,0.08588235270588236,0.5294117647058824
P502,2016-06-13,0.08476190476190476,0.6190476190476191
P502,2016-06-14,0.12133333526666666,0.3333333333333333
P502,2016-06-15,0.09857142842857143,0.6190476190476191
P502,2016-06-16,0.10833333354166667,0.375
P502,2016-06-17,0.08357142935714286,0.5714285714285714
P502,2016-06-18,0.10541666712499999,0.7916666666666666
P502,2016-06-19,0.11733333386666667,0.4666666666666667
P502,2016-06-20,0.0718750004375,0.625
P502,2016-06-21,0.08000000033333333,0.4666666666666667
P502,2016-06-22,0.1148387106451613,0.45161290322580644
P502,2016-06-23,0.12142857119047619,0.6190476190476191
P502,2016-06-24,0.10391304400000001,0.5217391304347826
P502,2016-06-25,0.08590909136363636,0.45454545454545453
P502,2016-06-26,0.09458333429166667,0.625
P502,2016-06-27,0.14846153984615384,0.6153846153846154
P502,2016-06-28,0.082499999625,0.7916666666666666
P502,2016-06-29,0.08666666725,0.3333333333333333
P502,2016-06-30,0.10040000056000001,0.6
P502,2016-07-01,0.1009523818095238,0.5238095238095238
P502,2016-07-02,0.09857142847619048,0.47619047619047616
P502,2016-07-03,0.12588235411764706,0.4117647058823529
P502,2016-07-04,0.10052631584210527,0.6842105263157895
P502,2016-07-05,0.08882352994117648,0.35294117647058826
P502,2016-07-06,0.08357142885714286,0.4642857142857143
P502,2016-07-07,0.11227272759090909,0.4090909090909091
P502,2016-07-08,0.12300000145000001,0.65
P502,2016-07-09,0.09549999985,0.35
P502,2016-07-10,0.08722222305555555,0.5
P502,2016-07-11,0.11214285760714285,0.5357142857142857
P502,2016-07-12,0.10666666711111111,0.3333333333333333
P502,2016-07-13,0.0845454545,0.6363636363636364
P502,2016-07-14,0.13500000164285714,0.5714285714285714
P502,2016-07-15,0.08304347808695653,0.43478260869565216
P502,2016-07-16,0.12789473815789473,0.2631578947368421
P502,2016-07-17,0.0985000002,0.55
P502,2016-07-18,0.08640000020000001,0.32
P502,2016-07-19,0.10041666720833332,0.5
P502,2016-07-20,0.09823529488235294,0.7647058823529411
P502,2016-07-21,0.1376470595882353,0.7058823529411765
P502,2016-07-22,0.09739130469565217,0.391304347826087
P502,2016-07-23,0.07210526363157894,0.47368421052631576
P502,2016-07-24,0.108750000375,0.4166666666666667
P502,2016-07-25,0.12190476266666667,0.47619047619047616
P502,2016-07-26,0.10230769276923078,0.46153846153846156
P502,2016-07-27,0.09520000032,0.56
P502,2016-07-28,0.09968750062500001,0.46875
P502,2016-07-29,0.107916667375,0.625
P502,2016-07-30,0.09923076876923077,0.5384615384615384
P502,2016-07-31,0.09473684263157894,0.3157894736842105
P502,2016-08-01,0.09608695713043479,0.5652173913043478
P502,2016-08-02,0.1060000007,0.55
P502,2016-08-03,0.0984615388076923,0.6538461538461539
P502,2016-08-04,0.10800000106666666,0.7333333333333333
P502,2016-08-05,0.10437500034375,0.5625
P502,2016-08-06,0.07047619066666667,0.47619047619047616
P502,2016-08-07,0.12650000025000002,0.6
P502,2016-08-08,0.10357142942857143,0.5
P502,2016-08-09,0.10260869608695654,0.43478260869565216
P502,2016-08-10,0.12105263257894737,0.6842105263157895
P502,2016-08-11,0.11062500046875,0.5625
P502,2016-08-12,0.08454545484848484,0.5757575757575758
P502,2016-08-13,0.12655172479310345,0.5172413793103449
P502,2016-08-14,0.06210526321052632,0.42105263157894735
P502,2016-08-15,0.11157894842105263,0.631578947368421
P502,2016-08-16,0.11636363718181819,0.5909090909090909
P502,2016-08-17,0.08782608747826087,0.5217391304347826
P502,2016-08-18,0.10800000010000001,0.3333333333333333
P502,2016-08-19,0.1125000011875,0.5
P502,2016-08-20,0.08636363645454546,0.7727272727272727
P502,2016-08-21,0.08909090945454545,0.5909090909090909
P502,2016-08-22,0.12363636463636364,0.3181818181818182
P502,2016-08-23,0.08818181813636364,0.5909090909090909
P502,2016-08-24,0.0840000008,0.6
P502,2016-08-25,0.12409090972727271,0.45454545454545453
P502,2016-08-26,0.115000000625,0.5
P502,2016-08-27,0.059090909500000004,0.4090909090909091
P502,2016-08-28,0.08714285721428572,0.5714285714285714
P502,2016-08-29,0.1426923091923077,0.6153846153846154
P502,2016-08-30,0.093888888,0.5
P502,2016-08-31,0.09400000104,0.64
P502,2016-09-01,0.049999999153846154,0.3076923076923077
P502,2016-09-02,0.09611111183333333,0.3333333333333333
P502,2016-09-03,0.14000000164705884,0.5882352941176471
P502,2016-09-04,0.1130434782173913,0.5652173913043478
P502,2016-09-05,0.0900000011,0.8
P502,2016-09-06,0.0742857145,0.35714285714285715
P502,2016-09-07,0.15578947563157894,0.42105263157894735
P502,2016-09-08,0.09791666679166666,0.625
P502,2016-09-09,0.07149999935,0.55
P502,2016-09-10,0.12260869713043478,0.6956521739130435
P502,2016-09-11,0.1121739132173913,0.6521739130434783
P502,2016-09-12,0.0840000006,0.5666666666666667
P502,2016-09-13,0.088749999875,0.5625
P502,2016-09-14,0.08941176582352942,0.35294117647058826
P502,2016-09-15,0.14823529535294117,0.47058823529411764
P502,2016-09-16,0.08652173895652174,0.5652173913043478
P502,2016-09-17,0.10458333395833334,0.5833333333333334
P502,2016-09-18,0.09650000095,0.7
P502,2016-09-19,0.11529411835294118,0.47058823529411764
P502,2016-09-20,0.1226666669,0.43333333333333335
P502,2016-09-21,0.07181818204545455,0.5
P502,2016-09-22,0.08954545513636364,0.5454545454545454
P502,2016-09-23,0.12875000108333334,0.4583333333333333
P502,2016-09-24,0.08454545431818182,0.6363636363636364
P502,2016-09-25,0.0690000003,0.7
P502,2016-09-26,0.15000000235714286,0.7142857142857143
P502,2016-09-27,0.12526315715789474,0.631578947368421
P502,2016-09-28,0.07200000079999999,0.3
P502,2016-09-29,0.07916666720833333,0.7083333333333334
P502,2016-09-30,0.15238095347619046,0.5714285714285714
P502,2016-10-01,0.10115384619230769,0.6153846153846154
P502,2016-10-02,0.08090909127272727,0.696969696969697
P502,2016-10-03,0.09736842173684211,0.47368421052631576
P502,2016-10-04,0.10440000064000002,0.52
P502,2016-10-05,0.12823529511764709,0.5294117647058824
P502,2016-10-06,0.11933333366666667,0.4
P502,2016-10-07,0.09384615476923078,0.5384615384615384
P502,2016-10-08,0.05708333299999999,0.6666666666666666
P502,2016-10-09,0.14210526510526317,0.8947368421052632
P502,2016-10-10,0.1539999998,0.8
P502,2016-10-11,0.07888888859259259,0.5555555555555556
P502,2016-10-12,0.08947368500000001,0.631578947368421
P502,2016-10-13,0.08150000005,0.55
P502,2016-10-14,0.12583333441666666,0.7083333333333334
P502,2016-10-15,0.10958333358333333,0.4166666666666667
P502,2016-10-16,0.0811538466923077,0.5
P502,2016-10-17,0.1271428577142857,0.6190476190476191
P502,2016-10-18,0.09842105294736841,0.5263157894736842
P502,2016-10-19,0.09269230788461538,0.5384615384615384
P502,2016-10-20,0.10000000041935483,0.6129032258064516
P502,2016-10-21,0.12500000120833335,0.7083333333333334
P502,2016-10-22,0.0995,0.65
P502,2016-10-23,0.07529411776470588,0.5882352941176471
P502,2016-10-24,0.07777777807407407,0.7407407407407407
P502,2016-10-25,0.13346153980769232,0.6538461538461539
P502,2016-10-26,0.12294117664705884,0.6470588235294118
P502,2016-10-27,0.08000000028571429,0.6666666666666666
P502,2016-10-28,0.079285714,0.5714285714285714
P502,2016-10-29,0.12882353064705881,0.7058823529411765
P502,2016-10-30,0.10000000016666667,0.5555555555555556
P502,2016-10-31,0.09956521752173912,0.6086956521739131
P502,2016-11-01,0.058666666933333333,0.26666666666666666
P502,2016-11-02,0.11827586262068966,0.5862068965517241
P502,2016-11-03,0.09850000125,0.45
P502,2016-11-04,0.09909090927272728,0.5454545454545454
P502,2016-11-05,0.13550000104999999,0.7
P502,2016-11-06,0.08500000018181818,0.45454545454545453
P502,2016-11-07,0.06818181859090909,0.5
P502,2016-11-08,0.11263157921052631,0.42105263157894735
P502,2016-11-09,0.11913043547826088,0.391304347826087
P502,2016-11-10,0.09846153892307694,0.6153846153846154
P502,2016-11-11,0.10500000128571428,0.5714285714285714
P502,2016-11-12,0.1014814822962963,0.3333333333333333
P502,2016-11-13,0.11583333283333334,0.5833333333333334
P502,2016-11-14,0.0959090914090909,0.5
P502,2016-11-15,0.06449999985,0.35
P502,2016-11-16,0.11000000115384616,0.6153846153846154
P502,2016-11-17,0.10125000037500001,0.5625
P502,2016-11-18,0.12200000092,0.36
P502,2016-11-19,0.1450000005,0.4
P502,2016-11-20,0.08190476238095239,0.6666666666666666
P502,2016-11-21,0.04318181790909091,0.5909090909090909
P502,2016-11-22,0.13560000144,0.52
P502,2016-11-23,0.14100000024999998,0.55
P502,2016-11-24,0.0809999999,0.55
P502,2016-11-25,0.04839999976,0.6
P502,2016-11-26,0.14071428685714285,0.4642857142857143
P502,2016-11-27,0.12999999994444444,0.6666666666666666
P502,2016-11-28,0.09458333420833333,0.7083333333333334
P502,2016-11-29,0.071538462,0.3076923076923077
P502,2016-11-30,0.139583334375,0.4583333333333333
P502,2016-12-01,0.11500000087500001,0.3125
P502,2016-12-02,0.11058823476470589,0.5882352941176471
P502,2016-12-03,0.05434782630434783,0.6086956521739131
P502,2016-12-04,0.09200000059999999,0.4666666666666667
P502,2016-12-05,0.12857142814285713,0.42857142857142855
P502,2016-12-06,0.1155000013,0.65
P502,2016-12-07,0.11833333379166666,0.6666666666666666
P502,2016-12-08,0.05956521734782609,0.391304347826087
P502,2016-12-09,0.10500000089285713,0.2857142857142857
P502,2016-12-10,0.1180000009,0.5333333333333333
P502,2016-12-11,0.11928571442857143,0.7857142857142857
P502,2016-12-12,0.062222222277777774,0.7777777777777778
P502,2016-12-13,0.11476190509523809,0.3333333333333333
P502,2016-12-14,0.13142857300000002,0.5
P502,2016-12-15,0.06818181809090909,0.5454545454545454
P502,2016-12-16,0.1427272743181818,0.45454545454545453
P502,2016-12-17,0.0993749995,0.5
P502,2016-12-18,0.08172413820689654,0.6896551724137931
P502,2016-12-19,0.09666666770833333,0.4166666666666667
P502,2016-12-20,0.12125000012500001,0.5625
P502,2016-12-21,0.12473684300000001,0.47368421052631576
P502,2016-12-22,0.09956521813043478,0.6956521739130435
P502,2016-12-23,0.09500000044444444,0.6111111111111112
P502,2016-12-24,0.07588235311764706,0.5294117647058824
P502,2016-12-25,0.11956521852173913,0.7391304347826086
P502,2016-12-26,0.10000000005263159,0.6842105263157895
P502,2016-12-27,0.11954545527272727,0.5
P502,2016-12-28,0.08000000052,0.76
P502,2016-12-29,0.060625000062500004,0.625
P502,2016-12-30,0.14636363768181818,0.5909090909090909
P502,2016-12-31,0.11333333323809525,0.38095238095238093
P502,2017-01-01,0.09692307711538461,0.6153846153846154
P502,2017-01-02,0.05913043508695652,0.34782608695652173
P502,2017-01-03,0.06666666741666667,0.6666666666666666
P502,2017-01-04,0.16384615576923078,0.6153846153846154
P502,2017-01-05,0.13666666738888888,0.6111111111111112
P502,2017-01-06,0.087142857,0.38095238095238093
P502,2017-01-07,0.10826087056521738,0.4782608695652174
P502,2017-01-08,0.08523809461904762,0.7142857142857143
P502,2017-01-09,0.1000000008611111,0.4722222222222222
P502,2017-01-10,0.13157894757894736,0.3684210526315789
P502,2017-01-11,0.08647058876470588,0.7058823529411765
P502,2017-01-12,0.04416666654166667,0.20833333333333334
P502,2017-01-13,0.176000003,0.6
P502,2017-01-14,0.13600000008000002,0.64
P502,2017-01-15,0.07031249996875,0.375
P502,2017-01-16,0.09157894842105263,0.5263157894736842
P502,2017-01-17,0.13520000044,0.44
P502,2017-01-18,0.10636363704545455,0.45454545454545453
P502,2017-01-19,0.06047619061904762,0.5238095238095238
P502,2017-01-20,0.10130434860869564,0.4782608695652174
P502,2017-01-21,0.13038461573076923,0.46153846153846156
P502,2017-01-22,0.10681818268181818,0.4090909090909091
P502,2017-01-23,0.067222222,0.4444444444444444
P502,2017-01-24,0.095789475,0.5789473684210527
P502,2017-01-25,0.10705882364705882,0.5882352941176471
P502,2017-01-26,0.09909090945454545,0.45454545454545453
P502,2017-01-27,0.11823529529411765,0.6470588235294118
P502,2017-01-28,0.10411764670588235,0.7058823529411765
P502,2017-01-29,0.09458333416666666,0.375
P502,2017-01-30,0.08562500025,0.625
P502,2017-01-31,0.10095238138095237,0.6666666666666666
P502,2017-02-01,0.11266666673333334,0.5333333333333333
P502,2017-02-02,0.10310344882758621,0.5172413793103449
P502,2017-02-03,0.11000000055,0.6
P502,2017-02-04,0.08791666745833333,0.4583333333333333
P502,2017-02-05,0.11050000035,0.4
P502,2017-02-06,0.1165000007,0.55
P502,2017-02-07,0.0845161295483871,0.5806451612903226
P502,2017-02-08,0.07529411776470588,0.29411764705882354
P502,2017-02-09,0.13875000116666666,0.6666666666666666
P502,2017-02-10,0.0950000003,0.3
P502,2017-02-11,0.07666666658333333,0.625
P502,2017-02-12,0.1271428585,0.42857142857142855
P502,2017-02-13,0.08782608700000001,0.6956521739130435
P502,2017-02-14,0.12388888983333333,0.4444444444444444
P502,2017-02-15,0.09888888883333334,0.6111111111111112
P502,2017-02-16,0.08357142892857143,0.5714285714285714
P502,2017-02-17,0.0950000005,0.5416666666666666
P502,2017-02-18,0.10821428617857143,0.5714285714285714
P502,2017-02-19,0.08173913073913043,0.43478260869565216
P502,2017-02-20,0.14352941347058823,0.5294117647058824
P502,2017-02-21,0.09114285708571429,0.6
P502,2017-02-22,0.12409091013636364,0.5454545454545454
P502,2017-02-23,0.10823529470588235,0.5294117647058824
P502,2017-02-24,0.0989999999,0.5
P502,2017-02-25,0.06840000028,0.52
P502,2017-02-26,0.14071428664285715,0.5357142857142857
P502,2017-02-27,0.08791666720833334,0.5416666666666666
P502,2017-02-28,0.08300000003333333,0.36666666666666664
P502,2017-03-01,0.11346153903846154,0.4230769230769231
P502,2017-03-02,0.1084210535263158,0.3684210526315789
P502,2017-03-03,0.10807692357692308,0.4230769230769231
P502,2017-03-04,0.08578947399999999,0.7368421052631579
P502,2017-03-05,0.09346153888461539,0.7307692307692307
P502,2017-03-06,0.1313636375,0.3181818181818182
P502,2017-03-07,0.09666666683333335,0.5416666666666666
P502,2017-03-08,0.110625000625,0.625
P502,2017-03-09,0.0710000002,0.45
P502,2017-03-10,0.10312500065625,0.65625
P502,2017-03-11,0.12560000064000001,0.4
P502,2017-03-12,0.12043478330434783,0.6521739130434783
P502,2017-03-13,0.06473684210526316,0.5263157894736842
P502,2017-03-14,0.08411764747058824,0.35294117647058826
P502,2017-03-15,0.13647058988235294,0.5882352941176471
P502,2017-03-16,0.10440000004,0.44
P502,2017-03-17,0.10111111222222222,0.5555555555555556
P502,2017-03-18,0.09692307730769231,0.6153846153846154
P502,2017-03-19,0.07789473657894737,0.631578947368421
P502,2017-03-20,0.09055555688888889,0.5555555555555556
P502,2017-03-21,0.14117647105882353,0.29411764705882354
P502,2017-03-22,0.09545454554545453,0.7272727272727273
P502,2017-03-23,0.08923076992307692,0.4230769230769231
P502,2017-03-24,0.10526315847368421,0.5263157894736842
P502,2017-03-25,0.12785714314285715,0.7142857142857143
P502,2017-03-26,0.11136363718181817,0.7727272727272727
P502,2017-03-27,0.08391304378260869,0.391304347826087
P502,2017-03-28,0.1142857151904762,0.5238095238095238
P502,2017-03-29,0.11363636377272729,0.7272727272727273
P502,2017-03-30,0.10083333350000001,0.5833333333333334
P502,2017-03-31,0.08238095314285714,0.3333333333333333
P502,2017-04-01,0.12153846192307692,0.46153846153846156
P502,2017-04-02,0.1028000004,0.6
P502,2017-04-03,0.06066666673333333,0.4666666666666667
P502,2017-04-04,0.10428571471428572,0.5
P502,2017-04-05,0.12833333527777777,0.6666666666666666
P502,2017-04-06,0.09733333306666667,0.7333333333333333
P502,2017-04-07,0.09384615353846154,0.4230769230769231
P502,2017-04-08,0.09200000126666667,0.4666666666666667
P502,2017-04-09,0.09333333356666666,0.4666666666666667
P502,2017-04-10,0.16500000057142855,0.5
P502,2017-04-11,0.09714285795238095,0.8571428571428571
P502,2017-04-12,0.09458333379166667,0.5416666666666666
P502,2017-04-13,0.10631579005263159,0.5263157894736842
P502,2017-04-14,0.12565217434782608,0.8260869565217391
P502,2017-04-15,0.09823529529411765,0.29411764705882354
P502,2017-04-16,0.0668749996875,0.5
P502,2017-04-17,0.08565217460869565,0.43478260869565216
P502,2017-04-18,0.13105263189473684,0.5789473684210527
P502,2017-04-19,0.0900000005,0.55
P502,2017-04-20,0.11470588341176471,0.47058823529411764
P502,2017-04-21,0.09521739156521739,0.6521739130434783
P502,2017-04-22,0.0885000006,0.7
P502,2017-04-23,0.15789473789473685,0.631578947368421
P502,2017-04-24,0.10941176458823529,0.47058823529411764
P502,2017-04-25,0.0673333336,0.5333333333333333
P502,2017-04-26,0.09772727363636363,0.6363636363636364
P502,2017-04-27,0.162500001,0.75
P502,2017-04-28,0.1137499998125,0.375
P502,2017-04-29,0.06263157936842105,0.42105263157894735
P502,2017-04-30,0.06000000004347826,0.5652173913043478
P502,2017-05-01,0.1433333349047619,0.6666666666666666
P502,2017-05-02,0.12521739160869566,0.5217391304347826
P502,2017-05-03,0.08500000075000001,0.25
P502,2017-05-04,0.078749999625,0.5625
P502,2017-05-05,0.08034482793103448,0.7586206896551724
P502,2017-05-06,0.1468421072631579,0.47368421052631576
P502,2017-05-07,0.1079999996,0.5
P502,2017-05-08,0.06941176500000001,0.5882352941176471
P502,2017-05-09,0.07736842105263157,0.47368421052631576
P502,2017-05-10,0.13150000109999999,0.4
P502,2017-05-11,0.11529411823529412,0.47058823529411764
P502,2017-05-12,0.08666666688888888,0.5555555555555556
P502,2017-05-13,0.0855000006,0.4
P502,2017-05-14,0.14944444527777778,0.6111111111111112
P502,2017-05-15,0.09199999973333334,0.4666666666666667
P502,2017-05-16,0.0743478263478261,0.391304347826087
P502,2017-05-17,0.10391304439130435,0.6956521739130435
P502,2017-05-18,0.12055555616666666,0.6666666666666666
P502,2017-05-19,0.10960000056000001,0.6
P502,2017-05-20,0.087619048,0.47619047619047616
P502,2017-05-21,0.11666666811111111,0.5
P502,2017-05-22,0.09750000033333334,0.625
P502,2017-05-23,0.08499999949999999,0.4166666666666667
P502,2017-05-24,0.11210526384210527,0.5263157894736842
P502,2017-05-25,0.0795000002,0.45
P502,2017-05-26,0.09933333406666667,0.5333333333333333
P502,2017-05-27,0.10750000035,0.55
P502,2017-05-28,0.11117647123529412,0.47058823529411764
P502,2017-05-29,0.0754545455,0.6818181818181818
P502,2017-05-30,0.10720000148,0.48
P502,2017-05-31,0.1403225808064516,0.3548387096774194
P502,2017-06-01,0.072500000625,0.5625
P502,2017-06-02,0.0362499995625,0.5625
P502,2017-06-03,0.12583333466666666,0.6666666666666666
P502,2017-06-04,0.11275862093103449,0.4482758620689655
P502,2017-06-05,0.06105263152631579,0.47368421052631576
P502,2017-06-06,0.10666666766666667,0.4666666666666667
P502,2017-06-07,0.14047619142857143,0.6190476190476191
P502,2017-06-08,0.10500000027272728,0.6363636363636364
P502,2017-06-09,0.09000000052173913,0.7391304347826086
P502,2017-06-10,0.09230769184615385,0.5384615384615384
P502,2017-06-11,0.0718181825,0.5909090909090909
P502,2017-06-12,0.12000000117647058,0.5294117647058824
P502,2017-06-13,0.13666666683333334,0.7333333333333333
P502,2017-06-14,0.08545454563636364,0.45454545454545453
P502,2017-06-15,0.08571428661904762,0.47619047619047616
P502,2017-06-16,0.0785000005,0.4
P502,2017-06-17,0.11185185214814816,0.5925925925925926
P502,2017-06-18,0.086428572,0.5714285714285714
P502,2017-06-19,0.10076923165384616,0.46153846153846156
P502,2017-06-20,0.1250000003,0.65
P502,2017-06-21,0.0966666664,0.6
P502,2017-06-22,0.05826086960869565,0.6086956521739131
P502,2017-06-23,0.10545454645454545,0.45454545454545453
P502,2017-06-24,0.15100000154999998,0.5
P502,2017-06-25,0.08535714264285714,0.32142857142857145
P502,2017-06-26,0.11600000106666666,0.5
P502,2017-06-27,0.059375,0.4375
P502,2017-06-28,0.12772727250000002,0.6818181818181818
P502,2017-06-29,0.09809523933333333,0.5714285714285714
P502,2017-06-30,0.0972000006,0.56
P502,2017-07-01,0.1124999999375,0.25
P502,2017-07-02,0.08793103503448277,0.3793103448275862
P502,2017-07-03,0.09733333346666666,0.7333333333333333
P502,2017-07-04,0.08888888950000001,0.5
P502,2017-07-05,0.1400000014090909,0.7272727272727273
P502,2017-07-06,0.08266666606666667,0.6666666666666666
P502,2017-07-07,0.05827586244827586,0.5862068965517241
P502,2017-07-08,0.1380000004,0.6666666666666666
P502,2017-07-09,0.15555555777777777,0.6111111111111112
P502,2017-07-10,0.1089999991,0.2
P502,2017-07-11,0.07086956504347826,0.391304347826087
P502,2017-07-12,0.05052631636842105,0.631578947368421
P502,2017-07-13,0.14318181922727272,0.7272727272727273
P502,2017-07-14,0.13285714342857144,0.6428571428571429
P502,2017-07-15,0.10500000016666666,0.6111111111111112
P502,2017-07-16,0.0754545455,0.4090909090909091
P502,2017-07-17,0.06099999995000001,0.5
P502,2017-07-18,0.14400000136,0.2
P502,2017-07-19,0.11045454586363636,0.5
P502,2017-07-20,0.06782608695652174,0.6521739130434783
P502,2017-07-21,0.12111111188888889,0.6388888888888888
P502,2017-07-22,0.09272727331818183,0.45454545454545453
P502,2017-07-23,0.08875,0.6875
P502,2017-07-24,0.09550000065,0.65
P502,2017-07-25,0.14000000086363637,0.5454545454545454
P502,2017-07-26,0.06954545449999999,0.5909090909090909
P502,2017-07-27,0.0731250005,0.6875
P502,2017-07-28,0.13238095333333333,0.6666666666666666
P502,2017-07-29,0.11058823552941177,0.5882352941176471
P502,2017-07-30,0.11850000094999999,0.4
P502,2017-07-31,0.06833333316666666,0.2916666666666667
P502,2017-08-01,0.08583333416666666,0.625
P502,2017-08-02,0.14866666786666669,0.3333333333333333
P502,2017-08-03,0.11580645174193549,0.6774193548387096
P502,2017-08-04,0.04318181813636363,0.5454545454545454
P502,2017-08-05,0.09636363722727272,0.5
P502,2017-08-06,0.168000001,0.55
P502,2017-08-07,0.11047619052380953,0.5714285714285714
P502,2017-08-08,0.04954545445454546,0.6818181818181818
P502,2017-08-09,0.0736842107894737,0.3684210526315789
P502,2017-08-10,0.1548148164814815,0.6666666666666666
P502,2017-08-11,0.08571428571428572,0.47619047619047616
P502,2017-08-12,0.11181818213636364,0.45454545454545453
P502,2017-08-13,0.10000000055,0.55
P502,2017-08-14,0.08611111183333334,0.5
P502,2017-08-15,0.07916666679166666,0.75
P502,2017-08-16,0.12882353,0.5882352941176471
P502,2017-08-17,0.1215384633846154,0.5384615384615384
P502,2017-08-18,0.07916666658333334,0.7916666666666666
P502,2017-08-19,0.09000000031578947,0.47368421052631576
P502,2017-08-20,0.1015789482631579,0.6842105263157895
P502,2017-08-21,0.1062500005,0.625
P502,2017-08-22,0.11181818240909092,0.6363636363636364
P502,2017-08-23,0.11176470588235293,0.4117647058823529
P502,2017-08-24,0.07764705964705883,0.7058823529411765
P502,2017-08-25,0.11153846230769232,0.6153846153846154
P502,2017-08-26,0.09739130443478261,0.7391304347826086
P502,2017-08-27,0.08750000083333333,0.5416666666666666
P502,2017-08-28,0.10875000058333334,0.6666666666666666
P502,2017-08-29,0.089374999875,0.75
P502,2017-08-30,0.14952381061904763,0.47619047619047616
P502,2017-08-31,0.09391304391304348,0.43478260869565216
P502,2017-09-01,0.08107142864285714,0.5714285714285714
P502,2017-09-02,0.090416666875,0.4583333333333333
P502,2017-09-03,0.13722222366666667,0.5555555555555556
P502,2017-09-04,0.08526315826315789,0.42105263157894735
P502,2017-09-05,0.11400000033333332,0.6
P502,2017-09-06,0.107500000625,0.5625
P502,2017-09-07,0.09681818227272726,0.45454545454545453
P502,2017-09-08,0.10407407444444444,0.7037037037037037
P502,2017-09-09,0.08000000022222223,0.2777777777777778
P502,2017-09-10,0.11700000049999999,0.65
P502,2017-09-11,0.09952381061904762,0.3333333333333333
P502,2017-09-12,0.11357142903571428,0.5
P502,2017-09-13,0.08636363645454546,0.3181818181818182
P502,2017-09-14,0.0787500008125,0.75
P502,2017-09-15,0.07947368394736842,0.5263157894736842
P502,2017-09-16,0.14315789610526317,0.631578947368421
P502,2017-09-17,0.09800000008,0.52
P502,2017-09-18,0.12863636454545455,0.8636363636363636
P502,2017-09-19,0.08363636427272728,0.3181818181818182
P502,2017-09-20,0.080833333375,0.5416666666666666
P502,2017-09-21,0.13000000116666668,0.4166666666666667
P502,2017-09-22,0.11157894705263158,0.631578947368421
P502,2017-09-23,0.0518750005625,0.75
P502,2017-09-24,0.10521739182608696,0.6521739130434783
P502,2017-09-25,0.13000000123529412,0.6470588235294118
P502,2017-09-26,0.10000000020689655,0.6551724137931034
P502,2017-09-27,0.050714285928571426,0.35714285714285715
P502,2017-09-28,0.10833333429166668,0.5833333333333334
P502,2017-09-29,0.13571428642857145,0.6071428571428571
P502,2017-09-30,0.06772727231818182,0.4090909090909091
P502,2017-10-01,0.07421052694736842,0.5263157894736842
P502,2017-10-02,0.0962500005,0.5
P564,2015-01-03,0.150000006,0.0
P564,2015-01-04,0.050000001,1.0
P564,2015-01-07,0.039999999,1.0
P564,2015-01-08,0.05499999950000001,0.5
P564,2015-01-09,0.050000001,1.0
P564,2015-01-12,0.015,0.5
P564,2015-01-24,0.0650000015,0.5
P564,2015-02-01,0.25,1.0
P564,2015-02-05,0.200000003,1.0
P564,2015-02-12,0.200000003,0.0
P564,2015-02-13,0.15000000233333335,1.0
P564,2015-02-14,0.07,0.0
P564,2015-02-16,0.180000007,1.0
P564,2015-03-01,0.180000007,1.0
P564,2015-03-03,0.170000002,0.0
P564,2015-03-04,0.159999996,0.0
P564,2015-03-05,0.02,1.0
P564,2015-03-06,0.01,0.0
P564,2015-03-08,0.0,0.0
P564,2015-03-30,0.15000000200000002,0.5
P564,2015-03-31,0.129999995,0.0
P564,2015-04-10,0.060000000500000004,0.0
P564,2015-04-17,0.090000004,0.0
P564,2015-04-22,0.01,1.0
P564,2015-04-24,0.07,0.0
P564,2015-04-29,0.07,1.0
P564,2015-05-04,0.1150000005,0.5
P564,2015-05-11,0.150000006,1.0
P564,2015-05-13,0.180000007,0.0
P564,2015-05-16,0.01,1.0
P564,2015-05-18,0.0399999995,1.0
P564,2015-05-19,0.125,0.5
P564,2015-05-23,0.02,1.0
P564,2015-05-24,0.005,1.0
P564,2015-05-25,0.02,0.0
P564,2015-05-28,0.100000001,0.0
P564,2015-06-03,0.200000003,0.0
P564,2015-06-06,0.0,1.0
P564,2015-06-10,0.159999996,0.0
P564,2015-06-12,0.100000001,0.0
P564,2015-06-14,0.180000007,1.0
P564,2015-06-15,0.080000002,0.0
P564,2015-06-20,0.119999997,1.0
P564,2015-06-22,0.1049999985,0.5
P564,2015-06-25,0.159999996,0.0
P564,2015-06-27,0.150000006,1.0
P564,2015-07-01,0.150000006,1.0
P564,2015-07-04,0.029999999,1.0
P564,2015-07-07,0.129999995,1.0
P564,2015-07-13,0.029999999,1.0
P564,2015-07-14,0.044999999,0.5
P564,2015-07-15,0.060000000500000004,0.5
P564,2015-07-16,0.1450000035,1.0
P564,2015-07-20,0.0,0.0
P564,2015-07-24,0.060000000500000004,1.0
P564,2015-07-25,0.039999999,1.0
P564,2015-07-30,0.029999999,1.0
P564,2015-07-31,0.050000001,1.0
P564,2015-08-09,0.01,0.0
P564,2015-08-15,0.0,0.0
P564,2015-08-16,0.180000007,1.0
P564,2015-08-22,0.159999996,0.0
P564,2015-08-25,0.25,0.0
P564,2015-08-30,0.039999999,1.0
P564,2015-09-02,0.119999997,1.0
P564,2015-09-04,0.02,1.0
P564,2015-09-12,0.200000003,0.0
P564,2015-09-14,0.059999999,0.0
P564,2015-09-19,0.1250000035,1.0
P564,2015-09-20,0.1150000005,1.0
P564,2015-09-26,0.050000001,0.0
P564,2015-10-02,0.07,0.0
P564,2015-10-05,0.059999999,1.0
P564,2015-10-07,0.1299999985,0.0
P564,2015-10-08,0.059999999,1.0
P564,2015-10-09,0.150000006,1.0
P564,2015-10-12,0.050000001,1.0
P564,2015-10-13,0.039999999,0.0
P564,2015-10-17,0.180000007,0.0
P564,2015-10-18,0.100000001,1.0
P564,2015-10-20,0.170000002,1.0
P564,2015-10-31,0.150000006,1.0
P564,2015-11-02,0.050000001,1.0
P564,2015-11-03,0.039999999,0.0
P564,2015-11-11,0.02,0.0
P564,2015-11-13,0.01,1.0
P564,2015-11-15,0.135,1.0
P564,2015-11-16,0.200000003,0.0
P564,2015-11-18,0.180000007,1.0
P564,2015-11-19,0.170000002,0.0
P564,2015-11-22,0.159999996,0.0
P564,2015-11-24,0.16,0.5
P564,2015-11-27,0.059999999,0.0
P564,2015-11-29,0.180000007,1.0
P564,2015-12-01,0.150000006,1.0
P564,2015-12-07,0.100000001,1.0
P564,2015-12-11,0.0650000015,0.5
P564,2015-12-15,0.059999999,1.0
P564,2015-12-17,0.07,0.0
P564,2015-12-31,0.159999996,1.0
P564,2016-01-07,0.02,0.0
P564,2016-01-09,0.039999999,1.0
P564,2016-01-13,0.150000006,1.0
P564,2016-01-15,0.0,0.0
P564,2016-01-17,0.25,0.0
P564,2016-01-19,0.129999995,0.0
P564,2016-01-23,0.180000007,1.0
P564,2016-01-25,0.119999997,0.0
P564,2016-01-30,0.100000001,1.0
P564,2016-02-04,0.0249999995,1.0
P564,2016-02-06,0.0,0.0
P564,2016-02-08,0.01,0.0
P564,2016-02-12,0.07,0.0
P564,2016-02-18,0.119999997,1.0
P564,2016-02-19,0.100000001,0.0
P564,2016-02-24,0.155000001,1.0
P564,2016-02-28,0.180000007,1.0
P564,2016-02-29,0.125000002,0.0
P564,2016-03-01,0.1750000045,1.0
P564,2016-03-02,0.050000001,0.0
P564,2016-03-05,0.125,0.5
P564,2016-03-06,0.159999996,0.0
P564,2016-03-07,0.059999999,0.0
P564,2016-03-12,0.07,0.0
P564,2016-03-14,0.129999995,0.0
P564,2016-03-16,0.170000002,1.0
P564,2016-03-19,0.060000000500000004,1.0
P564,2016-03-20,0.119999997,1.0
P564,2016-03-21,0.100000001,1.0
P564,2016-03-26,0.1750000045,0.5
P564,2016-03-28,0.059999999,0.0
P564,2016-03-29,0.200000003,1.0
P564,2016-03-30,0.129999995,1.0
P564,2016-04-01,0.1500000005,0.0
P564,2016-04-07,0.07,0.0
P564,2016-04-09,0.039999999,0.0
P564,2016-04-11,0.07,0.0
P564,2016-04-12,0.090000004,1.0
P564,2016-04-13,0.050000001,1.0
P564,2016-04-18,0.039999999,0.0
P564,2016-04-27,0.039999999,1.0
P564,2016-04-29,0.01,1.0
P564,2016-05-03,0.100000001,1.0
P564,2016-05-08,0.1750000045,0.0
P564,2016-05-13,0.050000001,1.0
P564,2016-05-16,0.039999999,0.0
P564,2016-05-20,0.200000003,0.0
P564,2016-05-23,0.02,1.0
P564,2016-05-25,0.0,1.0
P564,2016-05-29,0.09000000100000001,0.5
P564,2016-06-05,0.0,0.0
P564,2016-06-06,0.170000002,1.0
P564,2016-06-14,0.119999997,0.0
P564,2016-06-19,0.114999998,0.5
P564,2016-06-20,0.12000000499999999,0.5
P564,2016-06-22,0.14333333299999998,0.3333333333333333
P564,2016-06-25,0.103333334,0.6666666666666666
P564,2016-06-26,0.129999995,1.0
P564,2016-06-28,0.050000001,1.0
P564,2016-06-29,0.059999999,1.0
P564,2016-07-04,0.059999999,1.0
P564,2016-07-11,0.090000004,1.0
P564,2016-07-13,0.200000003,1.0
P564,2016-07-16,0.07,1.0
P564,2016-07-21,0.029999999,1.0
P564,2016-07-22,0.02,0.0
P564,2016-07-24,0.150000006,1.0
P564,2016-07-29,0.015,1.0
P564,2016-07-31,0.25,1.0
P564,2016-08-03,0.130000001,0.0
P564,2016-08-08,0.10333333666666666,1.0
P564,2016-08-09,0.170000002,0.0
P564,2016-08-10,0.150000006,1.0
P564,2016-08-14,0.059999999,1.0
P564,2016-08-15,0.164999999,1.0
P564,2016-08-17,0.180000007,0.0
P564,2016-08-19,0.170000002,1.0
P564,2016-08-21,0.129999995,1.0
P564,2016-08-28,0.100000001,1.0
P564,2016-08-30,0.150000006,1.0
P564,2016-09-01,0.090000004,1.0
P564,2016-09-02,0.07,0.0
P564,2016-09-03,0.090000004,0.0
P564,2016-09-04,0.07,0.0
P564,2016-09-06,0.059999999,0.0
P564,2016-09-07,0.129999995,1.0
P564,2016-09-10,0.059999999,1.0
P564,2016-09-15,0.050000001,1.0
P564,2016-09-16,0.050000001,0.0
P564,2016-09-19,0.119999997,0.0
P564,2016-09-20,0.065,1.0
P564,2016-10-03,0.02,1.0
P564,2016-10-04,0.01,0.0
P564,2016-10-06,0.0,0.5
P564,2016-10-15,0.01,1.0
P564,2016-10-21,0.1099999975,0.0
P564,2016-10-22,0.25,1.0
P564,2016-10-27,0.129999995,0.0
P564,2016-10-28,0.150000006,0.0
P564,2016-10-30,0.029999999,1.0
P564,2016-10-31,0.200000003,0.0
P564,2016-11-04,0.100000001,0.0
P564,2016-11-07,0.090000004,1.0
P564,2016-11-22,0.180000007,0.0
P564,2016-11-29,0.059999999,1.0
P564,2016-12-03,0.100000001,0.0
P564,2016-12-05,0.01,1.0
P564,2016-12-06,0.159999996,1.0
P564,2016-12-07,0.119999997,0.0
P564,2016-12-09,0.02,1.0
P564,2016-12-10,0.150000006,1.0
P564,2016-12-12,0.07,1.0
P564,2016-12-16,0.119999997,1.0
P564,2016-12-17,0.25,0.0
P564,2016-12-18,0.100000001,1.0
P564,2016-12-20,0.02,1.0
P564,2016-12-27,0.119999997,0.0
P564,2016-12-29,0.170000002,1.0
P564,2017-01-06,0.0649999975,1.0
P564,2017-01-10,0.129999995,0.0
P564,2017-01-17,0.25,1.0
P564,2017-01-18,0.059999999,1.0
P564,2017-01-22,0.1450000035,0.0
P564,2017-01-24,0.180000007,1.0
P564,2017-02-01,0.039999999,1.0
P564,2017-02-08,0.170000002,0.0
P564,2017-02-13,0.01,0.0
P564,2017-02-15,0.029999999,1.0
P564,2017-02-16,0.02,0.0
P564,2017-02-24,0.07,0.0
P564,2017-02-25,0.045,0.5
P564,2017-02-26,0.159999996,0.0
P564,2017-03-01,0.0,1.0
P564,2017-03-07,0.200000003,1.0
P564,2017-03-08,0.180000007,0.0
P564,2017-03-10,0.129999995,1.0
P564,2017-03-17,0.1750000045,0.5
P564,2017-03-23,0.200000003,0.0
P564,2017-03-29,0.129999995,0.0
P564,2017-03-31,0.119999997,0.0
P564,2017-04-09,0.02,0.0
P564,2017-04-13,0.090000004,1.0
P564,2017-04-15,0.090000004,1.0
P564,2017-04-20,0.05666666633333334,0.6666666666666666
P564,2017-04-21,0.059999999,1.0
P565,2015-01-02,0.059999999,0.0
P565,2015-01-06,0.055000002,0.5
P565,2015-01-13,0.200000003,0.0
P565,2015-01-17,0.050000001,1.0
P565,2015-01-21,0.180000007,0.0
P565,2015-01-25,0.030000000500000002,1.0
P565,2015-01-26,0.12000000100000001,0.5
P565,2015-01-27,0.039999999,1.0
P565,2015-01-28,0.0,0.0
P565,2015-01-30,0.059999999,1.0
P565,2015-01-31,0.0999999975,0.0
P565,2015-02-01,0.1399999995,1.0
P565,2015-02-07,0.1100000015,0.5
P565,2015-02-08,0.050000001,1.0
P565,2015-02-09,0.005,0.0
P565,2015-02-10,0.180000007,1.0
P565,2015-02-14,0.029999999,0.0
P565,2015-02-20,0.07666666700000001,0.0
P565,2015-02-22,0.01,0.0
P565,2015-03-04,0.159999996,0.0
P565,2015-03-09,0.0,1.0
P565,2015-03-10,0.150000006,1.0
P565,2015-03-16,0.129999995,1.0
P565,2015-03-20,0.150000006,1.0
P565,2015-03-22,0.029999999,1.0
P565,2015-03-23,0.25,1.0
P565,2015-03-25,0.119999997,0.0
P565,2015-03-28,0.100000001,0.0
P565,2015-03-29,0.02,1.0
P565,2015-03-30,0.129999995,1.0
P565,2015-03-31,0.090000004,1.0
P565,2015-04-01,0.01,0.0
P565,2015-04-05,0.0,0.0
P565,2015-04-06,0.07,1.0
P565,2015-04-07,0.055,0.0
P565,2015-04-08,0.200000003,1.0
P565,2015-04-09,0.180000007,1.0
P565,2015-04-15,0.039999999,0.0
P565,2015-04-18,0.029999999,0.0
P565,2015-04-26,0.25,1.0
P565,2015-04-27,0.119999997,1.0
P565,2015-05-01,0.100000001,1.0
P565,2015-05-04,0.200000003,1.0
P565,2015-05-06,0.25,1.0
P565,2015-05-09,0.170000002,1.0
P565,2015-05-12,0.02,0.0
P565,2015-05-17,0.01,0.0
P565,2015-05-19,0.090000004,1.0
P565,2015-05-21,0.07,0.0
P565,2015-05-26,0.159999996,0.0
P565,2015-05-28,0.0,0.0
P565,2015-06-09,0.059999999,1.0
P565,2015-06-12,0.25,0.0
P565,2015-06-13,0.200000003,0.0
P565,2015-06-14,0.150000006,1.0
P565,2015-06-15,0.200000003,0.0
P565,2015-06-16,0.16333333633333333,0.6666666666666666
P565,2015-06-17,0.050000001,0.0
P565,2015-06-20,0.039999999,0.0
P565,2015-06-22,0.180000007,1.0
P565,2015-06-24,0.170000002,0.0
P565,2015-06-28,0.170000002,1.0
P565,2015-07-04,0.170000002,1.0
P565,2015-07-05,0.0949999975,0.5
P565,2015-07-09,0.02,1.0
P565,2015-07-15,0.119999997,0.0
P565,2015-07-18,0.08499999800000001,0.5
P565,2015-07-19,0.0,0.0
P565,2015-07-22,0.150000006,1.0
P565,2015-07-28,0.150000006,1.0
P565,2015-07-31,0.100000001,0.0
P565,2015-08-03,0.129999995,0.0
P565,2015-08-06,0.119999997,0.0
P565,2015-08-15,0.090000004,0.0
P565,2015-08-20,0.100000001,1.0
P565,2015-08-23,0.17000000199999998,0.5
P565,2015-08-26,0.07,0.0
P565,2015-08-27,0.159999996,1.0
P565,2015-08-31,0.200000003,1.0
P565,2015-09-09,0.059999999,1.0
P565,2015-09-11,0.150000006,1.0
P565,2015-09-12,0.129999995,0.0
P565,2015-09-17,0.050000001,0.0
P565,2015-09-18,0.119999997,0.0
P565,2015-09-19,0.07,1.0
P565,2015-09-21,0.059999999,0.0
P565,2015-09-24,0.13333333666666666,1.0
P565,2015-09-25,0.129999995,0.0
P565,2015-09-30,0.039999999,0.0
P565,2015-10-08,0.029999999,1.0
P565,2015-10-09,0.02,0.0
P565,2015-10-12,0.01,1.0
P565,2015-10-13,0.039999999,1.0
P565,2015-10-19,0.029999999,1.0
P565,2015-10-20,0.109999999,1.0
P565,2015-10-21,0.0,1.0
P565,2015-10-22,0.159999996,1.0
P565,2015-10-25,0.100000001,0.0
P565,2015-10-26,0.090000004,1.0
P565,2015-10-28,0.090000004,1.0
P565,2015-10-31,0.07,0.0
P565,2015-11-04,0.150000006,0.0
P565,2015-11-06,0.129999995,0.0
P565,2015-11-13,0.059999999,1.0
P565,2015-11-16,0.050000001,1.0
P565,2015-11-20,0.07,0.0
P565,2015-11-22,0.059999999,1.0
P565,2015-11-25,0.02,0.0
P565,2015-11-28,0.0249999995,0.5
P565,2015-12-03,0.25,0.0
P565,2015-12-04,0.200000003,1.0
P565,2015-12-06,0.029999999,1.0
P565,2015-12-11,0.0250000005,1.0
P565,2015-12-13,0.150000002,1.0
P565,2015-12-17,0.015,0.5
P565,2015-12-22,0.085000001,0.5
P565,2015-12-23,0.100000001,0.0
P565,2015-12-24,0.039999999,1.0
P565,2015-12-27,0.159999996,1.0
P565,2015-12-30,0.25,1.0
P565,2016-01-03,0.150000006,1.0
P565,2016-01-08,0.029999999,1.0
P565,2016-01-20,0.02,1.0
P565,2016-01-24,0.200000003,1.0
P565,2016-01-27,0.129999995,0.0
P565,2016-01-30,0.25,0.0
P565,2016-02-03,0.180000007,1.0
P565,2016-02-06,0.200000003,1.0
P565,2016-02-09,0.170000002,0.0
P565,2016-02-13,0.119999997,1.0
P565,2016-02-14,0.100000001,0.0
P565,2016-02-16,0.159999996,0.0
P565,2016-02-17,0.090000004,1.0
P565,2016-02-19,0.080000003,0.5
P565,2016-02-20,0.0,0.0
P565,2016-02-23,0.1750000045,0.5
P565,2016-02-25,0.25,0.0
P565,2016-02-27,0.164999999,0.0
P565,2016-03-08,0.119999997,1.0
P565,2016-03-09,0.07,0.0
P565,2016-03-11,0.180000007,0.0
P565,2016-03-12,0.100000001,1.0
P565,2016-03-17,0.14000000066666665,0.0
P565,2016-03-23,0.090000004,0.0
P565,2016-03-24,0.159999996,0.0
P565,2016-03-28,0.07,1.0
P565,2016-03-30,0.1050000025,0.5
P565,2016-04-02,0.07,1.0
P565,2016-04-07,0.059999999,1.0
P565,2016-04-11,0.045,0.5
P565,2016-04-12,0.059999999,0.0
P565,2016-04-13,0.129999995,1.0
P565,2016-04-18,0.050000001,0.0
P565,2016-04-25,0.039999999,1.0
P565,2016-04-29,0.029999999,0.0
P565,2016-04-30,0.029999999,0.0
P565,2016-05-02,0.119999997,1.0
P565,2016-05-04,0.150000006,1.0
P565,2016-05-09,0.02,0.0
P565,2016-05-18,0.02,1.0
P565,2016-05-19,0.045,0.5
P565,2016-05-30,0.100000001,0.0
P565,2016-06-02,0.129999995,0.0
P565,2016-06-06,0.01,1.0
P565,2016-06-08,0.01,1.0
P565,2016-06-12,0.119999997,1.0
P565,2016-06-17,0.0149999995,0.5
P565,2016-06-24,0.02,1.0
P565,2016-06-25,0.090000004,0.0
P565,2016-06-26,0.005,0.0
P565,2016-07-09,0.0,0.0
P565,2016-07-10,0.100000001,0.0
P565,2016-07-11,0.090000004,1.0
P565,2016-07-16,0.16,0.0
P565,2016-07-21,0.059999999,1.0
P565,2016-07-22,0.07,1.0
P565,2016-07-25,0.059999999,0.0
P565,2016-07-26,0.25,0.0
P565,2016-07-27,0.200000003,1.0
P565,2016-07-30,0.180000007,0.0
P565,2016-08-07,0.050000001,1.0
P565,2016-08-10,0.045,0.0
P565,2016-08-11,0.039999999,1.0
P565,2016-08-15,0.25,0.0
P565,2016-08-18,0.029999999,1.0
P565,2016-08-20,0.029999999,0.0
P565,2016-08-25,0.1100000015,1.0
P565,2016-09-01,0.200000003,0.0
P565,2016-09-04,0.02,0.0
P565,2016-09-07,0.01,1.0
P565,2016-09-09,0.1750000045,0.5
P565,2016-09-10,0.180000007,1.0
P565,2016-09-17,0.09000000100000001,0.5
P565,2016-09-19,0.0,0.0
P565,2016-09-24,0.159999996,0.0
P565,2016-09-26,0.0,1.0
P565,2016-09-28,0.155000001,0.0
P565,2016-09-30,0.150000006,1.0
P565,2016-10-05,0.2250000015,0.5
P565,2016-10-07,0.129999995,1.0
P565,2016-10-15,0.25,0.0
P565,2016-10-19,0.200000003,1.0
P565,2016-10-23,0.180000007,0.0
P565,2016-10-25,0.119999997,0.0
P565,2016-10-26,0.170000002,1.0
P565,2016-10-28,0.164999999,0.5
P565,2016-10-29,0.140000004,0.0
P565,2016-10-31,0.150000006,1.0
P565,2016-11-09,0.159999996,0.0
P565,2016-11-11,0.150000006,1.0
P565,2016-11-15,0.129999995,0.0
P565,2016-11-16,0.170000002,1.0
P565,2016-11-22,0.080000002,1.0
P565,2016-11-23,0.129999995,1.0
P565,2016-11-25,0.119999997,1.0
P565,2016-11-29,0.1099999975,0.0
P565,2016-12-01,0.100000001,0.0
P565,2016-12-03,0.150000006,1.0
P565,2016-12-06,0.119999997,1.0
P565,2016-12-07,0.090000004,0.0
P565,2016-12-10,0.050000001,1.0
P565,2016-12-12,0.129999995,0.0
P565,2016-12-16,0.119999997,0.0
P565,2016-12-21,0.129999995,1.0
P565,2016-12-22,0.100000001,0.0
P565,2016-12-24,0.090000004,1.0
P565,2016-12-28,0.07,1.0
P565,2016-12-31,0.039999999,1.0
P565,2017-01-01,0.119999997,1.0
P565,2017-01-02,0.07,1.0
P565,2017-01-03,0.059999999,0.0
P565,2017-01-11,0.100000001,0.0
P565,2017-01-12,0.100000001,0.0
P565,2017-01-18,0.050000001,1.0
P565,2017-01-29,0.059999999,1.0
P565,2017-01-31,0.050000001,1.0
P565,2017-02-02,0.039999999,0.0
P565,2017-02-08,0.029999999,0.0
P565,2017-02-13,0.090000004,1.0
P565,2017-02-16,0.039999999,1.0
P565,2017-02-19,0.029999999,0.0
P565,2017-02-20,0.02,1.0
P565,2017-02-21,0.01,0.0
P565,2017-02-24,0.07,0.0
P565,2017-02-25,0.090000004,1.0
P565,2017-03-04,0.029999999,1.0
P565,2017-03-07,0.02,0.0
P565,2017-03-09,0.0649999995,0.5
P565,2017-03-11,0.01,0.0
P565,2017-03-15,0.059999999,1.0
P565,2017-03-18,0.0,1.0
P565,2017-03-20,0.0,0.0
P565,2017-03-21,0.02,1.0
P565,2017-03-22,0.050000001,0.0
P565,2017-03-23,0.2250000015,0.5
P565,2017-04-04,0.01,0.0
P565,2017-04-05,0.050000001,0.0
P565,2017-04-06,0.25,1.0
P565,2017-04-12,0.039999999,1.0
P565,2017-04-15,0.029999999,1.0
P565,2017-04-16,0.039999999,0.0
P565,2017-04-17,0.105000003,0.5
P565,2017-04-18,0.02,1.0
P565,2017-04-19,0.1000000015,0.5
P565,2017-04-20,0.210000001,0.5
P567,2015-01-05,0.090000004,1.0
P567,2015-01-07,0.07,1.0
P567,2015-01-09,0.059999999,1.0
P567,2015-01-12,0.050000001,1.0
P567,2015-01-13,0.090000004,1.0
P567,2015-01-20,0.01,0.0
P567,2015-01-24,0.07,1.0
P567,2015-02-08,0.210000001,1.0
P567,2015-02-09,0.25,1.0
P567,2015-02-13,0.02,1.0
P567,2015-02-15,0.129999995,0.0
P567,2015-02-17,0.200000003,0.0
P567,2015-02-20,0.02,0.0
P567,2015-02-22,0.25,1.0
P567,2015-02-23,0.01,1.0
P567,2015-02-24,0.180000007,1.0
P567,2015-02-25,0.170000002,0.0
P567,2015-03-03,0.25,1.0
P567,2015-03-05,0.0,1.0
P567,2015-03-09,0.029999999,1.0
P567,2015-03-13,0.050000001,1.0
P567,2015-03-15,0.129999995,0.0
P567,2015-03-19,0.119999997,0.0
P567,2015-03-20,0.039999999,0.0
P567,2015-03-21,0.1799999995,0.0
P567,2015-03-22,0.1700000015,1.0
P567,2015-03-25,0.039999999,1.0
P567,2015-03-30,0.0,0.0
P567,2015-03-31,0.25,0.0
P567,2015-04-02,0.200000003,0.0
P567,2015-04-03,0.07,0.0
P567,2015-04-06,0.0149999995,1.0
P567,2015-04-09,0.155000001,0.5
P567,2015-04-13,0.119999997,0.0
P567,2015-04-14,0.090000004,1.0
P567,2015-04-15,0.039999999,1.0
P567,2015-04-16,0.200000003,1.0
P567,2015-04-17,0.114999998,1.0
P567,2015-04-22,0.180000007,1.0
P567,2015-04-23,0.059999999,1.0
P567,2015-04-25,0.150000006,1.0
P567,2015-04-29,0.129999995,0.0
P567,2015-04-30,0.02,0.0
P567,2015-05-03,0.090000004,1.0
P567,2015-05-05,0.050000001,1.0
P567,2015-05-09,0.150000006,1.0
P567,2015-05-10,0.034999999000000004,0.5
P567,2015-05-27,0.100000001,0.0
P567,2015-05-31,0.07,0.0
P567,2015-06-04,0.119999997,1.0
P567,2015-06-10,0.050000001,1.0
P567,2015-06-16,0.114999998,1.0
P567,2015-06-17,0.029999999,1.0
P567,2015-06-19,0.170000002,1.0
P567,2015-06-20,0.029999999,0.0
P567,2015-06-24,0.02,1.0
P567,2015-06-26,0.02,1.0
P567,2015-06-28,0.0,0.0
P567,2015-06-30,0.0,0.0
P567,2015-07-02,0.01,1.0
P567,2015-07-14,0.18999999750000002,1.0
P567,2015-07-22,0.170000002,0.0
P567,2015-07-24,0.10500000150000001,1.0
P567,2015-07-29,0.200000003,0.0
P567,2015-07-30,0.150000006,1.0
P567,2015-07-31,0.129999995,0.0
P567,2015-08-07,0.119999997,1.0
P567,2015-08-10,0.129999995,0.0
P567,2015-08-20,0.100000001,1.0
P567,2015-08-25,0.02,1.0
P567,2015-08-28,0.03333333333333333,0.6666666666666666
P567,2015-08-30,0.07,0.0
P567,2015-09-01,0.119999997,0.0
P567,2015-09-02,0.170000002,1.0
P567,2015-09-04,0.100000001,0.0
P567,2015-09-09,0.029999999,1.0
P567,2015-09-15,0.150000006,0.0
P567,2015-09-20,0.029999999,0.0
P567,2015-09-28,0.129999995,1.0
P567,2015-09-30,0.059999999,0.0
P567,2015-10-09,0.029999999,1.0
P567,2015-10-12,0.180000007,1.0
P567,2015-10-14,0.0649999985,1.0
P567,2015-10-16,0.0950000025,0.5
P567,2015-10-17,0.0,1.0
P567,2015-10-20,0.039999999,0.0
P567,2015-10-22,0.25,1.0
P567,2015-10-25,0.25,0.0
P567,2015-10-26,0.086,0.4
P567,2015-10-30,0.029999999,0.0
P567,2015-11-03,0.119999997,0.0
P567,2015-11-10,0.039999999,0.0
P567,2015-11-15,0.029999999,1.0
P567,2015-11-18,0.0950000035,0.5
P567,2015-11-20,0.170000002,0.0
P567,2015-11-21,0.25,1.0
P567,2015-12-06,0.25,1.0
P567,2015-12-07,0.180000007,1.0
P567,2015-12-11,0.119999997,1.0
P567,2015-12-19,0.100000001,1.0
P567,2015-12-20,0.090000004,0.0
P567,2015-12-23,0.02,1.0
P567,2015-12-27,0.039999999,1.0
P567,2015-12-30,0.150000002,1.0
P567,2015-12-31,0.095000001,0.5
P567,2016-01-03,0.059999999,1.0
P567,2016-01-09,0.039999999,1.0
P567,2016-01-12,0.050000001,1.0
P567,2016-01-13,0.150000006,1.0
P567,2016-01-14,0.029999999,1.0
P567,2016-01-20,0.159999996,0.0
P567,2016-01-27,0.129999995,1.0
P567,2016-01-28,0.159999996,0.0
P567,2016-02-01,0.029999999,1.0
P567,2016-02-04,0.119999997,0.0
P567,2016-02-07,0.090000004,0.0
P567,2016-02-08,0.0,0.0
P567,2016-02-12,0.07,1.0
P567,2016-02-14,0.1000000015,0.5
P567,2016-02-15,0.039999999,0.0
P567,2016-02-17,0.07,1.0
P567,2016-02-19,0.200000003,1.0
P567,2016-02-20,0.07666666933333333,0.6666666666666666
P567,2016-02-22,0.055000002,0.5
P567,2016-02-24,0.059999999,0.0
P567,2016-03-04,0.050000001,1.0
P567,2016-03-07,0.159999996,1.0
P567,2016-03-08,0.150000006,0.0
P567,2016-03-14,0.039999999,1.0
P567,2016-03-16,0.029999999,0.0
P567,2016-03-17,0.180000007,0.0
P567,2016-03-23,0.200000003,1.0
P567,2016-04-01,0.25,1.0
P567,2016-04-03,0.059999999,1.0
P567,2016-04-04,0.100000001,0.0
P567,2016-04-06,0.25,0.0
P567,2016-04-21,0.02,0.0
P567,2016-04-22,0.12000000100000001,0.5
P567,2016-04-24,0.1499999985,1.0
P567,2016-04-25,0.1750000045,1.0
P567,2016-04-26,0.0,1.0
P567,2016-05-04,0.159999996,0.0
P567,2016-05-07,0.050000001,0.0
P567,2016-05-10,0.150000006,1.0
P567,2016-05-11,0.0749999975,0.0
P567,2016-05-13,0.0299999995,0.5
P567,2016-05-17,0.01,0.5
P567,2016-05-18,0.100000001,1.0
P567,2016-05-20,0.119999997,1.0
P567,2016-05-21,0.25,0.0
P567,2016-05-22,0.01,1.0
P567,2016-05-24,0.0,0.0
P567,2016-05-27,0.200000003,1.0
P567,2016-05-28,0.180000007,0.0
P567,2016-05-30,0.170000002,0.0
P567,2016-05-31,0.0,0.0
P567,2016-06-04,0.159999996,1.0
P567,2016-06-05,0.039999999,1.0
P567,2016-06-16,0.200000003,0.0
P567,2016-06-17,0.0249999995,1.0
P567,2016-06-22,0.25,1.0
P567,2016-06-28,0.1050000005,1.0
P567,2016-06-29,0.25,1.0
P567,2016-07-06,0.050000001,0.0
P567,2016-07-11,0.035,0.5
P567,2016-07-12,0.039999999,1.0
P567,2016-07-13,0.159999996,1.0
P567,2016-07-14,0.059999999,1.0
P567,2016-07-15,0.050000001,1.0
P567,2016-07-16,0.170000002,0.0
P567,2016-07-18,0.129999995,1.0
P567,2016-07-20,0.119999997,0.0
P567,2016-07-21,0.01,1.0
P567,2016-07-24,0.090000004,1.0
P567,2016-07-25,0.039999999,0.0
P567,2016-07-28,0.059999999,0.0
P567,2016-07-29,0.25,0.0
P567,2016-08-02,0.029999999,0.0
P567,2016-08-03,0.100000001,0.0
P567,2016-08-04,0.02,1.0
P567,2016-08-15,0.0,0.0
P567,2016-08-26,0.129999995,0.0
P567,2016-08-27,0.0,1.0
P567,2016-09-06,0.25,1.0
P567,2016-09-07,0.029999999,0.0
P567,2016-09-09,0.07,1.0
P567,2016-09-11,0.1799999995,1.0
P567,2016-09-17,0.170000002,0.0
P567,2016-09-18,0.02,0.0
P567,2016-09-21,0.0,0.0
P567,2016-09-26,0.200000003,0.0
P567,2016-10-06,0.01,1.0
P567,2016-10-11,0.155000001,0.5
P567,2016-10-14,0.0,1.0
P567,2016-10-15,0.16,0.5
P567,2016-10-16,0.170000002,1.0
P567,2016-10-19,0.150000006,1.0
P567,2016-10-20,0.1799999995,0.0
P567,2016-10-25,0.170000002,1.0
P567,2016-10-27,0.100000001,1.0
P567,2016-11-01,0.150000006,1.0
P567,2016-11-02,0.159999996,1.0
P567,2016-11-05,0.129999995,0.0
P567,2016-11-07,0.129999995,1.0
P567,2016-11-09,0.119999997,1.0
P567,2016-11-15,0.100000001,1.0
P567,2016-11-24,0.100000001,0.0
P567,2016-11-26,0.150000006,0.0
P567,2016-11-29,0.0699999985,0.5
P567,2016-12-05,0.08500000299999999,0.5
P567,2016-12-07,0.090000004,1.0
P567,2016-12-11,0.100000001,1.0
P567,2016-12-12,0.050000001,0.0
P567,2016-12-14,0.07,1.0
P567,2016-12-18,0.059999999,1.0
P567,2016-12-22,0.059999999,0.0
P567,2016-12-27,0.050000001,1.0
P567,2017-01-02,0.039999999,1.0
P567,2017-01-06,0.029999999,0.0
P567,2017-01-09,0.090000004,0.0
P567,2017-01-13,0.25,1.0
P567,2017-01-14,0.039999999,1.0
P567,2017-01-17,0.029999999,1.0
P567,2017-01-24,0.02,1.0
P567,2017-02-05,0.119999997,0.0
P567,2017-02-11,0.01,1.0
P567,2017-02-12,0.059999999,1.0
P567,2017-02-14,0.0,1.0
P567,2017-02-16,0.20000000299999998,1.0
P567,2017-02-24,0.200000003,1.0
P567,2017-02-26,0.02,1.0
P567,2017-03-03,0.100000001,0.0
P567,2017-03-13,0.200000003,0.0
P567,2017-03-14,0.180000007,0.0
P567,2017-03-18,0.119999997,0.0
P567,2017-03-20,0.170000002,1.0
P567,2017-03-26,0.110000003,1.0
P567,2017-03-28,0.039999999,1.0
P567,2017-04-01,0.059999999,1.0
P567,2017-04-06,0.159999996,1.0
P567,2017-04-07,0.150000006,0.0
P567,2017-04-10,0.129999995,1.0
P567,2017-04-12,0.0559999986,0.8
P572,2015-01-02,0.07,0.0
P572,2015-01-06,0.180000007,0.0
P572,2015-01-10,0.050000001,1.0
P572,2015-01-12,0.25,0.0
P572,2015-01-18,0.01,0.0
P572,2015-01-21,0.129999995,0.0
P572,2015-02-02,0.170000002,1.0
P572,2015-02-04,0.11000000066666667,0.6666666666666666
P572,2015-02-09,0.150000006,0.0
P572,2015-02-10,0.090000004,1.0
P572,2015-02-11,0.060000000500000004,0.0
P572,2015-02-13,0.180000007,0.0
P572,2015-02-15,0.170000002,1.0
P572,2015-02-20,0.159999996,1.0
P572,2015-02-21,0.109999999,0.5
P572,2015-02-22,0.0149999995,0.5
P572,2015-02-27,0.12999999875,1.0
P572,2015-03-03,0.129999995,1.0
P572,2015-03-08,0.029999999,0.0
P572,2015-03-09,0.25,0.0
P572,2015-03-10,0.159999996,0.0
P572,2015-03-12,0.155000001,1.0
P572,2015-03-13,0.129999995,0.0
P572,2015-03-15,0.090000004,0.0
P572,2015-03-19,0.200000003,1.0
P572,2015-03-24,0.029999999,1.0
P572,2015-03-30,0.170000002,1.0
P572,2015-04-02,0.170000002,1.0
P572,2015-04-06,0.15000000200000002,0.5
P572,2015-04-09,0.050000001,1.0
P572,2015-04-10,0.200000003,1.0
P572,2015-04-19,0.0,0.0
P572,2015-04-23,0.0850000005,0.5
P572,2015-04-26,0.129999995,1.0
P572,2015-04-29,0.18999999750000002,1.0
P572,2015-05-03,0.129999995,0.0
P572,2015-05-04,0.059999999,0.0
P572,2015-05-06,0.039999999,0.0
P572,2015-05-14,0.07,1.0
P572,2015-05-19,0.119999997,1.0
P572,2015-05-20,0.02,1.0
P572,2015-05-21,0.029999999,0.0
P572,2015-05-24,0.180000007,1.0
P572,2015-05-27,0.25,0.0
P572,2015-05-29,0.159999996,1.0
P572,2015-06-05,0.100000001,1.0
P572,2015-06-07,0.059999999,1.0
P572,2015-06-08,0.0950000035,0.5
P572,2015-06-11,0.125,0.5
P572,2015-06-12,0.050000001,1.0
P572,2015-06-13,0.090000004,0.0
P572,2015-06-19,0.02,1.0
P572,2015-06-20,0.01,1.0
P572,2015-06-21,0.25,0.0
P572,2015-06-22,0.07,0.0
P572,2015-06-23,0.119999997,1.0
P572,2015-06-26,0.200000003,1.0
P572,2015-06-30,0.119999997,0.0
P572,2015-07-03,0.055,0.5
P572,2015-07-06,0.200000003,0.0
P572,2015-07-11,0.159999996,1.0
P572,2015-07-13,0.02,0.0
P572,2015-07-16,0.115000001,0.0
P572,2015-07-18,0.150000006,0.0
P572,2015-07-19,0.059999999,1.0
P572,2015-07-25,0.029999999,0.0
P572,2015-07-26,0.100000001,1.0
P572,2015-07-29,0.170000002,1.0
P572,2015-07-30,0.07,0.0
P572,2015-08-02,0.150000006,1.0
P572,2015-08-08,0.150000006,0.0
P572,2015-08-09,0.029999999,0.0
P572,2015-08-11,0.02,1.0
P572,2015-08-13,0.150000006,0.0
P572,2015-08-14,0.08,0.5
P572,2015-08-16,0.029999999,1.0
P572,2015-08-17,0.090000004,1.0
P572,2015-08-19,0.02,0.0
P572,2015-08-20,0.159999996,1.0
P572,2015-08-23,0.150000006,0.0
P572,2015-08-26,0.12333333233333332,0.0
P572,2015-08-27,0.180000007,0.0
P572,2015-08-31,0.090000004,0.0
P572,2015-09-04,0.129999995,0.0
P572,2015-09-06,0.0,0.0
P572,2015-09-07,0.0,0.0
P572,2015-09-08,0.029999999,1.0
P572,2015-09-16,0.13333333266666667,0.3333333333333333
P572,2015-09-18,0.059999999,0.0
P572,2015-09-21,0.01,0.0
P572,2015-09-23,0.150000006,1.0
P572,2015-09-25,0.159999996,0.0
P572,2015-09-27,0.119999997,1.0
P572,2015-10-03,0.180000007,0.0
P572,2015-10-07,0.159999996,1.0
P572,2015-10-08,0.095000001,1.0
P572,2015-10-11,0.1350000015,1.0
P572,2015-10-13,0.02,1.0
P572,2015-10-17,0.150000006,1.0
P572,2015-10-22,0.25,0.0
P572,2015-10-27,0.029999999,0.0
P572,2015-10-29,0.164999999,0.5
P572,2015-10-30,0.0,1.0
P572,2015-10-31,0.129999995,0.0
P572,2015-11-06,0.1350000015,1.0
P572,2015-11-09,0.01,0.0
P572,2015-11-15,0.159999996,1.0
P572,2015-11-18,0.129999995,1.0
P572,2015-11-19,0.159999996,1.0
P572,2015-12-04,0.119999997,1.0
P572,2015-12-08,0.25,0.5
P572,2015-12-14,0.129999995,1.0
P572,2015-12-21,0.25,1.0
P572,2015-12-22,0.150000006,0.0
P572,2015-12-23,0.02,0.0
P572,2015-12-25,0.129999995,0.0
P572,2015-12-26,0.059999999,1.0
P572,2015-12-30,0.200000003,1.0
P572,2016-01-02,0.059999999,1.0
P572,2016-01-08,0.059999999,0.0
P572,2016-01-10,0.0649999995,0.5
P572,2016-01-25,0.180000007,1.0
P572,2016-01-26,0.0149999995,0.5
P572,2016-01-31,0.129999995,0.0
P572,2016-02-06,0.0,0.0
P572,2016-02-11,0.170000002,0.0
P572,2016-02-12,0.150000006,0.0
P572,2016-02-19,0.059999999,1.0
P572,2016-02-23,0.119999997,1.0
P572,2016-02-29,0.100000001,1.0
P572,2016-03-08,0.110000003,1.0
P572,2016-03-10,0.159999996,1.0
P572,2016-03-11,0.029999999,0.0
P572,2016-03-12,0.159999996,0.0
P572,2016-03-16,0.01,1.0
P572,2016-03-23,0.01,0.0
P572,2016-04-01,0.100000001,0.0
P572,2016-04-06,0.25,0.0
P572,2016-04-09,0.150000006,0.0
P572,2016-04-10,0.100000001,0.0
P572,2016-04-11,0.200000003,1.0
P572,2016-04-14,0.200000003,1.0
P572,2016-04-16,0.050000001,1.0
P572,2016-04-18,0.13333333266666667,0.6666666666666666
P572,2016-05-03,0.0550000005,0.0
P572,2016-05-07,0.25,0.0
P572,2016-05-11,0.044999999,0.5
P572,2016-05-15,0.0,0.0
P572,2016-05-17,0.100000001,0.0
P572,2016-05-18,0.059999999,0.0
P572,2016-05-19,0.090000004,0.0
P572,2016-05-21,0.030000000000000002,0.0
P572,2016-05-27,0.119999997,1.0
P572,2016-05-28,0.100000001,0.0
P572,2016-06-07,0.119999997,0.0
P572,2016-06-08,0.1750000045,0.0
P572,2016-06-11,0.100000001,0.0
P572,2016-06-12,0.1050000025,0.5
P572,2016-06-16,0.01,1.0
P572,2016-06-18,0.159999996,1.0
P572,2016-06-21,0.059999999,0.0
P572,2016-06-24,0.159999996,1.0
P572,2016-06-27,0.129999995,0.0
P572,2016-06-29,0.04,0.6666666666666666
P572,2016-07-02,0.159999996,1.0
P572,2016-07-10,0.180000007,1.0
P572,2016-07-14,0.059999999,1.0
P572,2016-07-15,0.02,1.0
P572,2016-07-20,0.039999999,0.0
P572,2016-07-22,0.170000002,0.0
P572,2016-07-24,0.01,0.0
P572,2016-07-28,0.150000006,1.0
P572,2016-07-30,0.25,1.0
P572,2016-07-31,0.170000002,1.0
P572,2016-08-06,0.090000004,1.0
P572,2016-08-15,0.01,0.0
P572,2016-08-17,0.1350000015,0.5
P572,2016-08-20,0.01,1.0
P572,2016-08-22,0.180000007,1.0
P572,2016-08-23,0.129999995,0.0
P572,2016-08-29,0.039999999,0.0
P572,2016-08-31,0.18666667233333334,0.6666666666666666
P572,2016-09-03,0.090000004,0.0
P572,2016-09-04,0.059999999,0.0
P572,2016-09-11,0.200000003,0.0
P572,2016-09-13,0.090000004,1.0
P572,2016-09-16,0.01,1.0
P572,2016-09-17,0.180000007,1.0
P572,2016-09-21,0.100000001,1.0
P572,2016-09-24,0.039999999,0.0
P572,2016-09-28,0.029999999,1.0
P572,2016-10-01,0.150000006,0.0
P572,2016-10-02,0.100000001,0.0
P572,2016-10-05,0.0,1.0
P572,2016-10-06,0.090000004,1.0
P572,2016-10-09,0.129999995,1.0
P572,2016-10-11,0.090000004,1.0
P572,2016-10-14,0.119999997,0.0
P572,2016-10-20,0.07,0.0
P572,2016-10-24,0.02,0.0
P572,2016-10-25,0.159999996,0.0
P572,2016-11-05,0.119999997,1.0
P572,2016-11-11,0.07,0.0
P572,2016-11-17,0.090000004,1.0
P572,2016-11-20,0.07,1.0
P572,2016-11-22,0.200000003,1.0
P572,2016-11-27,0.02,1.0
P572,2016-12-02,0.129999995,1.0
P572,2016-12-05,0.119999997,0.0
P572,2016-12-11,0.159999996,1.0
P572,2016-12-13,0.050000001,1.0
P572,2016-12-14,0.02,0.0
P572,2016-12-15,0.129999995,0.0
P572,2016-12-16,0.119999997,0.0
P572,2016-12-20,0.0,0.0
P572,2016-12-22,0.25,1.0
P572,2016-12-26,0.039999999,1.0
P572,2016-12-28,0.039999999,1.0
P572,2016-12-29,0.02,1.0
P572,2017-01-09,0.02,1.0
P572,2017-01-14,0.0,0.0
P572,2017-01-17,0.01,0.0
P572,2017-01-26,0.0550000005,1.0
P572,2017-01-30,0.200000003,0.0
P572,2017-01-31,0.02,1.0
P572,2017-02-06,0.07,1.0
P572,2017-02-07,0.02,1.0
P572,2017-02-08,0.029999999,0.0
P572,2017-02-09,0.119999997,1.0
P572,2017-02-12,0.100000001,1.0
P572,2017-02-16,0.180000007,0.0
P572,2017-02-18,0.170000002,0.0
P572,2017-02-20,0.100000001,0.0
P572,2017-02-23,0.050000001,1.0
P572,2017-02-24,0.25,0.0
P572,2017-02-25,0.1750000045,1.0
P572,2017-02-27,0.1400000005,0.5
P572,2017-03-01,0.200000003,1.0
P572,2017-03-02,0.129999995,1.0
P572,2017-03-12,0.1000000005,1.0
P572,2017-03-14,0.100000001,1.0
P572,2017-03-15,0.050000001,0.0
P572,2017-03-19,0.25,1.0
P572,2017-03-24,0.100000001,1.0
P572,2017-03-28,0.25,0.0
P572,2017-03-30,0.100000001,0.0
P572,2017-03-31,0.050000001,0.0
P572,2017-04-07,0.07,1.0
P572,2017-04-08,0.039999999,1.0
P572,2017-04-09,0.0,1.0
P572,2017-04-10,0.129999995,0.0
P572,2017-04-12,0.050000001,1.0
P572,2017-04-13,0.119999997,0.0
P572,2017-04-18,0.129999995,0.0
P607,2017-04-25,0.159999996,0.0
P607,2017-04-27,0.124999996,0.5
P607,2017-04-28,0.0950000025,1.0
P607,2017-04-29,0.07,1.0
P607,2017-05-01,0.055,0.5
P607,2017-05-02,0.039999999,1.0
P607,2017-05-07,0.02,0.0
P607,2017-05-08,0.01,0.0
P607,2017-05-09,0.125,0.5
P607,2017-05-11,0.200000003,0.0
P607,2017-05-12,0.180000007,0.0
P607,2017-05-13,0.170000002,0.0
P607,2017-05-14,0.150000006,1.0
P607,2017-05-20,0.119999997,1.0
P607,2017-05-21,0.100000001,1.0
P607,2017-05-23,0.039999999,1.0
P607,2017-05-24,0.02,1.0
P607,2017-05-25,0.01,0.0
P607,2017-05-29,0.25,0.0
P607,2017-05-30,0.200000003,1.0
P607,2017-06-02,0.16000000133333334,0.0
P607,2017-06-07,0.029999999,1.0
P607,2017-06-08,0.25,0.0
P607,2017-06-10,0.200000003,1.0
P607,2017-06-16,0.170000002,1.0
P607,2017-06-19,0.159999996,1.0
P607,2017-06-20,0.150000006,1.0
P607,2017-07-03,0.07,1.0
P607,2017-07-04,0.059999999,0.0
P607,2017-07-06,0.039999999,0.0
P607,2017-07-08,0.02,1.0
P607,2017-07-12,0.13,1.0
P607,2017-07-13,0.200000003,1.0
P607,2017-07-15,0.1750000045,1.0
P607,2017-07-24,0.08666666833333332,0.6666666666666666
P607,2017-07-30,0.029999999333333333,0.6666666666666666
P607,2017-08-01,0.01,0.0
P607,2017-08-02,0.0,0.0
P607,2017-08-04,0.18333333733333335,0.3333333333333333
P607,2017-08-05,0.159999996,1.0
P607,2017-08-06,0.129999995,0.0
P607,2017-08-10,0.100000001,1.0
P607,2017-08-11,0.090000004,1.0
P607,2017-08-12,0.07,1.0
P607,2017-08-17,0.055,0.5
P607,2017-08-18,0.039999999,1.0
P607,2017-08-19,0.0249999995,0.0
P607,2017-08-20,0.01,1.0
P607,2017-08-21,0.125,0.5
P607,2017-08-23,0.170000002,1.0
P607,2017-08-26,0.159999996,1.0
P607,2017-08-28,0.0950000025,1.0
P607,2017-08-29,0.0649999995,1.0
P607,2017-08-31,0.039999999,0.0
P607,2017-09-03,0.01,0.0
P607,2017-09-07,0.1650000065,1.0
P607,2017-09-08,0.129999995,1.0
P625,2017-04-23,0.059999999,1.0
P625,2017-04-25,0.200000003,0.0
P625,2017-04-26,0.25,0.0
P625,2017-04-30,0.150000006,1.0
P625,2017-05-02,0.0,1.0
P625,2017-05-03,0.100000001,1.0
P625,2017-05-04,0.129999995,0.0
P625,2017-05-06,0.129999995,0.0
P625,2017-05-09,0.0,1.0
P625,2017-05-10,0.200000003,1.0
P625,2017-05-11,0.02,0.0
P625,2017-05-13,0.129999995,1.0
P625,2017-05-16,0.050000001,0.0
P625,2017-05-22,0.029999999,0.0
P625,2017-05-24,0.200000003,0.0
P625,2017-05-25,0.07,0.0
P625,2017-05-26,0.039999999,0.0
P625,2017-05-27,0.04999999966666666,0.3333333333333333
P625,2017-05-28,0.150000006,0.0
P625,2017-05-30,0.01,0.0
P625,2017-06-04,0.029999999,1.0
P625,2017-06-06,0.200000003,1.0
P625,2017-06-07,0.170000002,1.0
P625,2017-06-08,0.170000002,1.0
P625,2017-06-10,0.029999999,0.0
P625,2017-06-12,0.07,1.0
P625,2017-06-13,0.100000001,1.0
P625,2017-06-14,0.01,0.0
P625,2017-06-15,0.059999999,1.0
P625,2017-06-17,0.129999995,0.0
P625,2017-06-19,0.159999996,1.0
P625,2017-06-22,0.159999996,0.0
P625,2017-06-23,0.090000004,0.0
P625,2017-06-25,0.125,0.5
P625,2017-06-27,0.119999997,0.0
P625,2017-07-03,0.150000006,0.0
P625,2017-07-10,0.119999997,1.0
P625,2017-07-11,0.159999996,0.0
P625,2017-07-12,0.029999999,1.0
P625,2017-07-20,0.090000004,0.0
P625,2017-07-25,0.07,1.0
P625,2017-08-01,0.170000002,1.0
P625,2017-08-10,0.2250000015,0.5
P625,2017-08-11,0.180000007,0.0
P625,2017-08-16,0.07,0.0
P625,2017-08-18,0.0299999995,0.5
P625,2017-08-19,0.089999998,0.5
P625,2017-08-21,0.129999995,1.0
P625,2017-08-22,0.02,1.0
P625,2017-08-24,0.0,0.0
P625,2017-08-26,0.039999999,0.0
P625,2017-08-28,0.13500000150000002,0.5
P625,2017-08-30,0.110000003,1.0
P625,2017-09-05,0.170000002,1.0
P625,2017-09-10,0.180000007,1.0
P627,2015-01-01,0.0899999994,0.8
P627,2015-01-02,0.08615384576923077,0.3076923076923077
P627,2015-01-03,0.07181818245454545,0.6363636363636364
P627,2015-01-04,0.13529411888235296,0.47058823529411764
P627,2015-01-05,0.11214285728571428,0.5714285714285714
P627,2015-01-06,0.11727272718181818,0.45454545454545453
P627,2015-01-07,0.0953846156923077,0.5384615384615384
P627,2015-01-08,0.07428571542857143,0.7142857142857143
P627,2015-01-09,0.0780000014,0.4
P627,2015-01-10,0.0439999994,0.4
P627,2015-01-11,0.041249999125,0.5
P627,2015-01-12,0.07909090918181817,0.6363636363636364
P627,2015-01-13,0.158333335,0.5
P627,2015-01-14,0.143000003,0.5
P627,2015-01-15,0.15666666608333332,0.4166666666666667
P627,2015-01-16,0.09642857207142856,0.5714285714285714
P627,2015-01-17,0.05090909109090909,0.5454545454545454
P627,2015-01-18,0.05999999983333334,0.4444444444444444
P627,2015-01-19,0.16300000139999998,0.7
P627,2015-01-20,0.15166666816666666,0.5833333333333334
P627,2015-01-21,0.10750000058333332,0.5833333333333334
P627,2015-01-22,0.10411764811764705,0.5294117647058824
P627,2015-01-23,0.08916666583333333,0.5833333333333334
P627,2015-01-24,0.0579999998,0.5
P627,2015-01-25,0.0350000003,0.7
P627,2015-01-26,0.13538461653846154,0.5384615384615384
P627,2015-01-27,0.13333333416666668,0.6666666666666666
P627,2015-01-28,0.11399999970000001,0.4
P627,2015-01-29,0.06999999966666666,0.6666666666666666
P627,2015-01-30,0.10777777911111112,0.7777777777777778
P627,2015-01-31,0.08454545509090909,0.5454545454545454
P627,2015-02-01,0.11307692338461539,0.38461538461538464
P627,2015-02-02,0.043333333499999994,1.0
P627,2015-02-03,0.128000001,0.7
P627,2015-02-04,0.10733333406666667,0.4666666666666667
P627,2015-02-05,0.06214285621428572,0.42857142857142855
P627,2015-02-06,0.08909091054545454,0.45454545454545453
P627,2015-02-07,0.14000000106666668,0.7333333333333333
P627,2015-02-08,0.0999999996,0.8
P627,2015-02-09,0.11444444266666667,0.6666666666666666
P627,2015-02-10,0.14333333433333334,0.4444444444444444
P627,2015-02-11,0.06692307776923077,0.46153846153846156
P627,2015-02-12,0.041249999125,0.625
P627,2015-02-13,0.10818181827272727,0.7272727272727273
P627,2015-02-14,0.110000001,0.4
P627,2015-02-15,0.11611111183333334,0.8333333333333334
P627,2015-02-16,0.11153846230769232,0.5384615384615384
P627,2015-02-17,0.07799999973333334,0.5333333333333333
P627,2015-02-18,0.05222222211111111,0.5555555555555556
P627,2015-02-19,0.1323076936153846,0.5384615384615384
P627,2015-02-20,0.11200000189999999,0.8
P627,2015-02-21,0.09133333313333333,0.26666666666666666
P627,2015-02-22,0.09833333366666668,0.16666666666666666
P627,2015-02-23,0.09285714342857143,0.5714285714285714
P627,2015-02-24,0.10000000042857142,0.5714285714285714
P627,2015-02-25,0.10466666713333334,0.4
P627,2015-02-26,0.09538461576923077,0.6153846153846154
P627,2015-02-27,0.0870000004,0.5
P627,2015-02-28,0.10500000164285715,0.7857142857142857
P627,2015-03-01,0.13444444511111112,0.7777777777777778
P627,2015-03-02,0.09727272727272727,0.7272727272727273
P627,2015-03-03,0.0928571437142857,0.5714285714285714
P627,2015-03-04,0.061666666611111115,0.6666666666666666
P627,2015-03-05,0.12200000159999999,0.4
P627,2015-03-06,0.1160000006,0.7
P627,2015-03-07,0.10571428585714286,0.5714285714285714
P627,2015-03-08,0.04999999985714286,0.5
P627,2015-03-09,0.07500000041666667,0.8333333333333334
P627,2015-03-10,0.11000000075,0.5833333333333334
P627,2015-03-11,0.1418181839090909,0.09090909090909091
P627,2015-03-12,0.1566666678888889,0.5555555555555556
P627,2015-03-13,0.12538461576923077,0.7692307692307693
P627,2015-03-14,0.0739999995,0.8
P627,2015-03-15,0.07666666800000001,0.5
P627,2015-03-16,0.03285714257142857,0.5714285714285714
P627,2015-03-17,0.09666666733333333,0.4166666666666667
P627,2015-03-18,0.10461538476923077,0.38461538461538464
P627,2015-03-19,0.13833333416666668,0.6666666666666666
P627,2015-03-20,0.092500000625,0.375
P627,2015-03-21,0.12357142935714285,0.5
P627,2015-03-22,0.10000000014285715,0.5714285714285714
P627,2015-03-23,0.0799999994,0.2
P627,2015-03-24,0.0829999991,0.5
P627,2015-03-25,0.07750000041666667,0.3333333333333333
P627,2015-03-26,0.12538461723076924,0.5384615384615384
P627,2015-03-27,0.12727272690909092,0.36363636363636365
P627,2015-03-28,0.1068750006875,0.5625
P627,2015-03-29,0.06866666693333334,0.4666666666666667
P627,2015-03-30,0.12083333483333335,0.4166666666666667
P627,2015-03-31,0.1322222217777778,0.0
P627,2015-04-01,0.08307692284615385,0.46153846153846156
P627,2015-04-02,0.08000000075,0.375
P627,2015-04-03,0.052857143142857145,0.5714285714285714
P627,2015-04-04,0.07399999980000001,0.6
P627,2015-04-05,0.0890000011,0.8
P627,2015-04-06,0.13727272854545455,0.5454545454545454
P627,2015-04-07,0.11499999837500001,0.375
P627,2015-04-08,0.09666666722222222,0.6666666666666666
P627,2015-04-09,0.11000000053846154,0.3076923076923077
P627,2015-04-10,0.08800000066666666,0.6
P627,2015-04-11,0.025714285142857143,0.2857142857142857
P627,2015-04-12,0.10166666816666665,0.5
P627,2015-04-13,0.15888888955555555,0.7777777777777778
P627,2015-04-14,0.1384615393076923,0.6153846153846154
P627,2015-04-15,0.1190000004,0.7
P627,2015-04-16,0.11999999966666668,0.5
P627,2015-04-17,0.072499999625,0.875
P627,2015-04-18,0.05250000033333333,0.6666666666666666
P627,2015-04-19,0.0740000001,0.7
P627,2015-04-20,0.087500000875,0.625
P627,2015-04-21,0.07714285785714285,0.42857142857142855
P627,2015-04-22,0.13999999992857143,0.5
P627,2015-04-23,0.1450000022,0.7
P627,2015-04-24,0.08933333446666666,0.3333333333333333
P627,2015-04-25,0.105999998,0.6
P627,2015-04-26,0.132857143,0.2857142857142857
P627,2015-04-27,0.11636363781818182,0.8181818181818182
P627,2015-04-28,0.0487499995,0.75
P627,2015-04-29,0.095882354,0.5294117647058824
P627,2015-04-30,0.09769230853846154,0.7692307692307693
P627,2015-05-01,0.13083333408333334,0.3333333333333333
P627,2015-05-02,0.11727272727272728,0.36363636363636365
P627,2015-05-03,0.12727272845454546,0.5454545454545454
P627,2015-05-04,0.0966666665,0.75
P627,2015-05-05,0.05428571457142857,0.5714285714285714
P627,2015-05-06,0.07666666727777777,0.4444444444444444
P627,2015-05-07,0.10500000042857142,0.8571428571428571
P627,2015-05-08,0.12600000090000002,0.8
P627,2015-05-09,0.15555555777777777,0.6666666666666666
P627,2015-05-10,0.10249999975,0.625
P627,2015-05-11,0.12818181881818183,0.6363636363636364
P627,2015-05-12,0.12142857214285716,0.7142857142857143
P627,2015-05-13,0.07727272645454546,0.45454545454545453
P627,2015-05-14,0.07153846207692308,0.8461538461538461
P627,2015-05-15,0.0289999995,0.5
P627,2015-05-16,0.12400000060000001,0.6
P627,2015-05-17,0.13000000110526316,0.3684210526315789
P627,2015-05-18,0.13083333316666668,0.4166666666666667
P627,2015-05-19,0.0925000015,0.4166666666666667
P627,2015-05-20,0.0750000002,0.5
P627,2015-05-21,0.0649999995,0.6666666666666666
P627,2015-05-22,0.1010000007,0.5
P627,2015-05-23,0.089999999625,0.375
P627,2015-05-24,0.160000001,0.875
P627,2015-05-25,0.13428571607142856,0.42857142857142855
P627,2015-05-26,0.08499999892857144,0.5714285714285714
P627,2015-05-27,0.06500000019999999,0.7
P627,2015-05-28,0.10181818327272728,0.6363636363636364
P627,2015-05-29,0.09833333366666668,0.3333333333333333
P627,2015-05-30,0.09117647064705882,0.5882352941176471
P627,2015-05-31,0.12142857214285716,0.5714285714285714
P627,2015-06-01,0.090000001125,0.5
P627,2015-06-02,0.08923076984615384,0.5384615384615384
P627,2015-06-03,0.1050000002,0.5
P627,2015-06-04,0.10357142885714286,0.5714285714285714
P627,2015-06-05,0.07888888899999999,0.6666666666666666
P627,2015-06-06,0.09000000116666666,0.3333333333333333
P627,2015-06-07,0.11428571471428572,0.7142857142857143
P627,2015-06-08,0.12666666855555556,0.3333333333333333
P627,2015-06-09,0.152000001,0.6
P627,2015-06-10,0.155714285,0.5714285714285714
P627,2015-06-11,0.10818181927272728,0.2727272727272727
P627,2015-06-12,0.07666666658333333,0.4166666666666667
P627,2015-06-13,0.10499999900000001,0.16666666666666666
P627,2015-06-14,0.07285714328571428,0.42857142857142855
P627,2015-06-15,0.12181818300000001,0.36363636363636365
P627,2015-06-16,0.0818749994375,0.625
P627,2015-06-17,0.11000000154545454,0.36363636363636365
P627,2015-06-18,0.09818181818181819,0.2727272727272727
P627,2015-06-19,0.1140000019,0.6
P627,2015-06-20,0.09285714142857142,0.8571428571428571
P627,2015-06-21,0.15250000225000002,0.6666666666666666
P627,2015-06-22,0.10857142871428571,0.42857142857142855
P627,2015-06-23,0.0839999998,0.2
P627,2015-06-24,0.04916666733333333,0.16666666666666666
P627,2015-06-25,0.043749999000000005,0.375
P627,2015-06-26,0.13285714385714284,0.7142857142857143
P627,2015-06-27,0.14428571585714287,0.7142857142857143
P627,2015-06-28,0.13538461615384614,0.6153846153846154
P627,2015-06-29,0.114375000625,0.5
P627,2015-06-30,0.06642857135714286,0.6428571428571429
P627,2015-07-01,0.08416666691666667,0.6666666666666666
P627,2015-07-02,0.09111111222222222,0.4444444444444444
P627,2015-07-03,0.14100000110000002,0.7
P627,2015-07-04,0.033749999249999996,0.5
P627,2015-07-05,0.152857144,0.7142857142857143
P627,2015-07-06,0.13333333133333333,0.8333333333333334
P627,2015-07-07,0.118333336,0.6666666666666666
P627,2015-07-08,0.0763157892631579,0.631578947368421
P627,2015-07-09,0.0787500009375,0.4375
P627,2015-07-10,0.11666666733333333,0.5333333333333333
P627,2015-07-11,0.07250000025,0.75
P627,2015-07-12,0.11727272845454545,0.5454545454545454
P627,2015-07-13,0.09749999825,0.5
P627,2015-07-14,0.106000001,0.6
P627,2015-07-15,0.08181818172727273,0.36363636363636365
P627,2015-07-16,0.11888889022222221,0.4444444444444444
P627,2015-07-17,0.125000001,0.75
P627,2015-07-18,0.087499999125,0.625
P627,2015-07-19,0.07333333333333333,0.3333333333333333
P627,2015-07-20,0.12142857271428571,0.5714285714285714
P627,2015-07-21,0.09380952447619048,0.5238095238095238
P627,2015-07-22,0.16285714335714285,0.8571428571428571
P627,2015-07-23,0.14285714585714285,0.5714285714285714
P627,2015-07-24,0.11076923046153847,0.6153846153846154
P627,2015-07-25,0.061176470647058834,0.29411764705882354
P627,2015-07-26,0.09000000076923077,0.46153846153846156
P627,2015-07-27,0.117499999875,0.75
P627,2015-07-28,0.09384615523076924,0.23076923076923078
P627,2015-07-29,0.13,0.6666666666666666
P627,2015-07-30,0.0779999998,0.6
P627,2015-07-31,0.08833333316666665,0.5
P627,2015-08-01,0.11000000227272727,0.5454545454545454
P627,2015-08-02,0.078749999375,0.75
P627,2015-08-03,0.1040000002,0.5
P627,2015-08-04,0.123750002,0.5
P627,2015-08-05,0.110000000375,0.625
P627,2015-08-06,0.09600000119999999,1.0
P627,2015-08-07,0.09699999990000001,0.6
P627,2015-08-08,0.09769230823076923,0.3076923076923077
P627,2015-08-09,0.09363636299999999,0.5454545454545454
P627,2015-08-10,0.0646666674,0.5333333333333333
P627,2015-08-11,0.10076923138461538,0.6153846153846154
P627,2015-08-12,0.13416666816666667,0.5
P627,2015-08-13,0.15249999966666666,0.5833333333333334
P627,2015-08-14,0.10833333433333332,0.16666666666666666
P627,2015-08-15,0.09666666688888889,0.7777777777777778
P627,2015-08-16,0.0799999997,0.4
P627,2015-08-17,0.04777777777777778,0.6666666666666666
P627,2015-08-18,0.0881818180909091,0.7272727272727273
P627,2015-08-19,0.11636363854545455,0.7272727272727273
P627,2015-08-20,0.11285714300000001,0.42857142857142855
P627,2015-08-21,0.13000000126666666,0.6
P627,2015-08-22,0.10647058864705883,0.7647058823529411
P627,2015-08-23,0.0999999998,0.6
P627,2015-08-24,0.0750000004,0.4
P627,2015-08-25,0.12222222222222223,0.4444444444444444
P627,2015-08-26,0.06444444511111111,0.6666666666666666
P627,2015-08-27,0.09166666750000001,0.6666666666666666
P627,2015-08-28,0.13142857157142857,0.7142857142857143
P627,2015-08-29,0.081666666,0.3333333333333333
P627,2015-08-30,0.10444444511111112,0.7777777777777778
P627,2015-08-31,0.13875000275,0.25
P627,2015-09-01,0.08666666466666667,0.3333333333333333
P627,2015-09-02,0.10222222177777779,0.2222222222222222
P627,2015-09-03,0.0840000007,0.8
P627,2015-09-04,0.08818181863636364,0.5454545454545454
P627,2015-09-05,0.08461538515384616,0.6923076923076923
P627,2015-09-06,0.12307692461538461,0.5384615384615384
P627,2015-09-07,0.10999999994117647,0.5294117647058824
P627,2015-09-08,0.15666666733333334,0.6666666666666666
P627,2015-09-09,0.11750000075,0.5833333333333334
P627,2015-09-10,0.10999999916666665,0.8333333333333334
P627,2015-09-11,0.111250002875,0.625
P627,2015-09-12,0.07470588205882353,0.5294117647058824
P627,2015-09-13,0.026923076384615385,0.5384615384615384
P627,2015-09-14,0.12818181954545455,0.45454545454545453
P627,2015-09-15,0.15500000228571428,0.6428571428571429
P627,2015-09-16,0.12916666608333335,0.5
P627,2015-09-17,0.07818181827272727,0.36363636363636365
P627,2015-09-18,0.11750000091666667,0.75
P627,2015-09-19,0.06714285728571429,0.5
P627,2015-09-20,0.1381818200909091,0.6363636363636364
P627,2015-09-21,0.066,0.4
P627,2015-09-22,0.092499999875,0.625
P627,2015-09-23,0.10714285642857144,0.42857142857142855
P627,2015-09-24,0.07875000025000001,0.4375
P627,2015-09-25,0.04166666733333333,0.6666666666666666
P627,2015-09-26,0.12916666766666665,0.3333333333333333
P627,2015-09-27,0.13785714392857143,0.7142857142857143
P627,2015-09-28,0.11666666733333335,0.6666666666666666
P627,2015-09-29,0.1310000009,0.8
P627,2015-09-30,0.06153846130769231,0.6153846153846154
P627,2015-10-01,0.11200000073333333,0.5333333333333333
P627,2015-10-02,0.07818181827272729,0.6363636363636364
P627,2015-10-03,0.10599999959999999,0.6
P627,2015-10-04,0.08357142878571429,0.7142857142857143
P627,2015-10-05,0.07333333344444444,0.6666666666666666
P627,2015-10-06,0.13000000157142858,0.35714285714285715
P627,2015-10-07,0.0649999992,0.9
P627,2015-10-08,0.15000000275,0.5
P627,2015-10-09,0.14571428564285713,0.5714285714285714
P627,2015-10-10,0.09000000058333334,0.5833333333333334
P627,2015-10-11,0.066153846,0.46153846153846156
P627,2015-10-12,0.09285714342857143,0.7142857142857143
P627,2015-10-13,0.10384615461538461,0.6153846153846154
P627,2015-10-14,0.1423076933076923,0.8461538461538461
P627,2015-10-15,0.05666666677777778,0.6666666666666666
P627,2015-10-16,0.08400000120000001,0.4
P627,2015-10-17,0.09399999960000001,0.4
P627,2015-10-18,0.0960000001,0.5
P627,2015-10-19,0.10769230838461538,0.6153846153846154
P627,2015-10-20,0.135000001,1.0
P627,2015-10-21,0.11333333413333334,0.4
P627,2015-10-22,0.08363636409090909,0.5454545454545454
P627,2015-10-23,0.12400000019999999,0.6
P627,2015-10-24,0.11916666733333332,0.5833333333333334
P627,2015-10-25,0.09545454590909092,0.6363636363636364
P627,2015-10-26,0.08117647052941176,0.35294117647058826
P627,2015-10-27,0.0550000005,0.6666666666666666
P627,2015-10-28,0.08750000075,0.625
P627,2015-10-29,0.091818183,0.8181818181818182
P627,2015-10-30,0.10571428628571429,0.5
P627,2015-10-31,0.14333333422222222,0.5555555555555556
P627,2015-11-01,0.12692307753846155,0.38461538461538464
P627,2015-11-02,0.09888889077777778,0.5555555555555556
P627,2015-11-03,0.10428571271428573,0.5714285714285714
P627,2015-11-04,0.10666666786666666,0.6666666666666666
P627,2015-11-05,0.057333332933333335,0.5333333333333333
P627,2015-11-06,0.1275000010625,0.375
P627,2015-11-07,0.0949999995,0.3333333333333333
P627,2015-11-08,0.121250000625,0.375
P627,2015-11-09,0.05416666691666666,0.3333333333333333
P627,2015-11-10,0.11666666716666667,0.8333333333333334
P627,2015-11-11,0.15083333499999999,0.5833333333333334
P627,2015-11-12,0.1181818180909091,0.18181818181818182
P627,2015-11-13,0.06333333386666666,0.5333333333333333
P627,2015-11-14,0.09111111200000001,0.7777777777777778
P627,2015-11-15,0.0692307696923077,0.38461538461538464
P627,2015-11-16,0.09833333366666668,0.5833333333333334
P627,2015-11-17,0.11285714392857142,0.5
P627,2015-11-18,0.14272727400000002,0.7272727272727273
P627,2015-11-19,0.09571428642857142,0.5714285714285714
P627,2015-11-20,0.08846153815384615,0.46153846153846156
P627,2015-11-21,0.060000000399999996,0.6
P627,2015-11-22,0.12444444455555555,0.6666666666666666
P627,2015-11-23,0.058750001,0.625
P627,2015-11-24,0.09615384646153848,0.46153846153846156
P627,2015-11-25,0.1550000016,0.6
P627,2015-11-26,0.10250000125,0.5
P627,2015-11-27,0.1569230773076923,0.6153846153846154
P627,2015-11-28,0.0783333338888889,0.5555555555555556
P627,2015-11-29,0.08454545381818182,0.7272727272727273
P627,2015-11-30,0.10250000141666667,0.5833333333333334
P627,2015-12-01,0.12166666858333335,0.3333333333333333
P627,2015-12-02,0.11444444411111111,0.5555555555555556
P627,2015-12-03,0.06714285707142857,0.5714285714285714
P627,2015-12-04,0.0964285722142857,0.6428571428571429
P627,2015-12-05,0.1236363649090909,0.8181818181818182
P627,2015-12-06,0.1089999989,0.3
P627,2015-12-07,0.04857142828571429,1.0
P627,2015-12-08,0.0887500018125,0.6875
P627,2015-12-09,0.1719999998,0.4
P627,2015-12-10,0.1099999988,0.4
P627,2015-12-11,0.087142859,0.42857142857142855
P627,2015-12-12,0.10923076969230769,0.38461538461538464
P627,2015-12-13,0.08923076923076924,0.46153846153846156
P627,2015-12-14,0.09214285757142858,0.5714285714285714
P627,2015-12-15,0.10000000045454546,0.45454545454545453
P627,2015-12-16,0.14777777877777776,0.4444444444444444
P627,2015-12-17,0.1354545470909091,0.45454545454545453
P627,2015-12-18,0.09187500025,0.375
P627,2015-12-19,0.058749999875,0.625
P627,2015-12-20,0.07999999890000001,0.5
P627,2015-12-21,0.11823529588235294,0.47058823529411764
P627,2015-12-22,0.0800000012,0.4
P627,2015-12-23,0.0974999985,0.875
P627,2015-12-24,0.10500000050000001,0.4166666666666667
P627,2015-12-25,0.1210000011,0.7
P627,2015-12-26,0.10500000075,0.5625
P627,2015-12-27,0.07749999958333333,0.5
P627,2015-12-28,0.050000000700000005,0.3
P627,2015-12-29,0.14250000166666668,0.5
P627,2015-12-30,0.11250000075,0.75
P627,2015-12-31,0.12363636418181817,0.5454545454545454
P627,2016-01-01,0.10166666658333334,0.5
P627,2016-01-02,0.05461538423076923,0.7692307692307693
P627,2016-01-03,0.105454546,0.36363636363636365
P627,2016-01-04,0.06666666773333334,0.4
P627,2016-01-05,0.14727272854545453,0.45454545454545453
P627,2016-01-06,0.1609090910909091,0.9090909090909091
P627,2016-01-07,0.12500000049999999,0.5
P627,2016-01-08,0.10181818190909091,0.6363636363636364
P627,2016-01-09,0.08000000036363636,0.36363636363636365
P627,2016-01-10,0.039230769461538466,0.5384615384615384
P627,2016-01-11,0.088888889,0.5555555555555556
P627,2016-01-12,0.14300000159999998,0.5
P627,2016-01-13,0.15666666816666666,0.16666666666666666
P627,2016-01-14,0.11636363718181819,0.6363636363636364
P627,2016-01-15,0.11428571485714287,0.2857142857142857
P627,2016-01-16,0.0930000005,0.7
P627,2016-01-17,0.13714285714285715,0.5714285714285714
P627,2016-01-18,0.09600000160000001,0.6
P627,2016-01-19,0.06642857135714285,0.7142857142857143
P627,2016-01-20,0.05999999983333334,0.75
P627,2016-01-21,0.09416666766666666,0.5
P627,2016-01-22,0.13777777777777778,0.5555555555555556
P627,2016-01-23,0.115000000375,0.625
P627,2016-01-24,0.156250002375,0.75
P627,2016-01-25,0.08928571357142857,0.35714285714285715
P627,2016-01-26,0.06636363672727273,0.5454545454545454
P627,2016-01-27,0.13818181936363635,0.45454545454545453
P627,2016-01-28,0.11666666883333333,0.3333333333333333
P627,2016-01-29,0.1570000014,0.6
P627,2016-01-30,0.11090909145454546,0.45454545454545453
P627,2016-01-31,0.09307692330769231,0.6153846153846154
P627,2016-02-01,0.09000000075,0.75
P627,2016-02-02,0.07749999933333333,0.6666666666666666
P627,2016-02-03,0.08666666755555556,0.6666666666666666
P627,2016-02-04,0.1380000026,0.2
P627,2016-02-05,0.085000000375,0.375
P627,2016-02-06,0.121250001125,0.625
P627,2016-02-07,0.133749999875,0.375
P627,2016-02-08,0.07916666625,0.5833333333333334
P627,2016-02-09,0.092727273,0.45454545454545453
P627,2016-02-10,0.13384615576923078,0.5384615384615384
P627,2016-02-11,0.137142857,0.42857142857142855
P627,2016-02-12,0.07333333183333333,0.6666666666666666
P627,2016-02-13,0.05333333411111111,0.8888888888888888
P627,2016-02-14,0.1225000005,0.75
P627,2016-02-15,0.13777777833333332,0.7777777777777778
P627,2016-02-16,0.1220000006,0.6
P627,2016-02-17,0.057999999499999996,0.4
P627,2016-02-18,0.126250000875,0.75
P627,2016-02-19,0.09249999991666667,0.5
P627,2016-02-20,0.12375000162500001,0.5
P627,2016-02-21,0.10111111255555555,0.4444444444444444
P627,2016-02-22,0.10181818227272728,0.45454545454545453
P627,2016-02-23,0.050909090454545454,0.7272727272727273
P627,2016-02-24,0.1145454559090909,0.7272727272727273
P627,2016-02-25,0.12714285714285714,0.42857142857142855
P627,2016-02-26,0.11750000175000001,0.5833333333333334
P627,2016-02-27,0.10222222194444444,0.5
P627,2016-02-28,0.11769230930769231,0.38461538461538464
P627,2016-02-29,0.07857142842857143,0.5
P627,2016-03-01,0.0726666668,0.5333333333333333
P627,2016-03-02,0.1600000016,0.4
P627,2016-03-03,0.12818181981818183,0.5454545454545454
P627,2016-03-04,0.0841666665,0.4166666666666667
P627,2016-03-05,0.08888888877777777,0.6666666666666666
P627,2016-03-06,0.0649999996,0.7
P627,2016-03-07,0.11454545645454545,0.8181818181818182
P627,2016-03-08,0.1220000006,0.8
P627,2016-03-09,0.12000000000000001,0.6153846153846154
P627,2016-03-10,0.07923077061538461,0.6153846153846154
P627,2016-03-11,0.12000000100000001,0.6666666666666666
P627,2016-03-12,0.09750000158333333,0.8333333333333334
P627,2016-03-13,0.1400000015,0.875
P627,2016-03-14,0.09249999850000001,0.5
P627,2016-03-15,0.07249999975,0.375
P627,2016-03-16,0.0700000018,0.4
P627,2016-03-17,0.12400000060000001,0.8
P627,2016-03-18,0.08400000073333333,0.4
P627,2016-03-19,0.0500000008,0.6
P627,2016-03-20,0.13000000055555555,0.8888888888888888
P627,2016-03-21,0.1275,0.5
P627,2016-03-22,0.13846153992307692,0.6923076923076923
P627,2016-03-23,0.07999999966666667,0.6666666666666666
P627,2016-03-24,0.14100000029999998,0.7
P627,2016-03-25,0.11818181854545454,0.6363636363636364
P627,2016-03-26,0.0789473687368421,0.42105263157894735
P627,2016-03-27,0.047499999666666674,0.5833333333333334
P627,2016-03-28,0.06999999992307693,0.46153846153846156
P627,2016-03-29,0.127500001875,0.625
P627,2016-03-30,0.1740000024,0.7
P627,2016-03-31,0.162500001375,0.875
P627,2016-04-01,0.12705882294117649,0.5882352941176471
P627,2016-04-02,0.0709999995,0.5
P627,2016-04-03,0.07615384715384615,0.5384615384615384
P627,2016-04-04,0.09333333449999999,0.5
P627,2016-04-05,0.05999999963636364,0.18181818181818182
P627,2016-04-06,0.03888888888888889,0.4444444444444444
P627,2016-04-07,0.15538461692307692,0.5384615384615384
P627,2016-04-08,0.17333333683333332,0.6666666666666666
P627,2016-04-09,0.12583333308333333,0.75
P627,2016-04-10,0.0849999997,0.8
P627,2016-04-11,0.09133333446666667,0.4666666666666667
P627,2016-04-12,0.05999999854545455,0.7272727272727273
P627,2016-04-13,0.10583333441666666,0.5
P627,2016-04-14,0.11727272836363638,0.5454545454545454
P627,2016-04-15,0.12500000075,0.75
P627,2016-04-16,0.08749999991666667,0.5833333333333334
P627,2016-04-17,0.08363636363636363,0.8181818181818182
P627,2016-04-18,0.08583333375,0.5833333333333334
P627,2016-04-19,0.12818181990909092,0.5454545454545454
P627,2016-04-20,0.14857143114285715,1.0
P627,2016-04-21,0.09749999891666666,0.5833333333333334
P627,2016-04-22,0.059999999000000005,0.2
P627,2016-04-23,0.06454545481818182,1.0
P627,2016-04-24,0.12142857285714286,0.5
P627,2016-04-25,0.12636363709090911,0.7272727272727273
P627,2016-04-26,0.081249998625,0.625
P627,2016-04-27,0.09875000187499999,0.875
P627,2016-04-28,0.06727272754545455,0.6363636363636364
P627,2016-04-29,0.08444444433333334,0.4444444444444444
P627,2016-04-30,0.15800000050000002,0.6
P627,2016-05-01,0.10181818254545455,0.6363636363636364
P627,2016-05-02,0.11428571342857143,0.7142857142857143
P627,2016-05-03,0.100000000125,0.625
P627,2016-05-04,0.09000000133333334,0.3333333333333333
P627,2016-05-05,0.07999999985714287,0.42857142857142855
P627,2016-05-06,0.04777777733333334,0.5555555555555556
P627,2016-05-07,0.07111111211111111,0.7777777777777778
P627,2016-05-08,0.15166666833333334,0.6666666666666666
P627,2016-05-09,0.1560000024,0.8
P627,2016-05-10,0.12235294099999999,0.5294117647058824
P627,2016-05-11,0.08000000066666667,0.3333333333333333
P627,2016-05-12,0.05000000044444444,0.5555555555555556
P627,2016-05-13,0.032727272363636366,0.36363636363636365
P627,2016-05-14,0.11692307792307692,0.46153846153846156
P627,2016-05-15,0.12000000126666667,0.3333333333333333
P627,2016-05-16,0.13583333441666667,0.5
P627,2016-05-17,0.117499999125,0.625
P627,2016-05-18,0.13000000075,0.75
P627,2016-05-19,0.08555555488888889,0.2222222222222222
P627,2016-05-20,0.08615384730769231,0.5384615384615384
P627,2016-05-21,0.12833333366666666,0.25
P627,2016-05-22,0.08923076876923078,0.6923076923076923
P627,2016-05-23,0.11125000225000001,0.25
P627,2016-05-24,0.06916666616666667,0.6666666666666666
P627,2016-05-25,0.03624999975,0.75
P627,2016-05-26,0.117857144,0.7142857142857143
P627,2016-05-27,0.12333333375,0.75
P627,2016-05-28,0.14333333466666667,0.3333333333333333
P627,2016-05-29,0.155000003125,0.75
P627,2016-05-30,0.0906249995625,0.8125
P627,2016-05-31,0.10600000000000001,0.6
P627,2016-06-01,0.06333333375,0.5
P627,2016-06-02,0.11181818227272727,0.6363636363636364
P627,2016-06-03,0.11300000080000001,0.7
P627,2016-06-04,0.10230769330769231,0.8461538461538461
P627,2016-06-05,0.0919999992,0.7
P627,2016-06-06,0.112000001,0.3
P627,2016-06-07,0.12571428571428572,0.42857142857142855
P627,2016-06-08,0.048749999125,0.5
P627,2016-06-09,0.12083333466666667,0.75
P627,2016-06-10,0.09916666725,0.4166666666666667
P627,2016-06-11,0.12142857271428571,0.7142857142857143
P627,2016-06-12,0.065714285,0.8571428571428571
P627,2016-06-13,0.0419999993,0.5
P627,2016-06-14,0.12363636427272727,0.5454545454545454
P627,2016-06-15,0.11642857292857144,0.6428571428571429
P627,2016-06-16,0.11416666658333334,0.5833333333333334
P627,2016-06-17,0.10857143028571428,0.8571428571428571
P627,2016-06-18,0.12555555533333332,0.4444444444444444
P627,2016-06-19,0.11900000200000001,0.6
P627,2016-06-20,0.0969999998,0.5
P627,2016-06-21,0.0419999998,0.6
P627,2016-06-22,0.045454545181818184,0.5454545454545454
P627,2016-06-23,0.09588235347058824,0.7647058823529411
P627,2016-06-24,0.165555558,0.7777777777777778
P627,2016-06-25,0.12818181972727272,0.5454545454545454
P627,2016-06-26,0.12166666658333335,0.4166666666666667
P627,2016-06-27,0.10222222322222223,0.4444444444444444
P627,2016-06-28,0.06888888877777778,0.7777777777777778
P627,2016-06-29,0.057499998625,0.375
P627,2016-06-30,0.06076923123076924,0.5384615384615384
P627,2016-07-01,0.15416666874999999,0.5833333333333334
P627,2016-07-02,0.13333333444444445,0.5555555555555556
P627,2016-07-03,0.10722222277777778,0.6666666666666666
P627,2016-07-04,0.04999999925,0.5
P627,2016-07-05,0.059999999375,0.75
P627,2016-07-06,0.07307692261538462,0.38461538461538464
P627,2016-07-07,0.10066666746666668,0.4666666666666667
P627,2016-07-08,0.128333336,0.8333333333333334
P627,2016-07-09,0.12000000190909091,0.7272727272727273
P627,2016-07-10,0.167499999375,0.625
P627,2016-07-11,0.12333333399999999,0.3333333333333333
P627,2016-07-12,0.0939999992,0.4666666666666667
P627,2016-07-13,0.05444444488888889,0.4444444444444444
P627,2016-07-14,0.0659999999,0.5
P627,2016-07-15,0.11625000275,0.375
P627,2016-07-16,0.08499999975,0.25
P627,2016-07-17,0.15200000060000002,0.6
P627,2016-07-18,0.08833333408333333,0.5
P627,2016-07-19,0.1514285722857143,0.5714285714285714
P627,2016-07-20,0.07923076884615385,0.38461538461538464
P627,2016-07-21,0.062142857499999996,0.5714285714285714
P627,2016-07-22,0.1400000006,0.0
P627,2016-07-23,0.11,0.4444444444444444
P627,2016-07-24,0.1120000012,0.5
P627,2016-07-25,0.07999999933333334,0.3333333333333333
P627,2016-07-26,0.0940000013,0.3
P627,2016-07-27,0.1528571442142857,0.2857142857142857
P627,2016-07-28,0.10666666733333334,0.5555555555555556
P627,2016-07-29,0.09857142842857143,0.8571428571428571
P627,2016-07-30,0.09785714257142857,0.7857142857142857
P627,2016-07-31,0.124,0.4
P627,2016-08-01,0.06444444511111111,0.7777777777777778
P627,2016-08-02,0.08857142785714286,0.42857142857142855
P627,2016-08-03,0.09388888961111111,0.6111111111111112
P627,2016-08-04,0.05444444533333334,0.5555555555555556
P627,2016-08-05,0.1372222223888889,0.5555555555555556
P627,2016-08-06,0.122857144,0.8571428571428571
P627,2016-08-07,0.1280000004,0.7
P627,2016-08-08,0.06500000085714286,0.2857142857142857
P627,2016-08-09,0.10833333383333334,0.6666666666666666
P627,2016-08-10,0.064999999,0.5
P627,2016-08-11,0.1243750013125,0.3125
P627,2016-08-12,0.05333333225,0.4166666666666667
P627,2016-08-13,0.07923077023076923,0.3076923076923077
P627,2016-08-14,0.09750000125000001,0.5
P627,2016-08-15,0.13777777877777778,0.5555555555555556
P627,2016-08-16,0.16000000080000001,0.7
P627,2016-08-17,0.1107692306923077,0.5384615384615384
P627,2016-08-18,0.0812500005,0.375
P627,2016-08-19,0.0740000004,0.5
P627,2016-08-20,0.0537499994375,0.8125
P627,2016-08-21,0.15000000225000001,0.6666666666666666
P627,2016-08-22,0.1490000013,0.4
P627,2016-08-23,0.12125000025,0.25
P627,2016-08-24,0.08000000052941177,0.7647058823529411
P627,2016-08-25,0.114285714,0.5714285714285714
P627,2016-08-26,0.08750000033333333,0.3333333333333333
P627,2016-08-27,0.07500000025,0.375
P627,2016-08-28,0.05199999980000001,0.6
P627,2016-08-29,0.10250000125,0.625
P627,2016-08-30,0.085555556,0.3333333333333333
P627,2016-08-31,0.0800000005,0.6666666666666666
P627,2016-09-01,0.15888888955555555,0.5555555555555556
P627,2016-09-02,0.1341666665,0.4166666666666667
P627,2016-09-03,0.12818181872727272,0.6363636363636364
P627,2016-09-04,0.08923076915384616,0.46153846153846156
P627,2016-09-05,0.04454545463636364,0.7272727272727273
P627,2016-09-06,0.04545454536363636,0.5454545454545454
P627,2016-09-07,0.0928571435,0.35714285714285715
P627,2016-09-08,0.20000000299999998,1.0
P627,2016-09-09,0.1490000009,0.2
P627,2016-09-10,0.133749999875,0.625
P627,2016-09-11,0.12000000184615385,0.5384615384615384
P627,2016-09-12,0.11499999887500001,0.375
P627,2016-09-13,0.08250000016666667,0.4166666666666667
P627,2016-09-14,0.04833333305555556,0.5
P627,2016-09-15,0.09066666713333334,0.4666666666666667
P627,2016-09-16,0.16000000133333334,0.5
P627,2016-09-17,0.16600000180000002,0.2
P627,2016-09-18,0.1210000001,0.7
P627,2016-09-19,0.0969230776923077,0.38461538461538464
P627,2016-09-20,0.0949999998125,0.625
P627,2016-09-21,0.082000001,0.6
P627,2016-09-22,0.082307692,0.7692307692307693
P627,2016-09-23,0.1106666678,0.4666666666666667
P627,2016-09-24,0.14250000166666668,0.5
P627,2016-09-25,0.10499999950000001,0.7
P627,2016-09-26,0.08857142900000001,0.2857142857142857
P627,2016-09-27,0.06833333333333334,0.6666666666666666
P627,2016-09-28,0.072500000125,0.5
P627,2016-09-29,0.09090909218181818,0.36363636363636365
P627,2016-09-30,0.155000001125,0.5
P627,2016-10-01,0.1420000012,0.5
P627,2016-10-02,0.13499999925,0.25
P627,2016-10-03,0.09750000075,0.5
P627,2016-10-04,0.063749999375,0.625
P627,2016-10-05,0.038181817636363635,0.6363636363636364
P627,2016-10-06,0.191250002,0.25
P627,2016-10-07,0.123750002625,0.625
P627,2016-10-08,0.09857142771428572,0.42857142857142855
P627,2016-10-09,0.10833333308333333,0.6666666666666666
P627,2016-10-10,0.11090909209090909,0.6363636363636364
P627,2016-10-11,0.08749999850000001,0.25
P627,2016-10-12,0.054285715,0.2857142857142857
P627,2016-10-13,0.06000000016666667,0.6666666666666666
P627,2016-10-14,0.11909090972727272,0.6363636363636364
P627,2016-10-15,0.1210000022,0.5
P627,2016-10-16,0.11499999949999999,0.6
P627,2016-10-17,0.11500000120000001,0.6
P627,2016-10-18,0.130909091,0.5454545454545454
P627,2016-10-19,0.09777777722222222,0.7777777777777778
P627,2016-10-20,0.11363636499999999,0.45454545454545453
P627,2016-10-21,0.09421052636842105,0.631578947368421
P627,2016-10-22,0.065625000625,0.8125
P627,2016-10-23,0.08357142814285715,0.5714285714285714
P627,2016-10-24,0.16000000253846156,0.6923076923076923
P627,2016-10-25,0.09000000083333333,0.5
P627,2016-10-26,0.12411764700000001,0.5294117647058824
P627,2016-10-27,0.09500000006249999,0.5
P627,2016-10-28,0.0938461553076923,0.46153846153846156
P627,2016-10-29,0.05666666583333333,0.6666666666666666
P627,2016-10-30,0.06222222288888889,0.5555555555555556
P627,2016-10-31,0.06454545454545454,0.45454545454545453
P627,2016-11-01,0.15181818181818182,0.7272727272727273
P627,2016-11-02,0.115000003125,0.375
P627,2016-11-03,0.13666666783333334,0.6666666666666666
P627,2016-11-04,0.0700000008,0.4
P627,2016-11-05,0.1009999993,0.5
P627,2016-11-06,0.15111111266666666,0.3333333333333333
P627,2016-11-07,0.13818181827272727,0.7272727272727273
P627,2016-11-08,0.07923076938461539,0.38461538461538464
P627,2016-11-09,0.04875000025,0.5
P627,2016-11-10,0.09454545554545456,0.5454545454545454
P627,2016-11-11,0.06357142864285714,0.6428571428571429
P627,2016-11-12,0.08833333408333333,0.4166666666666667
P627,2016-11-13,0.130000001,0.5454545454545454
P627,2016-11-14,0.13909090999999998,0.2727272727272727
P627,2016-11-15,0.13555555611111111,0.3333333333333333
P627,2016-11-16,0.09500000033333333,0.5833333333333334
P627,2016-11-17,0.0925,0.75
P627,2016-11-18,0.09666666644444445,0.7777777777777778
P627,2016-11-19,0.0740000007,0.8
P627,2016-11-20,0.07666666688888889,0.6666666666666666
P627,2016-11-21,0.0799999997,0.6
P627,2016-11-22,0.1340000024,0.6
P627,2016-11-23,0.095,0.375
P627,2016-11-24,0.11384615415384616,0.46153846153846156
P627,2016-11-25,0.12636363763636363,0.6363636363636364
P627,2016-11-26,0.1139999998,0.5
P627,2016-11-27,0.10363636372727272,0.5454545454545454
P627,2016-11-28,0.11000000091666667,0.75
P627,2016-11-29,0.08166666708333334,0.4166666666666667
P627,2016-11-30,0.06357142821428571,0.35714285714285715
P627,2016-12-01,0.11923077092307693,0.46153846153846156
P627,2016-12-02,0.08454545445454545,0.5454545454545454
P627,2016-12-03,0.0966666676,0.4
P627,2016-12-04,0.12214285828571428,0.5714285714285714
P627,2016-12-05,0.1387499995,0.5
P627,2016-12-06,0.07399999980000001,0.6
P627,2016-12-07,0.07333333344444444,0.2222222222222222
P627,2016-12-08,0.10714285800000001,0.5
P627,2016-12-09,0.0800000017142857,0.8571428571428571
P627,2016-12-10,0.08833333308333334,0.5833333333333334
P627,2016-12-11,0.112857144,0.5
P627,2016-12-12,0.0900000002,0.5333333333333333
P627,2016-12-13,0.06666666666666667,0.4444444444444444
P627,2016-12-14,0.13090909218181818,0.45454545454545453
P627,2016-12-15,0.11875000175,0.625
P627,2016-12-16,0.15363636472727274,0.36363636363636365
P627,2016-12-17,0.124,0.6
P627,2016-12-18,0.1011111118888889,0.6666666666666666
P627,2016-12-19,0.06909090836363636,0.36363636363636365
P627,2016-12-20,0.05714285742857143,0.2857142857142857
P627,2016-12-21,0.05777777777777778,0.5555555555555556
P627,2016-12-22,0.0993750014375,0.5625
P627,2016-12-23,0.16642857335714287,0.42857142857142855
P627,2016-12-24,0.1354545440909091,0.45454545454545453
P627,2016-12-25,0.09153846215384615,0.7692307692307693
P627,2016-12-26,0.074285715,0.7142857142857143
P627,2016-12-27,0.0399999995,0.8333333333333334
P627,2016-12-28,0.0720000002,0.8
P627,2016-12-29,0.04333333416666666,0.3333333333333333
P627,2016-12-30,0.12000000083333334,0.6666666666666666
P627,2016-12-31,0.13000000159999997,0.4
P627,2017-01-01,0.13666666783333334,0.5
P627,2017-01-02,0.13600000026666667,0.6666666666666666
P627,2017-01-03,0.13500000125,0.3333333333333333
P627,2017-01-04,0.0740000005,0.4
P627,2017-01-05,0.073636363,0.45454545454545453
P627,2017-01-06,0.0940000007,0.5
P627,2017-01-07,0.09090909172727271,0.5454545454545454
P627,2017-01-08,0.0990000011,0.5
P627,2017-01-09,0.106666667,0.5
P627,2017-01-10,0.1560000009,0.5
P627,2017-01-11,0.11111111177777779,0.8888888888888888
P627,2017-01-12,0.104166668,0.5
P627,2017-01-13,0.06999999892307693,0.9230769230769231
P627,2017-01-14,0.11166666708333334,0.6666666666666666
P627,2017-01-15,0.09000000181818181,0.5454545454545454
P627,2017-01-16,0.048181817636363644,0.36363636363636365
P627,2017-01-17,0.17500000075,1.0
P627,2017-01-18,0.16272727463636363,0.6363636363636364
P627,2017-01-19,0.1418750000625,0.5625
P627,2017-01-20,0.10444444444444444,0.4444444444444444
P627,2017-01-21,0.0830000005,0.6
P627,2017-01-22,0.05000000036363637,0.7272727272727273
P627,2017-01-23,0.0329999995,0.7
P627,2017-01-24,0.0918750006875,0.5625
P627,2017-01-25,0.14833333458333334,0.4166666666666667
P627,2017-01-26,0.1139999996,0.6
P627,2017-01-27,0.143846155,0.6153846153846154
P627,2017-01-28,0.07705882364705882,0.7058823529411765
P627,2017-01-29,0.088749999375,0.5
P627,2017-01-30,0.056666666888888884,0.3888888888888889
P627,2017-01-31,0.1215384626923077,0.3076923076923077
P627,2017-02-01,0.18125000025000002,0.5
P627,2017-02-02,0.13545454754545452,0.18181818181818182
P627,2017-02-03,0.11857142821428572,0.6428571428571429
P627,2017-02-04,0.07583333366666667,0.6666666666666666
P627,2017-02-05,0.06000000011111111,0.6666666666666666
P627,2017-02-06,0.11666666816666667,0.6666666666666666
P627,2017-02-07,0.0349999997,0.6
P627,2017-02-08,0.12250000075,0.375
P627,2017-02-09,0.16500000075,0.5
P627,2017-02-10,0.12066666826666667,0.5333333333333333
P627,2017-02-11,0.126249999625,0.625
P627,2017-02-12,0.1087499999375,0.625
P627,2017-02-13,0.081666668,0.8333333333333334
P627,2017-02-14,0.072857142,0.5714285714285714
P627,2017-02-15,0.1050000015,0.75
P627,2017-02-16,0.1309090912727273,0.45454545454545453
P627,2017-02-17,0.0680000008,0.6
P627,2017-02-18,0.11166666716666666,0.6666666666666666
P627,2017-02-19,0.1100000002,0.4
P627,2017-02-20,0.10777777988888888,0.1111111111111111
P627,2017-02-21,0.097499998625,0.25
P627,2017-02-22,0.0720000002,0.4
P627,2017-02-23,0.04999999944444444,0.6666666666666666
P627,2017-02-24,0.080000001,0.5333333333333333
P627,2017-02-25,0.13454545545454544,0.36363636363636365
P627,2017-02-26,0.13333333466666666,0.5
P627,2017-02-27,0.1107142855,0.6428571428571429
P627,2017-02-28,0.07,0.5
P627,2017-03-01,0.08285714314285715,0.5714285714285714
P627,2017-03-02,0.07444444466666666,0.3888888888888889
P627,2017-03-03,0.09375000162500001,0.625
P627,2017-03-04,0.13666666800000002,0.9166666666666666
P627,2017-03-05,0.11615384630769231,0.8461538461538461
P627,2017-03-06,0.0788235295882353,0.5294117647058824
P627,2017-03-07,0.08333333422222222,0.3333333333333333
P627,2017-03-08,0.06499999825,0.75
P627,2017-03-09,0.037499999375,0.375
P627,2017-03-10,0.11,0.625
P627,2017-03-11,0.09545454663636364,0.5454545454545454
P627,2017-03-12,0.1500000011818182,0.36363636363636365
P627,2017-03-13,0.10727272763636364,0.7272727272727273
P627,2017-03-14,0.138333333,0.3333333333333333
P627,2017-03-15,0.12666666699999998,0.8888888888888888
P627,2017-03-16,0.0940000009,0.4
P627,2017-03-17,0.09285714290476191,0.47619047619047616
P627,2017-03-18,0.0681818179090909,0.6363636363636364
P627,2017-03-19,0.0550000006,0.6
P627,2017-03-20,0.07571428635714285,0.6428571428571429
P627,2017-03-21,0.12700000120000002,0.6
P627,2017-03-22,0.15428571500000002,0.7142857142857143
P627,2017-03-23,0.10500000014285714,0.5
P627,2017-03-24,0.09428571542857142,0.5714285714285714
P627,2017-03-25,0.11888888922222224,0.5555555555555556
P627,2017-03-26,0.11818181927272726,0.5454545454545454
P627,2017-03-27,0.05714285692857143,0.35714285714285715
P627,2017-03-28,0.1054545459090909,0.36363636363636365
P627,2017-03-29,0.11923077030769232,0.5384615384615384
P627,2017-03-30,0.1079999994,0.4
P627,2017-03-31,0.1075000015,0.625
P627,2017-04-01,0.05900000009999999,0.2
P627,2017-04-02,0.07500000150000001,0.5
P627,2017-04-03,0.11363636463636363,0.5454545454545454
P627,2017-04-04,0.11166666725,0.4166666666666667
P627,2017-04-05,0.146666668,0.6666666666666666
P627,2017-04-06,0.10444444444444444,0.7777777777777778
P627,2017-04-07,0.09166666616666667,0.3333333333333333
P627,2017-04-08,0.0800000007857143,0.7142857142857143
P627,2017-04-09,0.059999999375,0.375
P627,2017-04-10,0.1354545470909091,0.18181818181818182
P627,2017-04-11,0.10749999925,0.625
P627,2017-04-12,0.091428572,0.42857142857142855
P627,2017-04-13,0.07857142828571428,0.42857142857142855
P627,2017-04-14,0.101875001125,0.5
P627,2017-04-15,0.11066666713333334,0.4666666666666667
P627,2017-04-16,0.12000000044444444,0.4444444444444444
P627,2017-04-17,0.10428571514285714,0.2857142857142857
P627,2017-04-18,0.11363636509090909,0.5454545454545454
P627,2017-04-19,0.0806249996875,0.375
P627,2017-04-20,0.09250000091666666,0.5
P627,2017-04-21,0.12166666866666666,0.3333333333333333
P627,2017-04-22,0.11294117694117647,0.5294117647058824
P627,2017-04-23,0.055999999599999996,0.8
P627,2017-04-24,0.10200000120000001,0.5
P627,2017-04-25,0.11923077076923078,0.5384615384615384
P627,2017-04-26,0.12692307715384615,0.5384615384615384
P627,2017-04-27,0.12857142907142857,0.8571428571428571
P627,2017-04-28,0.10384615415384615,0.38461538461538464
P627,2017-04-29,0.0379999996,0.7
P627,2017-04-30,0.10461538561538462,0.5384615384615384
P627,2017-05-01,0.036666666333333334,0.7777777777777778
P627,2017-05-02,0.0740000002,0.4
P627,2017-05-03,0.11785714335714285,0.6428571428571429
P627,2017-05-04,0.1600000012727273,0.5454545454545454
P627,2017-05-05,0.133750000875,0.75
P627,2017-05-06,0.12000000069230768,0.23076923076923078
P627,2017-05-07,0.08111111066666667,0.3333333333333333
P627,2017-05-08,0.0409999999,0.7
P627,2017-05-09,0.049000000099999996,0.4
P627,2017-05-10,0.10454545545454547,0.45454545454545453
P627,2017-05-11,0.11374999987500001,0.625
P627,2017-05-12,0.09100000080000001,0.7
P627,2017-05-13,0.1555000014,0.6
P627,2017-05-14,0.1260000008,0.6
P627,2017-05-15,0.08285714207142858,0.2857142857142857
P627,2017-05-16,0.061538462,0.6923076923076923
P627,2017-05-17,0.11222222355555554,0.5555555555555556
P627,2017-05-18,0.1010000011,0.7
P627,2017-05-19,0.08466666566666665,0.6666666666666666
P627,2017-05-20,0.1350000018,0.5
P627,2017-05-21,0.10800000039999999,0.5
P627,2017-05-22,0.11700000209999999,0.8
P627,2017-05-23,0.0799999992,0.6
P627,2017-05-24,0.08222222133333333,0.2222222222222222
P627,2017-05-25,0.07300000079999999,0.7
P627,2017-05-26,0.07363636381818182,0.5454545454545454
P627,2017-05-27,0.15428571685714285,0.5714285714285714
P627,2017-05-28,0.09888889022222222,0.5555555555555556
P627,2017-05-29,0.1406666664,0.26666666666666666
P627,2017-05-30,0.11533333453333333,0.6666666666666666
P627,2017-05-31,0.11000000025000001,0.25
P627,2017-06-01,0.09999999940000001,0.4
P627,2017-06-02,0.0425,0.25
P627,2017-06-03,0.058888889,0.5555555555555556
P627,2017-06-04,0.1160000004,0.7
P627,2017-06-05,0.08500000183333334,0.5
P627,2017-06-06,0.11400000060000001,0.2
P627,2017-06-07,0.119999999875,0.5625
P627,2017-06-08,0.07250000175,0.625
P627,2017-06-09,0.12888888944444446,0.4444444444444444
P627,2017-06-10,0.0779999996,0.4
P627,2017-06-11,0.09214285814285715,0.2857142857142857
P627,2017-06-12,0.07999999957142857,0.14285714285714285
P627,2017-06-13,0.08333333333333333,0.75
P627,2017-06-14,0.1169230786923077,0.7692307692307693
P627,2017-06-15,0.1355555548888889,0.5555555555555556
P627,2017-06-16,0.15000000255555557,0.6666666666666666
P627,2017-06-17,0.11999999966666668,0.8333333333333334
P627,2017-06-18,0.06833333375,0.5
P627,2017-06-19,0.09500000007142857,0.5
P627,2017-06-20,0.076666666,0.0
P627,2017-06-21,0.07083333366666666,0.5
P627,2017-06-22,0.10928571464285715,0.7142857142857143
P627,2017-06-23,0.13071428714285713,0.35714285714285715
P627,2017-06-24,0.1077777788888889,0.4444444444444444
P627,2017-06-25,0.12666666666666668,0.16666666666666666
P627,2017-06-26,0.08500000016666666,0.6666666666666666
P627,2017-06-27,0.08090909081818182,0.8181818181818182
P627,2017-06-28,0.08750000050000001,0.5
P627,2017-06-29,0.09000000033333333,0.7777777777777778
P627,2017-06-30,0.08125000125000001,0.0
P627,2017-07-01,0.13666666744444445,0.4444444444444444
P627,2017-07-02,0.0923529411764706,0.5294117647058824
P627,2017-07-03,0.09461538538461538,0.46153846153846156
P627,2017-07-04,0.12000000120000001,0.4
P627,2017-07-05,0.11363636418181819,0.7272727272727273
P627,2017-07-06,0.1225000009375,0.6875
P627,2017-07-07,0.1070000005,0.7
P627,2017-07-08,0.0749999991,0.4
P627,2017-07-09,0.07333333333333333,0.8888888888888888
P627,2017-07-10,0.11000000216666667,0.16666666666666666
P627,2017-07-11,0.1020000013,0.4
P627,2017-07-12,0.10666666633333333,0.3333333333333333
P627,2017-07-13,0.10846153861538463,0.8461538461538461
P627,2017-07-14,0.14888888977777778,0.7777777777777778
P627,2017-07-15,0.08923077,0.6923076923076923
P627,2017-07-16,0.0887499995,0.25
P627,2017-07-17,0.09200000059999999,0.6
P627,2017-07-18,0.056428571500000003,0.5
P627,2017-07-19,0.11166666800000001,0.6666666666666666
P627,2017-07-20,0.14000000136363636,0.6363636363636364
P627,2017-07-21,0.12555555577777777,0.7777777777777778
P627,2017-07-22,0.14636363681818182,0.5454545454545454
P627,2017-07-23,0.09411764711764706,0.5294117647058824
P627,2017-07-24,0.044444443888888886,0.5555555555555556
P627,2017-07-25,0.0760000008,0.5
P627,2017-07-26,0.089999999875,0.875
P627,2017-07-27,0.1623076943076923,0.6153846153846154
P627,2017-07-28,0.11117646994117647,0.6470588235294118
P627,2017-07-29,0.10777777888888888,0.5555555555555556
P627,2017-07-30,0.10000000166666667,0.5555555555555556
P627,2017-07-31,0.06500000008333333,0.5
P627,2017-08-01,0.06428571285714287,0.5714285714285714
P627,2017-08-02,0.0750000005,0.7
P627,2017-08-03,0.1237500009375,0.4375
P627,2017-08-04,0.14461538561538462,0.9230769230769231
P627,2017-08-05,0.11363636463636363,0.45454545454545453
P627,2017-08-06,0.1159999988,0.6
P627,2017-08-07,0.0733333338888889,0.7777777777777778
P627,2017-08-08,0.025555555222222224,0.6666666666666666
P627,2017-08-09,0.11285714414285715,0.42857142857142855
P627,2017-08-10,0.11222222200000001,0.7777777777777778
P627,2017-08-11,0.09000000078571428,0.5
P627,2017-08-12,0.10000000111111113,0.3333333333333333
P627,2017-08-13,0.10500000225,1.0
P627,2017-08-14,0.09555555522222223,0.3333333333333333
P627,2017-08-15,0.14692307776923078,0.3076923076923077
P627,2017-08-16,0.1077777788888889,0.5555555555555556
P627,2017-08-17,0.085714285,1.0
P627,2017-08-18,0.07181818190909091,0.7272727272727273
P627,2017-08-19,0.16166666758333334,0.5
P627,2017-08-20,0.12000000100000001,0.6
P627,2017-08-21,0.08923076984615384,0.6153846153846154
P627,2017-08-22,0.05454545345454545,0.5454545454545454
P627,2017-08-23,0.09111111144444445,0.4444444444444444
P627,2017-08-24,0.09000000142857144,0.7857142857142857
P627,2017-08-25,0.043999999,0.2
P627,2017-08-26,0.152500001,0.5
P627,2017-08-27,0.06714285671428571,1.0
P627,2017-08-28,0.10100000049999999,0.7
P627,2017-08-29,0.152500002375,0.75
P627,2017-08-30,0.0945454540909091,0.5454545454545454
P627,2017-08-31,0.12200000019999999,0.6
P627,2017-09-01,0.09928571521428572,0.35714285714285715
P627,2017-09-02,0.0629999999,0.7
P627,2017-09-03,0.1100000005625,0.625
P627,2017-09-04,0.09285714485714285,0.5714285714285714
P627,2017-09-05,0.10272727227272728,0.6363636363636364
P627,2017-09-06,0.07000000175,0.375
P627,2017-09-07,0.16333333266666666,0.6666666666666666
P627,2017-09-08,0.1460000012,0.5333333333333333
P627,2017-09-09,0.09705882341176471,0.5294117647058824
P627,2017-09-10,0.06125,0.5
P627,2017-09-11,0.08235294205882353,0.5882352941176471
P627,2017-09-12,0.14272727427272727,0.6363636363636364
P627,2017-09-13,0.08999999925,0.375
P627,2017-09-14,0.066923077,0.6153846153846154
P627,2017-09-15,0.13111111211111112,0.4444444444444444
P627,2017-09-16,0.08833333450000001,0.8333333333333334
P627,2017-09-17,0.13000000045454546,0.18181818181818182
P627,2017-09-18,0.15333333433333332,0.7777777777777778
P627,2017-09-19,0.10545454645454545,0.5454545454545454
P627,2017-09-20,0.09846153830769232,0.6923076923076923
P627,2017-09-21,0.0839999993,0.5
P627,2017-09-22,0.05571428685714286,0.5714285714285714
P627,2017-09-23,0.07777777766666666,0.4444444444444444
P627,2017-09-24,0.09333333466666667,0.6
P627,2017-09-25,0.08888888944444445,0.5555555555555556
P627,2017-09-26,0.14952381014285715,0.7619047619047619
P627,2017-09-27,0.1399999985,0.25
P627,2017-09-28,0.10000000140000001,0.2
P627,2017-09-29,0.06777777877777777,0.3333333333333333
P627,2017-09-30,0.08888888922222223,0.8888888888888888
P627,2017-10-01,0.07833333216666667,0.6666666666666666
P627,2017-10-02,0.023333333,0.3333333333333333
P642,2015-01-02,0.129999995,0.0
P642,2015-01-06,0.119999997,1.0
P642,2015-01-09,0.02,0.0
P642,2015-01-11,0.100000001,0.0
P642,2015-01-13,0.059999999,1.0
P642,2015-01-21,0.0,1.0
P642,2015-01-22,0.0,1.0
P642,2015-01-25,0.07,0.0
P642,2015-01-26,0.25,1.0
P642,2015-01-31,0.02,0.0
P642,2015-02-01,0.059999999,1.0
P642,2015-02-04,0.01,0.0
P642,2015-02-07,0.100000001,0.0
P642,2015-02-23,0.029999999,1.0
P642,2015-02-26,0.180000007,1.0
P642,2015-02-27,0.170000002,0.0
P642,2015-03-04,0.150000006,0.0
P642,2015-03-05,0.129999995,1.0
P642,2015-03-14,0.04,1.0
P642,2015-03-19,0.170000002,1.0
P642,2015-03-20,0.100000001,1.0
P642,2015-03-27,0.059999999,1.0
P642,2015-03-30,0.050000001,0.0
P642,2015-04-03,0.07,0.0
P642,2015-04-05,0.110000003,0.0
P642,2015-04-06,0.164999999,0.0
P642,2015-04-10,0.200000003,0.0
P642,2015-04-12,0.129999995,1.0
P642,2015-04-17,0.140000004,0.5
P642,2015-04-20,0.090000004,0.0
P642,2015-04-24,0.100000001,0.0
P642,2015-05-01,0.09000000166666666,0.3333333333333333
P642,2015-05-07,0.159999996,0.0
P642,2015-05-19,0.034999999000000004,1.0
P642,2015-05-22,0.01,0.0
P642,2015-05-24,0.25,0.0
P642,2015-05-28,0.0999999975,0.5
P642,2015-06-07,0.25,1.0
P642,2015-06-10,0.159999996,1.0
P642,2015-06-11,0.100000001,1.0
P642,2015-06-16,0.170000002,1.0
P642,2015-06-17,0.150000006,0.0
P642,2015-06-26,0.0650000015,0.5
P642,2015-07-01,0.050000001,1.0
P642,2015-07-03,0.039999999,0.0
P642,2015-07-04,0.039999999,0.0
P642,2015-07-06,0.119999997,1.0
P642,2015-07-09,0.25,1.0
P642,2015-07-17,0.180000007,1.0
P642,2015-07-26,0.059999999,1.0
P642,2015-08-04,0.1399999995,0.0
P642,2015-08-06,0.200000003,1.0
P642,2015-08-07,0.050000001,1.0
P642,2015-08-09,0.129999995,0.0
P642,2015-08-10,0.01,0.0
P642,2015-08-11,0.119999997,1.0
P642,2015-08-12,0.0,1.0
P642,2015-08-15,0.25,1.0
P642,2015-08-17,0.039999999,0.0
P642,2015-08-18,0.17000000199999998,1.0
P642,2015-08-20,0.07,1.0
P642,2015-08-22,0.170000002,1.0
P642,2015-08-23,0.07,0.0
P642,2015-08-24,0.25,0.0
P642,2015-08-28,0.18333333733333335,0.6666666666666666
P642,2015-08-29,0.119999997,0.0
P642,2015-09-03,0.1449999955,0.5
P642,2015-09-04,0.0900000025,0.5
P642,2015-09-06,0.01,0.0
P642,2015-09-11,0.129999995,1.0
P642,2015-09-18,0.090000004,0.0
P642,2015-09-25,0.100000001,0.0
P642,2015-09-26,0.08499999700000001,0.5
P642,2015-09-28,0.074999998,0.0
P642,2015-10-09,0.129999995,1.0
P642,2015-10-12,0.07,0.0
P642,2015-10-13,0.25,0.0
P642,2015-10-15,0.02,1.0
P642,2015-10-20,0.08333333533333333,0.6666666666666666
P642,2015-10-23,0.159999996,0.0
P642,2015-10-28,0.045,0.5
P642,2015-10-29,0.0149999995,1.0
P642,2015-10-31,0.059999999,0.0
P642,2015-11-04,0.150000006,1.0
P642,2015-11-09,0.129999995,1.0
P642,2015-11-10,0.180000007,0.0
P642,2015-11-11,0.07,0.0
P642,2015-11-14,0.124999996,0.5
P642,2015-11-16,0.100000001,0.0
P642,2015-11-21,0.170000002,1.0
P642,2015-11-22,0.0,0.0
P642,2015-11-24,0.12000000499999999,0.5
P642,2015-11-27,0.119999997,1.0
P642,2015-12-12,0.170000002,0.0
P642,2015-12-14,0.100000001,1.0
P642,2015-12-16,0.0,0.0
P642,2015-12-18,0.02,1.0
P642,2015-12-21,0.090000004,0.0
P642,2015-12-27,0.059999999,0.0
P642,2015-12-30,0.07,1.0
P642,2015-12-31,0.01,0.0
P642,2016-01-08,0.180000007,1.0
P642,2016-01-21,0.029999999,1.0
P642,2016-01-22,0.180000007,1.0
P642,2016-01-26,0.029999999,1.0
P642,2016-02-03,0.170000002,0.0
P642,2016-02-13,0.25,0.0
P642,2016-02-14,0.150000006,1.0
P642,2016-02-17,0.180000007,0.0
P642,2016-02-20,0.170000002,1.0
P642,2016-02-21,0.055,0.0
P642,2016-02-25,0.129999995,1.0
P642,2016-02-28,0.059999999,1.0
P642,2016-02-29,0.039999999,0.0
P642,2016-03-01,0.05666666533333333,0.0
P642,2016-03-03,0.0249999995,0.0
P642,2016-03-04,0.100000001,1.0
P642,2016-03-05,0.07,0.0
P642,2016-03-17,0.090000004,0.0
P642,2016-03-20,0.07,0.0
P642,2016-03-22,0.01,0.0
P642,2016-03-23,0.090000004,0.0
P642,2016-03-25,0.059999999,1.0
P642,2016-03-26,0.07,1.0
P642,2016-03-29,0.0,1.0
P642,2016-04-01,0.109999999,0.0
P642,2016-04-08,0.1350000055,1.0
P642,2016-04-14,0.0,0.0
P642,2016-04-15,0.050000001,1.0
P642,2016-04-16,0.170000002,0.0
P642,2016-04-18,0.159999996,1.0
P642,2016-04-19,0.150000006,0.0
P642,2016-04-21,0.059999999,0.0
P642,2016-04-25,0.029999999,1.0
P642,2016-04-26,0.02,1.0
P642,2016-04-27,0.02,1.0
P642,2016-04-28,0.079999997,0.5
P642,2016-05-07,0.01,1.0
P642,2016-05-09,0.029999999,0.0
P642,2016-05-10,0.0,0.0
P642,2016-05-16,0.050000001,1.0
P642,2016-05-17,0.029999999,1.0
P642,2016-05-18,0.01,0.0
P642,2016-05-20,0.25,1.0
P642,2016-05-23,0.01,0.0
P642,2016-05-28,0.200000003,0.0
P642,2016-05-30,0.16333333633333333,1.0
P642,2016-05-31,0.25,1.0
P642,2016-06-04,0.200000003,0.0
P642,2016-06-08,0.159999996,0.0
P642,2016-06-09,0.180000007,1.0
P642,2016-06-12,0.129999995,0.0
P642,2016-06-15,0.150000006,0.0
P642,2016-06-16,0.07500000100000001,1.0
P642,2016-06-18,0.159999996,0.0
P642,2016-06-19,0.090000004,1.0
P642,2016-06-21,0.029999999,0.0
P642,2016-06-25,0.0649999995,1.0
P642,2016-06-26,0.0950000025,1.0
P642,2016-06-30,0.07,1.0
P642,2016-07-07,0.07,1.0
P642,2016-07-08,0.059999999,0.0
P642,2016-07-13,0.050000001,1.0
P642,2016-07-16,0.029999999,1.0
P642,2016-07-18,0.045,0.5
P642,2016-07-20,0.039999999,1.0
P642,2016-07-23,0.0249999995,0.5
P642,2016-07-28,0.029999999,0.0
P642,2016-07-30,0.01,1.0
P642,2016-08-02,0.200000003,0.0
P642,2016-08-03,0.180000007,0.0
P642,2016-08-07,0.170000002,1.0
P642,2016-08-17,0.150000006,0.0
P642,2016-08-23,0.10666666400000001,0.6666666666666666
P642,2016-08-26,0.119999997,1.0
P642,2016-08-27,0.25,1.0
P642,2016-09-02,0.100000001,0.0
P642,2016-09-04,0.090000004,0.0
P642,2016-09-14,0.050000001,0.0
P642,2016-09-17,0.029999999,1.0
P642,2016-09-25,0.02,1.0
P642,2016-10-01,0.119999997,0.0
P642,2016-10-04,0.119999997,1.0
P642,2016-10-05,0.039999999,0.0
P642,2016-10-07,0.029999999,1.0
P642,2016-10-09,0.25,1.0
P642,2016-10-16,0.180000007,1.0
P642,2016-10-18,0.180000007,1.0
P642,2016-10-20,0.07,1.0
P642,2016-10-21,0.150000006,0.0
P642,2016-10-23,0.159999996,1.0
P642,2016-10-26,0.050000001,0.0
P642,2016-11-03,0.10000000349999999,1.0
P642,2016-11-04,0.170000002,1.0
P642,2016-11-05,0.0649999985,1.0
P642,2016-11-06,0.0,0.0
P642,2016-11-12,0.159999996,1.0
P642,2016-11-13,0.07,1.0
P642,2016-11-16,0.25,0.0
P642,2016-11-19,0.200000003,0.0
P642,2016-11-20,0.0750000015,0.75
P642,2016-11-22,0.039999999,0.0
P642,2016-11-23,0.02,1.0
P642,2016-11-24,0.029999999,0.0
P642,2016-11-25,0.029999999,0.0
P642,2016-11-29,0.050000001,0.0
P642,2016-12-04,0.129999995,1.0
P642,2016-12-07,0.0,0.0
P642,2016-12-12,0.0649999985,1.0
P642,2016-12-16,0.059999999,1.0
P642,2016-12-20,0.0650000015,0.5
P642,2016-12-21,0.25,1.0
P642,2016-12-22,0.07666666466666668,0.3333333333333333
P642,2016-12-23,0.200000003,0.0
P642,2016-12-27,0.180000007,1.0
P642,2017-01-02,0.180000007,1.0
P642,2017-01-10,0.119999997,1.0
P642,2017-01-17,0.1299999985,0.5
P642,2017-01-21,0.039999999,1.0
P642,2017-01-22,0.07,0.0
P642,2017-01-31,0.07000000249999999,0.5
P642,2017-02-01,0.029999999,1.0
P642,2017-02-07,0.02,1.0
P642,2017-02-08,0.25,0.0
P642,2017-02-15,0.07,0.0
P642,2017-02-16,0.050000001,1.0
P642,2017-02-18,0.059999999,0.0
P642,2017-02-25,0.01,1.0
P642,2017-02-26,0.0,1.0
P642,2017-02-28,0.029999999,0.0
P642,2017-03-01,0.01,0.0
P642,2017-03-04,0.25,1.0
P642,2017-03-06,0.150000006,1.0
P642,2017-03-09,0.200000003,1.0
P642,2017-03-10,0.119999997,0.0
P642,2017-03-16,0.170000002,0.0
P642,2017-03-17,0.200000003,1.0
P642,2017-03-19,0.119999997,0.0
P642,2017-03-22,0.164999999,1.0
P642,2017-03-23,0.079999998,0.5
P642,2017-03-25,0.150000006,0.0
P642,2017-03-26,0.059999999,1.0
P642,2017-03-27,0.01,0.0
P642,2017-04-03,0.074999998,1.0
P642,2017-04-11,0.01,0.0
P642,2017-04-14,0.100000001,1.0
P642,2017-04-15,0.090000004,1.0
P642,2017-04-17,0.12333333366666667,0.6666666666666666
P642,2017-04-21,0.059999999,0.0
P646,2017-04-23,0.119999997,0.0
P646,2017-04-25,0.129999995,0.0
P646,2017-04-27,0.029999999,1.0
P646,2017-05-02,0.11000000066666667,0.6666666666666666
P646,2017-05-05,0.01,1.0
P646,2017-05-09,0.159999996,1.0
P646,2017-05-13,0.119999997,1.0
P646,2017-05-14,0.09000000100000001,1.0
P646,2017-05-18,0.1000000015,1.0
P646,2017-05-20,0.0900000025,0.5
P646,2017-05-21,0.02,1.0
P646,2017-05-22,0.0,0.0
P646,2017-05-25,0.100000001,0.0
P646,2017-05-26,0.119999997,0.0
P646,2017-05-29,0.02,0.0
P646,2017-06-03,0.050000001,0.0
P646,2017-06-06,0.100000001,1.0
P646,2017-06-07,0.119999997,1.0
P646,2017-06-09,0.01,0.0
P646,2017-06-10,0.129999995,1.0
P646,2017-06-12,0.129999995,0.0
P646,2017-06-18,0.029999999,1.0
P646,2017-06-23,0.0,0.0
P646,2017-06-25,0.180000007,0.0
P646,2017-06-26,0.170000002,0.0
P646,2017-06-29,0.02,1.0
P646,2017-06-30,0.0,0.0
P646,2017-07-03,0.25,0.0
P646,2017-07-12,0.059999999,1.0
P646,2017-07-13,0.150000006,1.0
P646,2017-07-14,0.0850000005,0.5
P646,2017-07-17,0.090000004,0.0
P646,2017-07-18,0.07,0.0
P646,2017-07-22,0.02,0.0
P646,2017-07-24,0.170000002,0.0
P646,2017-07-26,0.200000003,1.0
P646,2017-07-27,0.1100000015,0.5
P646,2017-07-29,0.0299999995,0.0
P646,2017-07-31,0.140000004,0.5
P646,2017-08-03,0.159999996,1.0
P646,2017-08-04,0.07,1.0
P646,2017-08-06,0.100000001,1.0
P646,2017-08-07,0.07,1.0
P646,2017-08-14,0.200000003,1.0
P646,2017-08-15,0.0,0.0
P646,2017-08-17,0.150000006,0.0
P646,2017-08-22,0.170000002,0.0
P646,2017-08-23,0.050000001,1.0
P646,2017-08-27,0.039999999,1.0
P646,2017-08-29,0.02,0.0
P646,2017-08-31,0.150000006,1.0
P646,2017-09-01,0.14333333566666664,0.3333333333333333
P646,2017-09-03,0.1250000035,0.0
P646,2017-09-04,0.050000001,1.0
P646,2017-09-05,0.090000004,1.0
P646,2017-09-07,0.129999995,0.0
P646,2017-09-09,0.170000002,1.0
P646,2017-09-11,0.02,1.0
P647,2017-04-24,0.119999997,1.0
P647,2017-04-30,0.0950000025,1.0
P647,2017-05-03,0.06,0.3333333333333333
P647,2017-05-04,0.034999999000000004,0.0
P647,2017-05-06,0.02,0.0
P647,2017-05-08,0.01,0.0
P647,2017-05-09,0.125,0.0
P647,2017-05-10,0.200000003,0.0
P647,2017-05-12,0.180000007,1.0
P647,2017-05-15,0.164999999,0.5
P647,2017-05-16,0.1400000005,1.0
P647,2017-05-18,0.119999997,1.0
P647,2017-05-22,0.100000001,1.0
P647,2017-05-23,0.080000002,1.0
P647,2017-05-24,0.059999999,0.0
P647,2017-05-25,0.050000001,1.0
P647,2017-05-27,0.039999999,1.0
P647,2017-05-28,0.029999999,0.0
P647,2017-05-29,0.02,0.0
P647,2017-05-30,0.01,1.0
P647,2017-06-05,0.0,1.0
P647,2017-06-08,0.25,0.0
P647,2017-06-09,0.200000003,0.0
P647,2017-06-14,0.180000007,0.0
P647,2017-06-15,0.170000002,1.0
P647,2017-06-16,0.159999996,0.0
P647,2017-06-23,0.150000006,0.0
P647,2017-06-24,0.129999995,0.0
P647,2017-06-29,0.119999997,0.0
P647,2017-07-01,0.100000001,0.0
P647,2017-07-02,0.090000004,1.0
P647,2017-07-12,0.07,1.0
P647,2017-07-15,0.059999999,1.0
P647,2017-07-16,0.050000001,0.0
P647,2017-07-17,0.034999999000000004,0.0
P647,2017-07-18,0.02,0.0
P647,2017-07-20,0.01,0.0
P647,2017-07-24,0.0,0.0
P647,2017-07-26,0.25,0.0
P647,2017-07-27,0.200000003,0.0
P647,2017-08-01,0.180000007,1.0
P647,2017-08-02,0.170000002,1.0
P647,2017-08-05,0.159999996,1.0
P647,2017-08-06,0.150000006,1.0
P647,2017-08-08,0.129999995,1.0
P647,2017-08-09,0.119999997,1.0
P647,2017-08-11,0.100000001,0.0
P647,2017-08-13,0.090000004,1.0
P647,2017-08-20,0.07,0.0
P647,2017-08-21,0.055,0.5
P647,2017-08-23,0.039999999,0.0
P647,2017-08-25,0.0249999995,0.0
P647,2017-08-28,0.01,0.0
P647,2017-08-29,0.0,1.0
P647,2017-08-30,0.25,1.0
P647,2017-09-02,0.200000003,1.0
P647,2017-09-03,0.180000007,1.0
P647,2017-09-04,0.170000002,1.0
P647,2017-09-10,0.159999996,0.0
P652,2017-04-23,0.100000001,1.0
P652,2017-04-27,0.100000001,1.0
P652,2017-05-02,0.180000007,0.0
P652,2017-05-04,0.0,0.0
P652,2017-05-06,0.07,1.0
P652,2017-05-08,0.125000002,0.0
P652,2017-05-13,0.059999999,0.0
P652,2017-05-17,0.02,0.0
P652,2017-05-20,0.170000002,0.0
P652,2017-05-23,0.0949999975,1.0
P652,2017-05-25,0.119999997,1.0
P652,2017-05-27,0.155000001,0.5
P652,2017-05-31,0.02,1.0
P652,2017-06-01,0.059999999,0.0
P652,2017-06-02,0.25,0.0
P652,2017-06-04,0.170000002,0.0
P652,2017-06-06,0.02,1.0
P652,2017-06-10,0.119999997,0.0
P652,2017-06-11,0.0249999995,0.0
P652,2017-06-12,0.0,0.0
P652,2017-06-13,0.07,0.0
P652,2017-06-14,0.07,1.0
P652,2017-06-16,0.029999999,0.0
P652,2017-06-23,0.0,0.0
P652,2017-06-26,0.07,0.0
P652,2017-06-30,0.129999995,1.0
P652,2017-07-02,0.060000000500000004,0.5
P652,2017-07-07,0.079999998,1.0
P652,2017-07-10,0.170000002,1.0
P652,2017-07-11,0.0999999975,0.5
P652,2017-07-20,0.12000000100000001,0.5
P652,2017-07-21,0.050000001,1.0
P652,2017-07-22,0.1100000015,0.0
P652,2017-07-23,0.180000007,1.0
P652,2017-07-25,0.25,0.0
P652,2017-07-26,0.119999997,0.0
P652,2017-08-03,0.159999996,1.0
P652,2017-08-12,0.02,0.0
P652,2017-08-18,0.159999996,1.0
P652,2017-08-20,0.059999999,0.0
P652,2017-08-21,0.150000006,1.0
P652,2017-08-24,0.039999999,0.0
P652,2017-08-25,0.050000001,0.0
P652,2017-08-27,0.02,0.0
P652,2017-08-30,0.039999999,1.0
P652,2017-08-31,0.029999999,0.0
P652,2017-09-02,0.150000006,1.0
P652,2017-09-09,0.01,0.5
P666,2017-04-23,0.2250000015,1.0
P666,2017-04-24,0.180000007,1.0
P666,2017-04-25,0.170000002,0.0
P666,2017-04-26,0.159999996,1.0
P666,2017-04-28,0.150000006,1.0
P666,2017-04-29,0.129999995,1.0
P666,2017-05-01,0.119999997,1.0
P666,2017-05-05,0.100000001,0.0
P666,2017-05-10,0.090000004,0.0
P666,2017-05-14,0.0649999995,0.5
P666,2017-05-15,0.050000001,0.0
P666,2017-05-19,0.039999999,1.0
P666,2017-05-20,0.029999999,0.0
P666,2017-05-22,0.02,1.0
P666,2017-05-27,0.005,1.0
P666,2017-05-31,0.25,0.0
P666,2017-06-02,0.190000005,0.5
P666,2017-06-04,0.170000002,0.0
P666,2017-06-05,0.159999996,0.0
P666,2017-06-07,0.1400000005,0.0
P666,2017-06-08,0.119999997,0.0
P666,2017-06-09,0.100000001,1.0
P666,2017-06-10,0.090000004,0.0
P666,2017-06-12,0.07,0.0
P666,2017-06-14,0.059999999,0.0
P666,2017-06-15,0.050000001,0.0
P666,2017-06-18,0.0249999995,0.75
P666,2017-06-21,0.0,1.0
P666,2017-06-22,0.21000000333333335,0.3333333333333333
P666,2017-06-25,0.170000002,1.0
P666,2017-06-27,0.159999996,0.0
P666,2017-06-28,0.150000006,1.0
P666,2017-06-29,0.129999995,0.0
P666,2017-07-05,0.103333334,0.3333333333333333
P666,2017-07-07,0.07,1.0
P666,2017-07-08,0.059999999,0.0
P666,2017-07-10,0.050000001,1.0
P666,2017-07-15,0.039999999,1.0
P666,2017-07-16,0.029999999,0.0
P666,2017-07-18,0.02,0.0
P666,2017-07-20,0.005,0.0
P666,2017-07-22,0.25,0.0
P666,2017-07-23,0.190000005,0.5
P666,2017-07-24,0.170000002,1.0
P666,2017-07-25,0.155000001,0.0
P666,2017-07-29,0.129999995,0.0
P666,2017-07-30,0.119999997,0.0
P666,2017-08-03,0.100000001,0.0
P666,2017-08-04,0.080000002,0.5
P666,2017-08-06,0.059999999,0.0
P666,2017-08-10,0.050000001,1.0
P666,2017-08-11,0.039999999,1.0
P666,2017-08-13,0.029999999,0.0
P666,2017-08-14,0.02,1.0
P666,2017-08-16,0.005,0.5
P666,2017-08-17,0.2250000015,1.0
P666,2017-08-19,0.180000007,1.0
P666,2017-08-20,0.170000002,1.0
P666,2017-08-23,0.155000001,0.0
P666,2017-08-24,0.129999995,1.0
P666,2017-08-26,0.119999997,1.0
P666,2017-08-28,0.100000001,0.0
P666,2017-09-03,0.090000004,1.0
P666,2017-09-05,0.07,1.0
P666,2017-09-06,0.059999999,0.0
P666,2017-09-10,0.050000001,1.0
P671,2017-04-25,0.01,1.0
P671,2017-04-27,0.150000001,0.6666666666666666
P671,2017-04-28,0.180000007,1.0
P671,2017-05-02,0.170000002,1.0
P671,2017-05-03,0.159999996,0.0
P671,2017-05-04,0.150000006,1.0
P671,2017-05-08,0.129999995,1.0
P671,2017-05-09,0.119999997,0.0
P671,2017-05-10,0.100000001,0.0
P671,2017-05-11,0.090000004,0.0
P671,2017-05-15,0.07,1.0
P671,2017-05-19,0.055,0.5
P671,2017-05-21,0.039999999,1.0
P671,2017-05-22,0.029999999,0.0
P671,2017-05-24,0.02,1.0
P671,2017-05-25,0.01,1.0
P671,2017-05-28,0.0,0.0
P671,2017-06-03,0.25,0.0
P671,2017-06-04,0.190000005,0.5
P671,2017-06-07,0.170000002,1.0
P671,2017-06-08,0.159999996,1.0
P671,2017-06-12,0.150000006,0.0
P671,2017-06-17,0.129999995,1.0
P671,2017-06-18,0.119999997,0.0
P671,2017-06-21,0.100000001,0.0
P671,2017-06-23,0.090000004,1.0
P671,2017-06-24,0.07,1.0
P671,2017-06-29,0.059999999,1.0
P671,2017-07-01,0.050000001,0.0
P671,2017-07-03,0.0249999995,0.75
P671,2017-07-09,0.0,1.0
P671,2017-07-11,0.25,0.0
P671,2017-07-12,0.190000005,0.5
P671,2017-07-15,0.170000002,0.0
P671,2017-07-17,0.159999996,0.0
P671,2017-07-18,0.150000006,1.0
P671,2017-07-19,0.129999995,1.0
P671,2017-07-22,0.119999997,0.0
P671,2017-07-24,0.100000001,1.0
P671,2017-07-27,0.090000004,1.0
P671,2017-07-29,0.07,0.0
P671,2017-07-30,0.059999999,0.0
P671,2017-08-02,0.045,0.5
P671,2017-08-04,0.029999999,1.0
P671,2017-08-09,0.02,0.0
P671,2017-08-10,0.005,0.0
P671,2017-08-11,0.25,1.0
P671,2017-08-12,0.200000003,0.0
P671,2017-08-14,0.1750000045,1.0
P671,2017-08-16,0.159999996,1.0
P671,2017-08-25,0.150000006,0.0
P671,2017-08-27,0.129999995,1.0
P671,2017-09-03,0.119999997,0.0
P671,2017-09-09,0.100000001,1.0
P677,2017-04-28,0.01,1.0
P677,2017-04-29,0.170000002,0.0
P677,2017-05-01,0.129999995,1.0
P677,2017-05-05,0.029999999,1.0
P677,2017-05-08,0.129999995,1.0
P677,2017-05-09,0.17000000199999998,1.0
P677,2017-05-11,0.039999999,0.0
P677,2017-05-12,0.055,0.5
P677,2017-05-16,0.129999995,1.0
P677,2017-05-18,0.116666667,0.3333333333333333
P677,2017-05-19,0.090000004,0.0
P677,2017-05-22,0.029999999,1.0
P677,2017-05-30,0.090000004,0.0
P677,2017-06-01,0.059999999,0.0
P677,2017-06-03,0.1366666666666667,0.3333333333333333
P677,2017-06-06,0.10500000150000001,0.5
P677,2017-06-12,0.170000002,0.0
P677,2017-06-13,0.129999995,1.0
P677,2017-06-17,0.170000002,1.0
P677,2017-06-21,0.059999999,1.0
P677,2017-06-25,0.129999995,1.0
P677,2017-06-27,0.045,0.5
P677,2017-07-01,0.02,0.0
P677,2017-07-02,0.150000006,1.0
P677,2017-07-05,0.124999996,1.0
P677,2017-07-06,0.15000000200000002,0.0
P677,2017-07-14,0.090000004,1.0
P677,2017-07-17,0.129999995,0.0
P677,2017-07-20,0.090000004,0.0
P677,2017-07-24,0.170000002,1.0
P677,2017-07-30,0.01,1.0
P677,2017-08-04,0.106666667,0.6666666666666666
P677,2017-08-05,0.120000003,0.0
P677,2017-08-09,0.159999996,0.0
P677,2017-08-10,0.109999999,1.0
P677,2017-08-13,0.02,1.0
P677,2017-08-15,0.150000006,0.0
P677,2017-08-16,0.06999999750000001,0.5
P677,2017-08-19,0.029999999,0.0
P677,2017-08-26,0.0,0.0
P677,2017-08-27,0.050000001,0.0
P677,2017-08-29,0.090000004,0.0
P677,2017-08-30,0.01,1.0
P677,2017-09-06,0.125,0.5
P677,2017-09-07,0.029999999,1.0
P677,2017-09-10,0.170000002,1.0
P691,2017-04-23,0.120000003,0.5
P691,2017-04-24,0.01,1.0
P691,2017-04-27,0.029999999,1.0
P691,2017-04-30,0.07,1.0
P691,2017-05-02,0.0,0.0
P691,2017-05-11,0.0,0.0
P691,2017-05-12,0.0950000035,1.0
P691,2017-05-16,0.25,0.0
P691,2017-05-18,0.159999996,0.0
P691,2017-05-20,0.100000001,1.0
P691,2017-05-22,0.159999996,0.0
P691,2017-05-26,0.090000004,0.0
P691,2017-05-27,0.090000004,1.0
P691,2017-06-04,0.039999999,0.0
P691,2017-06-06,0.029999999,1.0
P691,2017-06-08,0.090000004,1.0
P691,2017-06-11,0.050000001,0.0
P691,2017-06-14,0.059999999,1.0
P691,2017-06-19,0.02,1.0
P691,2017-06-20,0.01,1.0
P691,2017-06-22,0.0599999985,0.5
P691,2017-07-02,0.180000007,0.0
P691,2017-07-03,0.170000002,1.0
P691,2017-07-07,0.150000006,0.0
P691,2017-07-09,0.25,1.0
P691,2017-07-14,0.129999995,0.0
P691,2017-07-16,0.029999999,0.0
P691,2017-07-18,0.01,1.0
P691,2017-07-22,0.125,0.0
P691,2017-07-29,0.200000003,0.0
P691,2017-07-31,0.119999997,0.0
P691,2017-08-02,0.180000007,1.0
P691,2017-08-03,0.170000002,1.0
P691,2017-08-04,0.159999996,0.0
P691,2017-08-08,0.119999997,0.0
P691,2017-08-09,0.130000003,0.0
P691,2017-08-10,0.07,1.0
P691,2017-08-11,0.100000001,1.0
P691,2017-08-18,0.07666666566666668,0.3333333333333333
P691,2017-08-23,0.100000001,1.0
P691,2017-08-24,0.050000001,1.0
P691,2017-08-28,0.0600000015,0.5
P691,2017-08-30,0.25,1.0
P691,2017-08-31,0.0750000015,0.5
P703,2015-01-06,0.129999995,1.0
P703,2015-01-07,0.050000001,0.0
P703,2015-01-11,0.04,0.5
P703,2015-01-14,0.02,1.0
P703,2015-01-18,0.01,0.0
P703,2015-01-21,0.090000004,0.0
P703,2015-01-24,0.0,1.0
P703,2015-01-29,0.180000007,1.0
P703,2015-02-03,0.039999999,1.0
P703,2015-02-07,0.155000001,0.0
P703,2015-02-08,0.029999999,1.0
P703,2015-02-09,0.129999995,0.0
P703,2015-02-10,0.0699999985,0.5
P703,2015-02-12,0.07,0.0
P703,2015-02-16,0.150000006,1.0
P703,2015-02-18,0.119999997,1.0
P703,2015-02-26,0.01,1.0
P703,2015-03-11,0.07,1.0
P703,2015-03-15,0.059999999,1.0
P703,2015-03-16,0.050000001,0.0
P703,2015-03-17,0.029999999,0.0
P703,2015-03-26,0.039999999,1.0
P703,2015-03-27,0.200000003,0.0
P703,2015-04-01,0.129999995,0.0
P703,2015-04-02,0.01,1.0
P703,2015-04-03,0.159999996,0.0
P703,2015-04-06,0.180000007,1.0
P703,2015-04-13,0.100000001,0.0
P703,2015-04-15,0.090000004,0.0
P703,2015-04-16,0.01,0.0
P703,2015-04-17,0.150000006,1.0
P703,2015-04-18,0.0,1.0
P703,2015-04-20,0.1750000005,0.5
P703,2015-04-22,0.090000004,0.0
P703,2015-05-01,0.039999999,0.0
P703,2015-05-05,0.039999999,1.0
P703,2015-05-07,0.159999996,0.0
P703,2015-05-09,0.1400000005,0.5
P703,2015-05-13,0.119999997,0.0
P703,2015-05-15,0.029999999,0.0
P703,2015-05-21,0.030000000500000002,1.0
P703,2015-05-25,0.01,1.0
P703,2015-05-26,0.059999999,1.0
P703,2015-06-04,0.02,1.0
P703,2015-06-05,0.20000000299999998,0.5
P703,2015-06-07,0.01,0.0
P703,2015-06-08,0.190000005,0.5
P703,2015-06-09,0.170000002,0.0
P703,2015-06-12,0.129999995,1.0
P703,2015-06-14,0.200000003,0.0
P703,2015-06-20,0.129999995,0.0
P703,2015-06-22,0.119999997,1.0
P703,2015-06-25,0.170000002,1.0
P703,2015-07-06,0.059999999,1.0
P703,2015-07-07,0.129999995,1.0
P703,2015-07-09,0.103333334,1.0
P703,2015-07-10,0.159999996,0.0
P703,2015-07-11,0.07,1.0
P703,2015-07-12,0.1050000025,1.0
P703,2015-07-14,0.129999995,1.0
P703,2015-07-18,0.07,1.0
P703,2015-07-24,0.090000004,1.0
P703,2015-07-25,0.039999999,1.0
P703,2015-07-30,0.100000001,1.0
P703,2015-07-31,0.02,0.0
P703,2015-08-02,0.01,1.0
P703,2015-08-03,0.0,0.0
P703,2015-08-04,0.090000004,1.0
P703,2015-08-08,0.200000003,0.0
P703,2015-08-13,0.180000007,1.0
P703,2015-08-16,0.026666666000000002,1.0
P703,2015-08-17,0.039999999,1.0
P703,2015-08-18,0.12666666933333334,0.0
P703,2015-08-19,0.159999996,1.0
P703,2015-08-21,0.25,0.0
P703,2015-08-22,0.200000003,1.0
P703,2015-08-23,0.01,0.0
P703,2015-08-30,0.159999996,1.0
P703,2015-09-14,0.119999997,0.0
P703,2015-09-21,0.090000004,1.0
P703,2015-09-23,0.180000007,1.0
P703,2015-09-24,0.07,1.0
P703,2015-09-25,0.170000002,1.0
P703,2015-09-28,0.059999999,0.0
P703,2015-09-30,0.059999999,1.0
P703,2015-10-03,0.159999996,0.0
P703,2015-10-05,0.129999995,1.0
P703,2015-10-08,0.0399999995,0.0
P703,2015-10-15,0.029999999,0.0
P703,2015-10-17,0.035,0.5
P703,2015-10-23,0.02,0.0
P703,2015-10-29,0.100000001,0.0
P703,2015-11-01,0.02,1.0
P703,2015-11-03,0.01,1.0
P703,2015-11-04,0.039999999,1.0
P703,2015-11-13,0.200000003,0.0
P703,2015-11-14,0.059999999,1.0
P703,2015-11-16,0.0949999975,0.5
P703,2015-11-19,0.039999999,1.0
P703,2015-11-20,0.25,1.0
P703,2015-11-21,0.01,0.0
P703,2015-11-27,0.0,1.0
P703,2015-11-30,0.150000006,1.0
P703,2015-12-04,0.10666666400000001,0.6666666666666666
P703,2015-12-06,0.159999996,0.0
P703,2015-12-08,0.090000004,0.0
P703,2015-12-16,0.074999998,1.0
P703,2015-12-18,0.13500000150000002,0.5
P703,2015-12-24,0.059999999,0.0
P703,2015-12-25,0.129999995,0.0
P703,2015-12-26,0.119999997,0.0
P703,2015-12-28,0.050000001,0.0
P703,2015-12-31,0.039999999,1.0
P703,2016-01-07,0.0399999995,1.0
P703,2016-01-09,0.01,0.0
P703,2016-01-10,0.07,1.0
P703,2016-01-11,0.0,1.0
P703,2016-01-18,0.1450000035,0.5
P703,2016-01-27,0.159999996,0.0
P703,2016-01-28,0.039999999,0.0
P703,2016-02-01,0.050000001,0.0
P703,2016-02-05,0.0,0.0
P703,2016-02-14,0.02,1.0
P703,2016-02-18,0.159999996,0.0
P703,2016-02-20,0.059999999,0.0
P703,2016-02-21,0.25,0.0
P703,2016-02-24,0.0950000025,1.0
P703,2016-02-29,0.100000001,0.0
P703,2016-03-05,0.07,1.0
P703,2016-03-09,0.059999999,1.0
P703,2016-03-10,0.02,0.0
P703,2016-03-13,0.01,0.0
P703,2016-03-16,0.200000003,0.0
P703,2016-03-17,0.050000001,0.0
P703,2016-03-18,0.039999999,0.0
P703,2016-03-25,0.02,1.0
P703,2016-04-02,0.25,1.0
P703,2016-04-04,0.159999996,0.0
P703,2016-04-08,0.200000003,0.0
P703,2016-04-09,0.2250000015,0.5
P703,2016-04-11,0.1750000045,0.5
P703,2016-04-15,0.180000007,0.0
P703,2016-04-18,0.150000006,0.0
P703,2016-04-21,0.170000002,0.0
P703,2016-04-30,0.150000006,0.0
P703,2016-05-01,0.129999995,1.0
P703,2016-05-03,0.170000002,1.0
P703,2016-05-07,0.155000001,0.5
P703,2016-05-13,0.090000004,0.0
P703,2016-05-14,0.100000001,0.0
P703,2016-05-18,0.050000001,1.0
P703,2016-05-22,0.100000001,0.0
P703,2016-05-23,0.0650000015,0.5
P703,2016-05-25,0.029999999,0.0
P703,2016-06-06,0.0750000015,0.5
P703,2016-06-13,0.050000001,0.0
P703,2016-06-15,0.029999999,1.0
P703,2016-06-18,0.029999999,0.0
P703,2016-06-20,0.059999999,1.0
P703,2016-06-26,0.015,1.0
P703,2016-06-28,0.0,1.0
P703,2016-07-06,0.25,0.0
P703,2016-07-07,0.029999999,1.0
P703,2016-07-09,0.180000007,1.0
P703,2016-07-10,0.02,1.0
P703,2016-07-13,0.170000002,0.0
P703,2016-07-15,0.0,1.0
P703,2016-07-20,0.25,0.0
P703,2016-07-23,0.159999996,1.0
P703,2016-07-26,0.150000006,1.0
P703,2016-07-29,0.119999997,1.0
P703,2016-07-31,0.170000002,0.0
P703,2016-08-03,0.159999996,1.0
P703,2016-08-06,0.129999995,0.0
P703,2016-08-07,0.200000003,1.0
P703,2016-08-08,0.100000001,0.0
P703,2016-08-14,0.059999999,1.0
P703,2016-08-15,0.155000001,0.5
P703,2016-08-16,0.170000002,0.0
P703,2016-08-17,0.100000001,0.0
P703,2016-08-19,0.12000000499999999,1.0
P703,2016-08-23,0.129999995,0.0
P703,2016-08-26,0.039999999,1.0
P703,2016-08-28,0.055000002,0.5
P703,2016-08-30,0.07,1.0
P703,2016-09-01,0.050000001,1.0
P703,2016-09-06,0.200000003,1.0
P703,2016-09-08,0.07,0.0
P703,2016-09-10,0.039999999,1.0
P703,2016-09-14,0.090000004,1.0
P703,2016-09-18,0.030000000500000002,1.0
P703,2016-09-21,0.01,0.0
P703,2016-09-25,0.150000006,0.0
P703,2016-09-26,0.029999999,0.0
P703,2016-09-27,0.170000002,0.0
P703,2016-09-28,0.159999996,0.0
P703,2016-09-29,0.150000006,1.0
P703,2016-10-06,0.12333333233333332,0.3333333333333333
P703,2016-10-14,0.25,0.0
P703,2016-10-16,0.100000001,0.0
P703,2016-10-17,0.090000004,1.0
P703,2016-10-23,0.050000001,1.0
P703,2016-10-25,0.039999999,0.0
P703,2016-10-29,0.129999995,0.0
P703,2016-10-31,0.180000007,1.0
P703,2016-11-02,0.090000004,1.0
P703,2016-11-03,0.0,1.0
P703,2016-11-05,0.07,0.0
P703,2016-11-07,0.159999996,1.0
P703,2016-11-08,0.129999995,1.0
P703,2016-11-12,0.100000001,0.0
P703,2016-11-15,0.029999999,1.0
P703,2016-11-18,0.02,0.0
P703,2016-11-19,0.059999999,0.0
P703,2016-11-25,0.015,1.0
P703,2016-11-27,0.039999999,1.0
P703,2016-12-03,0.029999999,0.0
P703,2016-12-07,0.180000007,0.0
P703,2016-12-09,0.170000002,1.0
P703,2016-12-19,0.25,1.0
P703,2016-12-23,0.129999995,0.0
P703,2016-12-25,0.119999997,1.0
P703,2016-12-26,0.100000001,1.0
P703,2016-12-28,0.07,1.0
P703,2016-12-29,0.059999999,0.0
P703,2016-12-31,0.110000003,0.5
P703,2017-01-04,0.039999999,1.0
P703,2017-01-06,0.129999995,0.0
P703,2017-01-08,0.100000001,0.0
P703,2017-01-14,0.090000004,1.0
P703,2017-01-15,0.07,0.0
P703,2017-01-19,0.07,1.0
P703,2017-01-21,0.050000001,0.0
P703,2017-01-26,0.01,0.0
P703,2017-01-31,0.0,1.0
P703,2017-02-01,0.0,1.0
P703,2017-02-05,0.1500000005,1.0
P703,2017-02-08,0.200000003,0.0
P703,2017-02-12,0.170000002,1.0
P703,2017-02-13,0.180000007,0.0
P703,2017-02-20,0.180000007,1.0
P703,2017-02-23,0.150000006,1.0
P703,2017-02-24,0.159999996,0.0
P703,2017-03-04,0.100000001,1.0
P703,2017-03-06,0.090000004,1.0
P703,2017-03-07,0.0,1.0
P703,2017-03-08,0.25,0.0
P703,2017-03-13,0.02,1.0
P703,2017-03-18,0.129999995,0.0
P703,2017-03-22,0.170000002,1.0
P703,2017-04-01,0.25,0.0
P703,2017-04-03,0.090000004,1.0
P703,2017-04-04,0.07,1.0
P703,2017-04-05,0.050000001,1.0
P703,2017-04-09,0.039999999,1.0
P703,2017-04-12,0.200000003,0.0
P703,2017-04-14,0.12333333633333333,0.3333333333333333
P703,2017-04-15,0.029999999,1.0
P703,2017-04-20,0.159999996,0.0
P703,2017-04-21,0.01,1.0
P705,2017-04-23,0.045,0.5
P705,2017-04-24,0.029999999,1.0
P705,2017-04-26,0.015,0.5
P705,2017-04-27,0.0,0.0
P705,2017-04-29,0.25,0.0
P705,2017-04-30,0.200000003,0.0
P705,2017-05-03,0.180000007,0.0
P705,2017-05-04,0.170000002,0.0
P705,2017-05-07,0.159999996,1.0
P705,2017-05-14,0.150000006,0.0
P705,2017-05-22,0.129999995,1.0
P705,2017-05-23,0.119999997,1.0
P705,2017-05-24,0.100000001,1.0
P705,2017-05-25,0.090000004,1.0
P705,2017-05-29,0.07,1.0
P705,2017-05-30,0.059999999,0.0
P705,2017-06-01,0.050000001,0.0
P705,2017-06-02,0.039999999,0.0
P705,2017-06-06,0.029999999,1.0
P705,2017-06-08,0.02,1.0
P705,2017-06-10,0.01,0.0
P705,2017-06-13,0.0,1.0
P705,2017-06-15,0.2250000015,1.0
P705,2017-06-17,0.180000007,1.0
P705,2017-06-18,0.170000002,0.0
P705,2017-06-26,0.159999996,0.0
P705,2017-06-28,0.150000006,1.0
P705,2017-06-29,0.124999996,1.0
P705,2017-06-30,0.100000001,1.0
P705,2017-07-03,0.080000002,0.5
P705,2017-07-06,0.059999999,1.0
P705,2017-07-07,0.045,0.5
P705,2017-07-10,0.029999999,0.0
P705,2017-07-12,0.02,0.0
P705,2017-07-15,0.01,1.0
P705,2017-07-16,0.0,0.0
P705,2017-07-17,0.2250000015,0.5
P705,2017-07-19,0.180000007,0.0
P705,2017-07-20,0.170000002,0.0
P705,2017-07-25,0.155000001,0.0
P705,2017-07-27,0.129999995,1.0
P705,2017-07-28,0.119999997,1.0
P705,2017-07-29,0.100000001,1.0
P705,2017-08-01,0.090000004,0.0
P705,2017-08-02,0.07,1.0
P705,2017-08-10,0.059999999,0.0
P705,2017-08-11,0.050000001,0.0
P705,2017-08-14,0.039999999,1.0
P705,2017-08-17,0.029999999,0.0
P705,2017-08-19,0.02,0.0
P705,2017-08-23,0.11500000075,0.5
P705,2017-08-26,0.1750000045,0.5
P705,2017-08-28,0.155000001,0.5
P705,2017-08-31,0.129999995,0.0
P705,2017-09-02,0.109999999,0.5
P705,2017-09-10,0.090000004,1.0
P715,2017-04-23,0.039999999,0.0
P715,2017-04-24,0.029999999,1.0
P715,2017-04-27,0.129999995,0.0
P715,2017-04-30,0.100000001,1.0
P715,2017-05-02,0.02,1.0
P715,2017-05-03,0.090000004,1.0
P715,2017-05-04,0.050000001,0.0
P715,2017-05-08,0.129999995,0.0
P715,2017-05-09,0.180000007,1.0
P715,2017-05-11,0.180000007,0.0
P715,2017-05-16,0.029999999,0.0
P715,2017-05-17,0.150000006,0.0
P715,2017-05-29,0.100000001,0.0
P715,2017-05-30,0.035,0.0
P715,2017-05-31,0.029999999,0.0
P715,2017-06-02,0.08666666899999999,0.0
P715,2017-06-03,0.09000000100000001,0.5
P715,2017-06-09,0.02,1.0
P715,2017-06-15,0.200000003,0.0
P715,2017-06-17,0.12000000100000001,0.5
P715,2017-06-20,0.02,1.0
P715,2017-06-23,0.07,1.0
P715,2017-06-27,0.0299999995,0.5
P715,2017-06-28,0.050000001,1.0
P715,2017-06-29,0.180000007,0.0
P715,2017-07-03,0.029999999,1.0
P715,2017-07-04,0.180000007,0.0
P715,2017-07-11,0.059999999,1.0
P715,2017-07-15,0.159999996,0.0
P715,2017-07-17,0.180000007,1.0
P715,2017-07-20,0.150000006,1.0
P715,2017-07-24,0.02,0.0
P715,2017-07-26,0.25,1.0
P715,2017-08-02,0.114999998,0.5
P715,2017-08-03,0.25,0.0
P715,2017-08-04,0.0250000005,0.0
P715,2017-08-05,0.14000000033333335,0.3333333333333333
P715,2017-08-08,0.07,1.0
P715,2017-08-09,0.180000007,1.0
P715,2017-08-10,0.119999997,0.0
P715,2017-08-11,0.119999997,1.0
P715,2017-08-12,0.090000004,0.0
P715,2017-08-13,0.050000001,0.0
P715,2017-08-14,0.050000001,0.0
P715,2017-08-17,0.1350000055,0.0
P715,2017-08-20,0.100000001,0.0
P715,2017-08-21,0.150000006,0.0
P715,2017-08-25,0.200000003,0.0
P715,2017-08-26,0.0349999995,0.5
P715,2017-08-27,0.25,1.0
P715,2017-08-28,0.119999997,1.0
P715,2017-08-30,0.25,1.0
P715,2017-09-04,0.059999999,0.0
P715,2017-09-05,0.07,1.0
P715,2017-09-06,0.029999999,1.0
P715,2017-09-08,0.180000007,1.0
P724,2017-04-23,0.200000003,1.0
P724,2017-04-26,0.01,1.0
P724,2017-04-29,0.25,1.0
P724,2017-05-05,0.180000007,1.0
P724,2017-05-06,0.170000002,0.0
P724,2017-05-07,0.160000004,1.0
P724,2017-05-10,0.200000003,0.0
P724,2017-05-12,0.159999996,0.0
P724,2017-05-13,0.01,1.0
P724,2017-05-14,0.150000006,0.0
P724,2017-05-16,0.119999997,0.0
P724,2017-05-21,0.159999996,1.0
P724,2017-05-26,0.129999995,0.0
P724,2017-05-31,0.119999997,1.0
P724,2017-06-01,0.0950000025,0.5
P724,2017-06-04,0.100000001,1.0
P724,2017-06-06,0.02,0.0
P724,2017-06-07,0.07,1.0
P724,2017-06-16,0.155000001,1.0
P724,2017-06-17,0.210000001,0.0
P724,2017-06-18,0.1449999995,1.0
P724,2017-06-19,0.150000006,1.0
P724,2017-06-21,0.159999996,0.0
P724,2017-06-22,0.150000006,1.0
P724,2017-06-24,0.0950000025,0.5
P724,2017-06-25,0.059999999,1.0
P724,2017-06-29,0.07,0.0
P724,2017-06-30,0.12000000100000001,0.0
P724,2017-07-01,0.129999995,1.0
P724,2017-07-04,0.200000003,0.0
P724,2017-07-05,0.050000001,1.0
P724,2017-07-06,0.12333332966666666,0.6666666666666666
P724,2017-07-07,0.08,1.0
P724,2017-07-11,0.100000001,0.0
P724,2017-07-12,0.25,1.0
P724,2017-07-14,0.150000006,1.0
P724,2017-07-15,0.090000004,0.0
P724,2017-07-17,0.050000001,1.0
P724,2017-07-22,0.029999999,0.0
P724,2017-07-30,0.02,0.0
P724,2017-08-05,0.0424999995,0.5
P724,2017-08-06,0.20000000299999998,1.0
P724,2017-08-07,0.100000001,0.0
P724,2017-08-08,0.200000003,1.0
P724,2017-08-12,0.119999997,1.0
P724,2017-08-14,0.039999999,0.0
P724,2017-08-15,0.050000001,0.0
P724,2017-08-16,0.029999999,0.0
P724,2017-08-17,0.129999995,1.0
P724,2017-08-19,0.25,1.0
P724,2017-08-23,0.200000003,1.0
P724,2017-08-29,0.02,1.0
P724,2017-08-30,0.039999999,0.0
P724,2017-09-01,0.0949999975,0.5
P724,2017-09-02,0.150000006,0.0
P724,2017-09-05,0.01,1.0
P724,2017-09-07,0.0,0.0
P725,2017-04-23,0.1400000005,0.5
P725,2017-04-25,0.119999997,1.0
P725,2017-04-27,0.08666666833333332,1.0
P725,2017-04-28,0.059999999,1.0
P725,2017-04-29,0.050000001,0.0
P725,2017-05-03,0.039999999,0.0
P725,2017-05-05,0.029999999,0.0
P725,2017-05-09,0.015,1.0
P725,2017-05-11,0.125,0.5
P725,2017-05-15,0.190000005,0.0
P725,2017-05-16,0.170000002,0.0
P725,2017-05-17,0.159999996,1.0
P725,2017-05-27,0.150000006,1.0
P725,2017-05-30,0.129999995,0.0
P725,2017-05-31,0.119999997,1.0
P725,2017-06-04,0.0950000025,0.0
P725,2017-06-05,0.07,1.0
P725,2017-06-06,0.059999999,0.0
P725,2017-06-08,0.050000001,1.0
P725,2017-06-09,0.039999999,1.0
P725,2017-06-10,0.029999999,0.0
P725,2017-06-11,0.02,1.0
P725,2017-06-13,0.01,0.0
P725,2017-06-14,0.125,0.0
P725,2017-06-17,0.200000003,1.0
P725,2017-06-18,0.180000007,1.0
P725,2017-06-21,0.164999999,0.0
P725,2017-06-26,0.1400000005,0.5
P725,2017-06-28,0.109999999,1.0
P725,2017-06-29,0.090000004,1.0
P725,2017-07-01,0.07,0.0
P725,2017-07-03,0.059999999,0.0
P725,2017-07-06,0.050000001,1.0
P725,2017-07-08,0.039999999,1.0
P725,2017-07-09,0.029999999,1.0
P725,2017-07-10,0.015,0.5
P725,2017-07-13,0.0,1.0
P725,2017-07-14,0.25,1.0
P725,2017-07-15,0.190000005,1.0
P725,2017-07-16,0.170000002,1.0
P725,2017-07-19,0.159999996,1.0
P725,2017-07-23,0.150000006,1.0
P725,2017-07-26,0.129999995,0.0
P725,2017-07-29,0.119999997,1.0
P725,2017-07-30,0.0950000025,0.5
P725,2017-07-31,0.07,0.0
P725,2017-08-05,0.059999999,0.0
P725,2017-08-07,0.050000001,0.0
P725,2017-08-08,0.039999999,1.0
P725,2017-08-09,0.029999999,1.0
P725,2017-08-13,0.02,0.0
P725,2017-08-14,0.01,0.0
P725,2017-08-17,0.150000001,0.3333333333333333
P725,2017-08-18,0.180000007,1.0
P725,2017-08-19,0.170000002,0.0
P725,2017-08-26,0.159999996,1.0
P725,2017-08-28,0.150000006,1.0
P725,2017-08-31,0.129999995,1.0
P725,2017-09-02,0.119999997,0.0
P725,2017-09-10,0.100000001,0.0
P728,2015-01-06,0.050000001,0.0
P728,2015-01-08,0.0249999995,1.0
P728,2015-01-09,0.100000001,1.0
P728,2015-01-10,0.055000002,1.0
P728,2015-01-13,0.04,0.5
P728,2015-01-17,0.0,1.0
P728,2015-01-19,0.0199999995,0.0
P728,2015-01-21,0.059999999,1.0
P728,2015-01-24,0.039999999,0.0
P728,2015-01-27,0.050000001,1.0
P728,2015-01-29,0.02,0.0
P728,2015-01-30,0.01,0.0
P728,2015-02-01,0.0149999995,1.0
P728,2015-02-06,0.135,0.0
P728,2015-02-09,0.0,0.0
P728,2015-02-11,0.200000003,1.0
P728,2015-02-12,0.180000007,0.0
P728,2015-02-14,0.01,1.0
P728,2015-02-18,0.25,1.0
P728,2015-02-19,0.25,1.0
P728,2015-02-23,0.1850000025,1.0
P728,2015-02-24,0.039999999,1.0
P728,2015-02-26,0.200000003,1.0
P728,2015-02-28,0.029999999,1.0
P728,2015-03-04,0.180000007,1.0
P728,2015-03-08,0.180000007,1.0
P728,2015-03-12,0.170000002,0.0
P728,2015-03-13,0.159999996,0.0
P728,2015-03-16,0.150000006,0.0
P728,2015-03-17,0.1499999985,0.5
P728,2015-03-18,0.0,1.0
P728,2015-03-22,0.18499999849999998,0.5
P728,2015-03-25,0.1799999995,0.0
P728,2015-03-28,0.100000001,1.0
P728,2015-03-29,0.02,1.0
P728,2015-04-11,0.090000004,0.0
P728,2015-04-16,0.150000006,1.0
P728,2015-04-26,0.129999995,1.0
P728,2015-04-29,0.180000007,1.0
P728,2015-05-01,0.159999996,0.0
P728,2015-05-04,0.01,0.0
P728,2015-05-09,0.119999997,0.0
P728,2015-05-10,0.150000006,1.0
P728,2015-05-11,0.170000002,0.0
P728,2015-05-14,0.129999995,0.0
P728,2015-05-19,0.119999997,1.0
P728,2015-05-20,0.100000001,1.0
P728,2015-05-21,0.0,0.0
P728,2015-05-22,0.159999996,1.0
P728,2015-05-25,0.100000001,0.0
P728,2015-05-26,0.110000003,0.5
P728,2015-05-30,0.090000004,0.0
P728,2015-06-01,0.129999995,1.0
P728,2015-06-02,0.0649999995,1.0
P728,2015-06-04,0.059999999,1.0
P728,2015-06-05,0.050000001,1.0
P728,2015-06-06,0.1449999995,0.5
P728,2015-06-07,0.029999999,1.0
P728,2015-06-16,0.119999997,1.0
P728,2015-06-17,0.060000000500000004,1.0
P728,2015-06-19,0.090000004,1.0
P728,2015-06-21,0.200000003,0.0
P728,2015-06-26,0.01,0.0
P728,2015-06-27,0.180000007,1.0
P728,2015-06-28,0.170000002,0.0
P728,2015-07-05,0.07,1.0
P728,2015-07-06,0.159999996,1.0
P728,2015-07-07,0.059999999,1.0
P728,2015-07-14,0.045,0.5
P728,2015-07-16,0.090000004,0.0
P728,2015-07-18,0.050000001,1.0
P728,2015-07-19,0.039999999,0.0
P728,2015-07-24,0.07,1.0
P728,2015-07-28,0.150000006,0.0
P728,2015-07-29,0.0,1.0
P728,2015-08-05,0.029999999,1.0
P728,2015-08-10,0.25,0.0
P728,2015-08-17,0.059999999,1.0
P728,2015-08-24,0.115000001,0.5
P728,2015-08-27,0.0350000005,0.5
P728,2015-08-29,0.180000007,0.0
P728,2015-08-31,0.01,0.0
P728,2015-09-01,0.0,0.0
P728,2015-09-07,0.039999999,0.0
P728,2015-09-08,0.25,1.0
P728,2015-09-13,0.170000002,1.0
P728,2015-09-18,0.200000003,1.0
P728,2015-09-22,0.180000007,0.0
P728,2015-09-27,0.159999996,1.0
P728,2015-10-06,0.150000006,0.0
P728,2015-10-10,0.0249999995,0.5
P728,2015-10-12,0.0749999975,0.0
P728,2015-10-13,0.01,0.0
P728,2015-10-15,0.0,1.0
P728,2015-10-16,0.129999995,0.0
P728,2015-10-17,0.119999997,1.0
P728,2015-10-19,0.119999997,1.0
P728,2015-10-23,0.100000001,1.0
P728,2015-11-01,0.2250000015,1.0
P728,2015-11-05,0.090000004,1.0
P728,2015-11-07,0.100000001,0.0
P728,2015-11-08,0.170000002,1.0
P728,2015-11-19,0.07,1.0
P728,2015-11-21,0.159999996,0.0
P728,2015-11-26,0.01,0.0
P728,2015-11-29,0.0,1.0
P728,2015-12-01,0.25,1.0
P728,2015-12-05,0.12000000499999999,1.0
P728,2015-12-06,0.059999999,1.0
P728,2015-12-07,0.050000001,1.0
P728,2015-12-08,0.039999999,0.0
P728,2015-12-12,0.200000003,0.0
P728,2015-12-13,0.029999999,1.0
P728,2015-12-15,0.07,1.0
P728,2015-12-21,0.02,0.0
P728,2015-12-29,0.01,0.0
P728,2015-12-31,0.129999995,1.0
P728,2016-01-06,0.180000007,1.0
P728,2016-01-13,0.119999997,1.0
P728,2016-01-19,0.170000002,1.0
P728,2016-01-20,0.059999999,0.0
P728,2016-01-21,0.050000001,1.0
P728,2016-01-24,0.1299999985,0.0
P728,2016-02-01,0.110000003,0.5
P728,2016-02-06,0.0,1.0
P728,2016-02-07,0.25,0.0
P728,2016-02-08,0.090000004,1.0
P728,2016-02-15,0.07,1.0
P728,2016-02-19,0.059999999,1.0
P728,2016-02-21,0.170000002,0.0
P728,2016-02-26,0.150000006,1.0
P728,2016-02-29,0.200000003,0.0
P728,2016-03-04,0.180000007,1.0
P728,2016-03-05,0.170000002,1.0
P728,2016-03-09,0.159999996,1.0
P728,2016-03-13,0.150000006,1.0
P728,2016-03-20,0.029999999,1.0
P728,2016-03-26,0.159999996,1.0
P728,2016-03-27,0.129999995,1.0
P728,2016-03-28,0.119999997,1.0
P728,2016-04-01,0.050000001,0.0
P728,2016-04-02,0.100000001,1.0
P728,2016-04-03,0.090000004,1.0
P728,2016-04-06,0.129999995,1.0
P728,2016-04-07,0.039999999,0.0
P728,2016-04-14,0.119999997,1.0
P728,2016-04-16,0.029999999,1.0
P728,2016-04-21,0.150000006,0.0
P728,2016-04-22,0.02,1.0
P728,2016-04-24,0.100000001,1.0
P728,2016-04-26,0.02,1.0
P728,2016-04-27,0.01,1.0
P728,2016-04-29,0.07,1.0
P728,2016-04-30,0.1099999995,0.5
P728,2016-05-04,0.119999997,0.0
P728,2016-05-05,0.04,0.0
P728,2016-05-06,0.08,0.5
P728,2016-05-07,0.059999999,1.0
P728,2016-05-09,0.090000004,1.0
P728,2016-05-11,0.07,0.0
P728,2016-05-14,0.050000001,0.0
P728,2016-05-15,0.0,1.0
P728,2016-05-16,0.0,1.0
P728,2016-05-17,0.25,1.0
P728,2016-05-26,0.050000001,1.0
P728,2016-05-27,0.25,1.0
P728,2016-06-10,0.039999999,1.0
P728,2016-06-12,0.039999999,1.0
P728,2016-06-16,0.055,0.5
P728,2016-06-17,0.200000003,0.0
P728,2016-06-20,0.07666666866666666,0.6666666666666666
P728,2016-06-24,0.029999999,1.0
P728,2016-06-27,0.02,1.0
P728,2016-06-29,0.01,1.0
P728,2016-07-02,0.039999999,1.0
P728,2016-07-05,0.200000003,0.0
P728,2016-07-06,0.180000007,0.0
P728,2016-07-12,0.01,1.0
P728,2016-07-13,0.0,1.0
P728,2016-07-20,0.170000002,1.0
P728,2016-07-21,0.20499999800000002,1.0
P728,2016-07-22,0.0,0.0
P728,2016-07-25,0.25,0.0
P728,2016-07-30,0.029999999,0.0
P728,2016-08-01,0.170000002,1.0
P728,2016-08-03,0.200000003,1.0
P728,2016-08-07,0.02,1.0
P728,2016-08-09,0.01,0.0
P728,2016-08-10,0.159999996,0.0
P728,2016-08-13,0.150000006,1.0
P728,2016-08-16,0.200000003,1.0
P728,2016-08-22,0.150000006,1.0
P728,2016-08-25,0.129999995,1.0
P728,2016-08-27,0.180000007,0.0
P728,2016-08-28,0.180000007,0.0
P728,2016-09-05,0.170000002,1.0
P728,2016-09-10,0.170000002,0.0
P728,2016-09-15,0.09666666366666667,0.3333333333333333
P728,2016-09-17,0.119999997,0.0
P728,2016-09-18,0.150000006,0.0
P728,2016-09-21,0.159999996,1.0
P728,2016-09-23,0.100000001,1.0
P728,2016-09-29,0.100000001,0.0
P728,2016-10-01,0.090000004,0.0
P728,2016-10-04,0.090000004,0.0
P728,2016-10-06,0.25,0.0
P728,2016-10-07,0.07,1.0
P728,2016-10-08,0.129999995,0.0
P728,2016-10-10,0.059999999,1.0
P728,2016-10-15,0.050000001,1.0
P728,2016-10-16,0.07,0.0
P728,2016-10-20,0.150000006,1.0
P728,2016-10-22,0.039999999,1.0
P728,2016-10-24,0.029999999,0.0
P728,2016-10-28,0.02,0.0
P728,2016-10-29,0.01,0.0
P728,2016-11-01,0.119999997,1.0
P728,2016-11-19,0.0,0.0
P728,2016-11-25,0.059999999,1.0
P728,2016-12-02,0.129999995,1.0
P728,2016-12-03,0.050000001,0.0
P728,2016-12-04,0.07,0.5
P728,2016-12-06,0.090000004,0.0
P728,2016-12-18,0.07,0.0
P728,2016-12-22,0.029999999,1.0
P728,2016-12-24,0.200000003,0.0
P728,2016-12-26,0.029999999666666666,0.6666666666666666
P728,2016-12-28,0.180000007,1.0
P728,2016-12-29,0.170000002,0.0
P728,2017-01-01,0.0250000005,0.0
P728,2017-01-05,0.119999997,1.0
P728,2017-01-09,0.25,0.0
P728,2017-01-14,0.159999996,1.0
P728,2017-01-15,0.200000003,0.0
P728,2017-01-20,0.180000007,0.0
P728,2017-01-23,0.100000001,0.0
P728,2017-01-31,0.170000002,1.0
P728,2017-02-02,0.180000002,0.3333333333333333
P728,2017-02-05,0.039999999,0.0
P728,2017-02-06,0.170000002,1.0
P728,2017-02-07,0.150000006,1.0
P728,2017-02-09,0.0600000015,0.5
P728,2017-02-13,0.0999999975,1.0
P728,2017-02-16,0.059999999,1.0
P728,2017-02-19,0.02,0.0
P728,2017-02-20,0.119999997,1.0
P728,2017-02-24,0.150000006,1.0
P728,2017-02-27,0.129999995,0.0
P728,2017-03-07,0.119999997,1.0
P728,2017-03-09,0.100000001,0.0
P728,2017-03-11,0.01,0.0
P728,2017-03-13,0.0,1.0
P728,2017-03-14,0.090000004,1.0
P728,2017-03-23,0.050000001,0.0
P728,2017-03-26,0.25,0.0
P728,2017-03-29,0.159999996,0.0
P728,2017-04-01,0.150000006,1.0
P728,2017-04-02,0.07,0.0
P728,2017-04-03,0.059999999,1.0
P728,2017-04-05,0.07500000100000001,0.5
P728,2017-04-06,0.200000003,1.0
P728,2017-04-07,0.180000007,0.0
P728,2017-04-09,0.039999999,0.0
P728,2017-04-10,0.029999999,0.0
P728,2017-04-15,0.129999995,0.0
P728,2017-04-19,0.119999997,0.0
P730,2017-04-24,0.029999999,1.0
P730,2017-05-01,0.08,0.5
P730,2017-05-02,0.090000004,0.0
P730,2017-05-07,0.07,1.0
P730,2017-05-08,0.02,0.0
P730,2017-05-09,0.059999999,1.0
P730,2017-05-10,0.25,0.0
P730,2017-05-12,0.050000001,0.0
P730,2017-05-20,0.07666666866666666,0.6666666666666666
P730,2017-05-21,0.200000003,0.0
P730,2017-05-23,0.050000001,1.0
P730,2017-05-24,0.1750000045,0.5
P730,2017-05-26,0.170000002,0.0
P730,2017-06-01,0.159999996,1.0
P730,2017-06-02,0.093333333,0.6666666666666666
P730,2017-06-06,0.150000006,0.0
P730,2017-06-07,0.02,1.0
P730,2017-06-09,0.200000003,1.0
P730,2017-06-13,0.159999996,0.0
P730,2017-06-14,0.01,1.0
P730,2017-06-15,0.180000007,0.0
P730,2017-06-17,0.125,0.0
P730,2017-06-23,0.150000006,1.0
P730,2017-06-24,0.039999999,0.0
P730,2017-06-25,0.170000002,0.0
P730,2017-06-29,0.200000003,1.0
P730,2017-07-07,0.159999996,0.0
P730,2017-07-09,0.029999999,1.0
P730,2017-07-10,0.180000007,0.0
P730,2017-07-11,0.02,0.0
P730,2017-07-12,0.170000002,1.0
P730,2017-07-14,0.1400000005,0.5
P730,2017-07-17,0.119999997,0.0
P730,2017-07-20,0.039999999,0.0
P730,2017-07-27,0.129999995,0.0
P730,2017-07-30,0.01,0.0
P730,2017-07-31,0.01,0.0
P730,2017-08-13,0.116666667,0.3333333333333333
P730,2017-08-14,0.090000004,0.0
P730,2017-08-15,0.200000003,1.0
P730,2017-08-17,0.180000007,1.0
P730,2017-08-19,0.119999997,0.0
P730,2017-08-21,0.100000001,1.0
P730,2017-08-25,0.07,1.0
P730,2017-08-26,0.130000003,0.5
P730,2017-08-29,0.159999996,1.0
P730,2017-08-30,0.170000002,1.0
P730,2017-08-31,0.150000006,1.0
P730,2017-09-01,0.059999999,1.0
P730,2017-09-04,0.07,0.0
P730,2017-09-06,0.129999995,1.0
P730,2017-09-07,0.129999995,1.0
P730,2017-09-08,0.050000001,1.0
P730,2017-09-10,0.159999996,0.0
P743,2017-04-24,0.059999999,1.0
P743,2017-04-29,0.045,1.0
P743,2017-04-30,0.029999999,0.0
P743,2017-05-02,0.02,1.0
P743,2017-05-05,0.005,1.0
P743,2017-05-07,0.25,1.0
P743,2017-05-08,0.200000003,0.0
P743,2017-05-09,0.180000007,1.0
P743,2017-05-17,0.170000002,1.0
P743,2017-05-19,0.159999996,1.0
P743,2017-05-20,0.150000006,1.0
P743,2017-05-22,0.129999995,0.0
P743,2017-05-23,0.119999997,1.0
P743,2017-05-25,0.100000001,1.0
P743,2017-05-26,0.090000004,1.0
P743,2017-05-27,0.0649999995,0.5
P743,2017-05-30,0.050000001,1.0
P743,2017-05-31,0.034999999000000004,0.0
P743,2017-06-11,0.015,1.0
P743,2017-06-16,0.0,1.0
P743,2017-06-19,0.25,1.0
P743,2017-06-20,0.190000005,1.0
P743,2017-06-21,0.170000002,1.0
P743,2017-06-24,0.155000001,0.5
P743,2017-06-28,0.124999996,1.0
P743,2017-07-02,0.100000001,1.0
P743,2017-07-05,0.090000004,1.0
P743,2017-07-07,0.07,1.0
P743,2017-07-08,0.059999999,0.0
P743,2017-07-09,0.050000001,1.0
P743,2017-07-11,0.034999999000000004,0.5
P743,2017-07-12,0.02,0.0
P743,2017-07-16,0.01,1.0
P743,2017-07-21,0.0,0.0
P743,2017-07-24,0.25,1.0
P743,2017-07-30,0.200000003,0.0
P743,2017-08-02,0.1750000045,0.5
P743,2017-08-06,0.159999996,0.0
P743,2017-08-07,0.150000006,0.0
P743,2017-08-08,0.129999995,0.0
P743,2017-08-11,0.119999997,0.0
P743,2017-08-13,0.100000001,1.0
P743,2017-08-14,0.090000004,1.0
P743,2017-08-15,0.07,1.0
P743,2017-08-16,0.059999999,1.0
P743,2017-08-17,0.050000001,1.0
P743,2017-08-20,0.034999999000000004,0.5
P743,2017-08-28,0.015,0.5
P743,2017-08-31,0.0,1.0
P768,2017-09-12,0.10500000150000001,1.0
P768,2017-09-13,0.170000002,1.0
P768,2017-09-14,0.09000000100000001,0.5
P768,2017-09-15,0.080000002,0.6666666666666666
P768,2017-09-16,0.180000007,0.0
P768,2017-09-17,0.14666666566666667,0.6666666666666666
P768,2017-09-18,0.02,1.0
P768,2017-09-19,0.150000006,0.0
P768,2017-09-20,0.1000000015,0.5
P768,2017-09-21,0.1350000015,1.0
P768,2017-09-22,0.0199999995,0.5
P768,2017-09-23,0.0,1.0
P768,2017-09-24,0.059999999,1.0
P768,2017-09-25,0.01,0.0
P768,2017-09-26,0.11666666433333334,0.6666666666666666
P768,2017-09-27,0.050000001,0.0
P768,2017-09-28,0.14800000200000002,0.4
P768,2017-09-29,0.1500000005,1.0
P771,2015-01-03,0.25,1.0
P771,2015-01-04,0.029999999,1.0
P771,2015-01-08,0.065,0.5
P771,2015-01-28,0.150000006,1.0
P771,2015-01-29,0.200000003,0.0
P771,2015-01-31,0.25,1.0
P771,2015-02-03,0.180000007,0.0
P771,2015-02-09,0.129999995,0.0
P771,2015-02-10,0.090000004,0.0
P771,2015-02-14,0.170000002,1.0
P771,2015-02-16,0.200000003,0.0
P771,2015-02-25,0.200000003,0.0
P771,2015-02-28,0.01,1.0
P771,2015-03-02,0.13500000150000002,0.5
P771,2015-03-04,0.07,0.0
P771,2015-03-05,0.200000003,0.0
P771,2015-03-17,0.0,0.0
P771,2015-03-18,0.11500000399999999,0.5
P771,2015-03-23,0.100000003,0.6666666666666666
P771,2015-03-29,0.060000000500000004,0.5
P771,2015-04-01,0.25,1.0
P771,2015-04-05,0.180000007,1.0
P771,2015-04-07,0.085000001,1.0
P771,2015-04-12,0.02,1.0
P771,2015-04-21,0.02,1.0
P771,2015-04-26,0.0,1.0
P771,2015-04-28,0.050000001,1.0
P771,2015-04-30,0.059999999,1.0
P771,2015-05-01,0.180000007,1.0
P771,2015-05-05,0.055,0.0
P771,2015-05-07,0.200000003,1.0
P771,2015-05-08,0.159999996,1.0
P771,2015-05-09,0.170000002,1.0
P771,2015-05-12,0.100000001,0.0
P771,2015-05-14,0.125000002,0.5
P771,2015-05-15,0.10000000349999999,1.0
P771,2015-05-17,0.119999997,0.0
P771,2015-05-21,0.0350000005,0.5
P771,2015-05-22,0.02,0.0
P771,2015-05-28,0.090000004,0.0
P771,2015-06-04,0.090000004,1.0
P771,2015-06-05,0.129999995,1.0
P771,2015-06-11,0.159999996,0.0
P771,2015-06-15,0.200000003,0.0
P771,2015-06-16,0.02,0.0
P771,2015-06-21,0.25,0.0
P771,2015-06-22,0.059999999,0.0
P771,2015-07-06,0.150000006,1.0
P771,2015-07-08,0.100000001,0.0
P771,2015-07-13,0.090000004,1.0
P771,2015-07-14,0.090000004,1.0
P771,2015-07-17,0.01,1.0
P771,2015-07-19,0.050000001,1.0
P771,2015-07-20,0.050000001,1.0
P771,2015-07-21,0.02,0.0
P771,2015-07-22,0.129999995,0.0
P771,2015-07-25,0.050000001,0.0
P771,2015-07-27,0.129999995,1.0
P771,2015-07-30,0.25,0.0
P771,2015-07-31,0.16,0.5
P771,2015-08-07,0.25,1.0
P771,2015-08-09,0.100000001,1.0
P771,2015-08-11,0.25,1.0
P771,2015-08-12,0.0,1.0
P771,2015-08-15,0.050000001,1.0
P771,2015-08-22,0.129999995,0.0
P771,2015-08-28,0.119999997,0.0
P771,2015-09-26,0.01,1.0
P771,2015-09-28,0.150000006,1.0
P771,2015-09-30,0.129999995,1.0
P771,2015-10-01,0.0,1.0
P771,2015-10-03,0.02,1.0
P771,2015-10-09,0.0,1.0
P771,2015-10-12,0.0499999995,1.0
P771,2015-10-27,0.1500000005,0.5
P771,2015-10-28,0.1449999995,0.5
P771,2015-11-02,0.170000002,1.0
P771,2015-11-05,0.02,0.0
P771,2015-11-08,0.075000003,0.5
P771,2015-11-09,0.129999995,1.0
P771,2015-11-15,0.124999996,0.5
P771,2015-11-18,0.01,0.0
P771,2015-11-20,0.180000007,0.0
P771,2015-11-26,0.0,1.0
P771,2015-11-29,0.039999999,1.0
P771,2015-11-30,0.125,0.0
P771,2015-12-01,0.059999999,0.0
P771,2015-12-11,0.0350000005,0.5
P771,2015-12-13,0.090000004,1.0
P771,2015-12-14,0.02,1.0
P771,2015-12-17,0.059999999,0.0
P771,2015-12-25,0.059999999,0.0
P771,2015-12-28,0.07,0.0
P771,2015-12-31,0.090000004,1.0
P771,2016-01-02,0.119999997,1.0
P771,2016-01-13,0.059999999,1.0
P771,2016-01-16,0.0649999975,0.5
P771,2016-01-20,0.02,1.0
P771,2016-01-23,0.0,1.0
P771,2016-01-29,0.159999996,0.0
P771,2016-01-30,0.119999997,0.0
P771,2016-01-31,0.02,0.0
P771,2016-02-08,0.150000006,1.0
P771,2016-02-11,0.059999999,1.0
P771,2016-02-12,0.08499999800000001,0.5
P771,2016-02-13,0.02,0.0
P771,2016-02-14,0.150000006,0.0
P771,2016-02-16,0.100000001,1.0
P771,2016-02-17,0.07,1.0
P771,2016-02-22,0.039999999,1.0
P771,2016-02-27,0.06999999750000001,0.5
P771,2016-02-29,0.119999997,0.0
P771,2016-03-03,0.059999999,0.0
P771,2016-03-09,0.129999995,1.0
P771,2016-03-10,0.059999999,1.0
P771,2016-03-12,0.25,0.0
P771,2016-03-16,0.129999995,1.0
P771,2016-03-17,0.039999999,1.0
P771,2016-03-18,0.0,0.0
P771,2016-03-22,0.170000002,0.0
P771,2016-03-25,0.07,0.0
P771,2016-03-27,0.050000001,0.0
P771,2016-03-29,0.0,1.0
P771,2016-04-01,0.07,0.0
P771,2016-04-05,0.0199999995,0.5
P771,2016-04-08,0.07,0.0
P771,2016-04-09,0.129999995,0.0
P771,2016-04-26,0.02,1.0
P771,2016-04-28,0.039999999,1.0
P771,2016-04-30,0.180000007,1.0
P771,2016-05-01,0.150000006,0.0
P771,2016-05-04,0.059999999,1.0
P771,2016-05-09,0.210000001,0.5
P771,2016-05-10,0.159999996,0.0
P771,2016-05-11,0.119999997,1.0
P771,2016-05-12,0.039999999,0.0
P771,2016-05-13,0.25,1.0
P771,2016-05-15,0.170000002,0.0
P771,2016-05-19,0.050000001,1.0
P771,2016-05-22,0.100000001,1.0
P771,2016-05-27,0.170000002,1.0
P771,2016-06-02,0.180000007,0.0
P771,2016-06-03,0.029999999,0.0
P771,2016-06-07,0.119999997,1.0
P771,2016-06-08,0.125000002,0.5
P771,2016-06-15,0.029999999,1.0
P771,2016-06-17,0.170000002,0.0
P771,2016-06-19,0.129999995,0.0
P771,2016-06-20,0.090000004,0.0
P771,2016-06-21,0.07,1.0
P771,2016-06-28,0.150000006,1.0
P771,2016-07-02,0.25,0.0
P771,2016-07-05,0.150000006,1.0
P771,2016-07-06,0.039999999,0.0
P771,2016-07-14,0.119999997,0.0
P771,2016-07-15,0.100000001,1.0
P771,2016-07-19,0.119999997,1.0
P771,2016-07-20,0.090000004,0.0
P771,2016-07-21,0.02,1.0
P771,2016-07-23,0.039999999,1.0
P771,2016-08-01,0.090000004,1.0
P771,2016-08-04,0.059999999,0.0
P771,2016-08-07,0.07,1.0
P771,2016-08-09,0.059999999,0.0
P771,2016-08-10,0.140000004,0.5
P771,2016-08-11,0.159999996,1.0
P771,2016-08-13,0.25,0.0
P771,2016-08-14,0.02,1.0
P771,2016-08-16,0.25,1.0
P771,2016-08-17,0.059999999,0.0
P771,2016-08-24,0.159999996,0.0
P771,2016-08-27,0.129999995,1.0
P771,2016-08-28,0.090000004,1.0
P771,2016-08-29,0.059999999,0.0
P771,2016-08-30,0.029999999,0.0
P771,2016-09-13,0.07,0.0
P771,2016-09-17,0.0,0.0
P771,2016-09-18,0.100000001,1.0
P771,2016-09-23,0.01,0.0
P771,2016-09-24,0.039999999,1.0
P771,2016-09-26,0.129999995,0.0
P771,2016-10-05,0.01,1.0
P771,2016-10-06,0.100000001,1.0
P771,2016-10-10,0.02,0.0
P771,2016-10-12,0.029999999,1.0
P771,2016-10-13,0.150000006,1.0
P771,2016-10-16,0.02,1.0
P771,2016-10-17,0.059999999,1.0
P771,2016-10-18,0.150000006,0.0
P771,2016-10-19,0.01,1.0
P771,2016-10-22,0.135,0.5
P771,2016-10-28,0.059999999,1.0
P771,2016-10-30,0.1399999995,0.5
P771,2016-11-06,0.25,1.0
P771,2016-11-08,0.039999999,1.0
P771,2016-11-10,0.25,1.0
P771,2016-11-11,0.034999999000000004,1.0
P771,2016-11-14,0.1350000015,0.5
P771,2016-11-16,0.039999999,1.0
P771,2016-11-17,0.130000003,1.0
P771,2016-11-18,0.25,0.0
P771,2016-11-21,0.06999999750000001,1.0
P771,2016-11-28,0.090000004,0.0
P771,2016-12-04,0.25,1.0
P771,2016-12-06,0.01,1.0
P771,2016-12-10,0.25,1.0
P771,2016-12-11,0.029999999,0.0
P771,2016-12-12,0.1450000035,0.5
P771,2016-12-21,0.25,1.0
P771,2016-12-24,0.090000004,1.0
P771,2016-12-25,0.119999997,1.0
P771,2016-12-26,0.07,0.0
P771,2016-12-27,0.050000001,0.0
P771,2016-12-31,0.159999996,1.0
P771,2017-01-02,0.0,0.0
P771,2017-01-04,0.07,1.0
P771,2017-01-05,0.119999997,0.0
P771,2017-01-06,0.0650000015,0.5
P771,2017-01-07,0.159999996,1.0
P771,2017-01-10,0.200000003,1.0
P771,2017-01-26,0.150000006,1.0
P771,2017-01-27,0.200000003,0.0
P771,2017-01-28,0.059999999,1.0
P771,2017-01-30,0.090000004,0.0
P771,2017-02-04,0.07,0.0
P771,2017-02-13,0.050000001,1.0
P771,2017-02-16,0.200000003,0.0
P771,2017-02-19,0.159999996,1.0
P771,2017-02-21,0.050000001,1.0
P771,2017-02-28,0.1050000005,0.5
P771,2017-03-01,0.1399999995,0.5
P771,2017-03-07,0.2250000015,1.0
P771,2017-03-09,0.150000006,0.0
P771,2017-03-11,0.180000007,0.0
P771,2017-03-17,0.080000002,1.0
P771,2017-03-19,0.180000007,0.0
P771,2017-03-20,0.25,1.0
P771,2017-03-21,0.159999996,1.0
P771,2017-03-22,0.170000002,1.0
P771,2017-03-23,0.039999999,1.0
P771,2017-03-31,0.159999996,1.0
P771,2017-04-09,0.170000002,0.0
P771,2017-04-10,0.180000007,1.0
P771,2017-04-16,0.0,1.0
P771,2017-04-22,0.114999998,0.5
P773,2017-04-26,0.150000006,1.0
P773,2017-05-05,0.029999999,1.0
P773,2017-05-14,0.1449999955,1.0
P773,2017-05-22,0.080000002,0.5
P773,2017-05-23,0.055,0.5
P773,2017-05-24,0.029999999,0.0
P773,2017-05-26,0.0,1.0
P773,2017-06-02,0.180000007,0.0
P773,2017-06-03,0.129999995,0.0
P773,2017-06-04,0.119999997,1.0
P773,2017-06-05,0.0950000025,0.5
P773,2017-06-06,0.0649999995,0.5
P773,2017-06-07,0.030000000000000002,0.5
P773,2017-06-08,0.0,1.0
P773,2017-06-13,0.180000007,1.0
P773,2017-06-22,0.129999995,0.0
P773,2017-06-29,0.119999997,1.0
P773,2017-06-30,0.100000001,1.0
P773,2017-07-01,0.090000004,1.0
P773,2017-07-04,0.050000001,1.0
P773,2017-07-07,0.029999999,1.0
P773,2017-07-12,0.0,0.0
P773,2017-07-17,0.159999996,0.0
P773,2017-07-18,0.150000006,1.0
P773,2017-07-19,0.129999995,1.0
P773,2017-07-22,0.119999997,1.0
P773,2017-07-25,0.059999999,1.0
P773,2017-07-30,0.050000001,0.0
P773,2017-08-04,0.25,1.0
P773,2017-08-05,0.150000006,1.0
P773,2017-08-09,0.119999997,0.0
P773,2017-08-22,0.200000003,1.0
P773,2017-08-23,0.180000007,1.0
P773,2017-08-27,0.13333333266666667,1.0
P773,2017-08-29,0.050000001,0.0
P773,2017-08-31,0.029999999,0.0
P773,2017-09-03,0.02,1.0
P773,2017-09-04,0.125,0.5
P773,2017-09-06,0.200000003,0.0
P773,2017-09-07,0.164999999,0.5
P773,2017-09-10,0.109999999,0.5
P775,2015-01-01,0.119999997,0.0
P775,2015-01-03,0.200000003,0.0
P775,2015-01-04,0.034999999000000004,0.5
P775,2015-01-11,0.02,0.0
P775,2015-01-25,0.100000001,1.0
P775,2015-01-26,0.150000006,0.0
P775,2015-01-27,0.155000001,0.5
P775,2015-01-29,0.029999999,1.0
P775,2015-01-30,0.02,1.0
P775,2015-02-01,0.119999997,1.0
P775,2015-02-02,0.050000001999999995,0.0
P775,2015-02-03,0.01,0.0
P775,2015-02-07,0.13500000150000002,0.5
P775,2015-02-08,0.159999996,1.0
P775,2015-02-09,0.150000006,0.0
P775,2015-02-10,0.090000004,0.0
P775,2015-02-22,0.07,1.0
P775,2015-02-23,0.129999995,0.0
P775,2015-02-24,0.0,1.0
P775,2015-02-27,0.119999997,1.0
P775,2015-03-02,0.07,1.0
P775,2015-03-04,0.25,1.0
P775,2015-03-06,0.200000003,1.0
P775,2015-03-09,0.059999999,1.0
P775,2015-03-12,0.059999999,1.0
P775,2015-03-13,0.050000001,0.0
P775,2015-03-20,0.0,1.0
P775,2015-03-21,0.180000007,0.0
P775,2015-03-23,0.2250000015,0.0
P775,2015-03-31,0.170000002,1.0
P775,2015-04-01,0.180000007,0.0
P775,2015-04-02,0.039999999,0.0
P775,2015-04-15,0.065,0.5
P775,2015-04-18,0.164999999,0.0
P775,2015-04-19,0.159999996,0.0
P775,2015-04-22,0.150000006,0.0
P775,2015-04-23,0.1099999995,1.0
P775,2015-04-30,0.0949999985,0.5
P775,2015-05-02,0.02,1.0
P775,2015-05-03,0.01,1.0
P775,2015-05-04,0.0950000025,1.0
P775,2015-05-06,0.07,0.0
P775,2015-05-09,0.055,0.0
P775,2015-05-10,0.0,1.0
P775,2015-05-11,0.039999999,0.0
P775,2015-05-13,0.029999999,0.0
P775,2015-05-18,0.25,0.0
P775,2015-05-22,0.200000003,0.0
P775,2015-05-24,0.180000007,0.0
P775,2015-05-25,0.02,0.0
P775,2015-05-26,0.050000001,0.0
P775,2015-05-31,0.039999999,1.0
P775,2015-06-02,0.059999999,1.0
P775,2015-06-03,0.01,0.0
P775,2015-06-04,0.150000006,1.0
P775,2015-06-05,0.170000002,1.0
P775,2015-06-06,0.1049999985,0.5
P775,2015-06-12,0.129999995,0.0
P775,2015-06-20,0.039999999,1.0
P775,2015-06-24,0.150000006,1.0
P775,2015-06-30,0.074999998,0.5
P775,2015-07-08,0.100000001,1.0
P775,2015-07-09,0.090000004,1.0
P775,2015-07-13,0.029999999,0.0
P775,2015-07-15,0.129999995,0.0
P775,2015-07-26,0.02,1.0
P775,2015-07-27,0.0,1.0
P775,2015-07-30,0.02,1.0
P775,2015-08-02,0.119999997,1.0
P775,2015-08-05,0.25,0.0
P775,2015-08-10,0.200000003,0.0
P775,2015-08-12,0.07,0.0
P775,2015-08-15,0.100000001,1.0
P775,2015-08-17,0.059999999,1.0
P775,2015-08-21,0.180000007,0.0
P775,2015-08-22,0.170000002,1.0
P775,2015-08-25,0.01,0.0
P775,2015-09-03,0.050000001,1.0
P775,2015-09-06,0.0033333333333333335,0.6666666666666666
P775,2015-09-10,0.090000004,1.0
P775,2015-09-12,0.07,1.0
P775,2015-09-18,0.25,0.0
P775,2015-09-20,0.039999999,1.0
P775,2015-09-25,0.029999999,1.0
P775,2015-09-27,0.25,0.0
P775,2015-09-30,0.200000003,1.0
P775,2015-10-14,0.055,0.0
P775,2015-10-24,0.200000003,1.0
P775,2015-10-28,0.039999999,0.0
P775,2015-11-02,0.159999996,1.0
P775,2015-11-03,0.150000006,0.0
P775,2015-11-07,0.180000007,0.0
P775,2015-11-08,0.02,1.0
P775,2015-11-13,0.170000002,1.0
P775,2015-11-14,0.029999999,1.0
P775,2015-11-15,0.08499999800000001,0.0
P775,2015-11-17,0.180000007,1.0
P775,2015-11-18,0.0,1.0
P775,2015-11-20,0.02,0.0
P775,2015-11-23,0.01,1.0
P775,2015-11-24,0.0649999975,0.0
P775,2015-11-27,0.25,0.0
P775,2015-11-30,0.25,1.0
P775,2015-12-05,0.119999997,0.0
P775,2015-12-07,0.200000003,1.0
P775,2015-12-13,0.200000003,0.0
P775,2015-12-14,0.150000006,1.0
P775,2015-12-17,0.170000002,1.0
P775,2015-12-19,0.180000007,0.0
P775,2015-12-21,0.13500000150000002,1.0
P775,2016-01-07,0.180000007,0.0
P775,2016-01-09,0.129999995,0.0
P775,2016-01-10,0.119999997,1.0
P775,2016-01-21,0.159999996,1.0
P775,2016-01-23,0.160000004,0.5
P775,2016-02-02,0.159999996,0.0
P775,2016-02-08,0.090000004,0.0
P775,2016-02-11,0.07,1.0
P775,2016-02-13,0.129999995,1.0
P775,2016-02-16,0.150000006,0.0
P775,2016-02-17,0.100000001,1.0
P775,2016-02-27,0.059999999,1.0
P775,2016-02-28,0.159999996,0.0
P775,2016-03-01,0.129999995,0.0
P775,2016-03-05,0.045,0.5
P775,2016-03-06,0.05666666533333333,0.6666666666666666
P775,2016-03-07,0.090000004,1.0
P775,2016-03-12,0.150000006,1.0
P775,2016-03-17,0.07,0.0
P775,2016-03-19,0.100000001,0.0
P775,2016-03-21,0.01,1.0
P775,2016-03-23,0.119999997,1.0
P775,2016-04-03,0.100000001,0.0
P775,2016-04-06,0.0750000015,1.0
P775,2016-04-07,0.07,1.0
P775,2016-04-11,0.090000004,0.0
P775,2016-04-12,0.0,0.0
P775,2016-04-15,0.089999998,1.0
P775,2016-04-16,0.0949999985,0.5
P775,2016-04-19,0.039999999,0.0
P775,2016-04-22,0.059999999,1.0
P775,2016-05-01,0.059999999,0.0
P775,2016-05-04,0.050000001,0.0
P775,2016-05-05,0.050000001,1.0
P775,2016-05-06,0.039999999,1.0
P775,2016-05-12,0.029999999,1.0
P775,2016-05-14,0.029999999,0.0
P775,2016-05-18,0.039999999,0.0
P775,2016-05-22,0.25,1.0
P775,2016-05-25,0.029999999,1.0
P775,2016-05-26,0.02,1.0
P775,2016-05-27,0.200000003,0.0
P775,2016-05-31,0.01,0.0
P775,2016-06-03,0.02,1.0
P775,2016-06-10,0.01,0.0
P775,2016-06-15,0.0,0.0
P775,2016-06-22,0.1750000045,0.0
P775,2016-06-28,0.02,0.0
P775,2016-06-30,0.25,0.0
P775,2016-07-08,0.0,0.0
P775,2016-07-16,0.200000003,0.0
P775,2016-07-17,0.180000007,1.0
P775,2016-07-20,0.100000001,0.0
P775,2016-07-21,0.25,0.0
P775,2016-07-24,0.090000004,0.0
P775,2016-07-26,0.159999996,0.0
P775,2016-08-01,0.150000006,1.0
P775,2016-08-02,0.129999995,1.0
P775,2016-08-03,0.119999997,1.0
P775,2016-08-05,0.200000003,1.0
P775,2016-08-09,0.180000007,0.0
P775,2016-08-12,0.01,1.0
P775,2016-08-19,0.170000002,0.0
P775,2016-08-22,0.0,1.0
P775,2016-08-25,0.13500000150000002,0.0
P775,2016-08-28,0.07,1.0
P775,2016-08-30,0.080000002,0.5
P775,2016-09-03,0.059999999,1.0
P775,2016-09-06,0.25,1.0
P775,2016-09-07,0.159999996,0.0
P775,2016-09-12,0.055,1.0
P775,2016-09-18,0.200000003,1.0
P775,2016-09-22,0.180000007,1.0
P775,2016-09-28,0.170000002,1.0
P775,2016-10-01,0.050000001,0.0
P775,2016-10-02,0.039999999,1.0
P775,2016-10-03,0.159999996,1.0
P775,2016-10-04,0.150000006,1.0
P775,2016-10-05,0.039999999,1.0
P775,2016-10-15,0.150000006,0.0
P775,2016-10-16,0.159999996,1.0
P775,2016-10-18,0.150000006,1.0
P775,2016-10-26,0.129999995,0.5
P775,2016-10-27,0.119999997,0.0
P775,2016-10-29,0.029999999,0.0
P775,2016-11-01,0.02,1.0
P775,2016-11-02,0.029999999,0.0
P775,2016-11-06,0.02,1.0
P775,2016-11-07,0.119999997,1.0
P775,2016-11-17,0.100000001,1.0
P775,2016-11-18,0.100000001,0.0
P775,2016-11-21,0.06999999750000001,1.0
P775,2016-11-22,0.090000004,0.0
P775,2016-11-23,0.01,0.0
P775,2016-11-27,0.045000002,0.5
P775,2016-11-30,0.0,1.0
P775,2016-12-02,0.07,1.0
P775,2016-12-08,0.25,0.0
P775,2016-12-09,0.119999997,1.0
P775,2016-12-12,0.06,0.6666666666666666
P775,2016-12-16,0.100000001,0.0
P775,2016-12-17,0.059999999,0.0
P775,2016-12-21,0.25,1.0
P775,2017-01-01,0.200000003,1.0
P775,2017-01-03,0.11500000399999999,0.0
P775,2017-01-07,0.090000004,1.0
P775,2017-01-09,0.07,1.0
P775,2017-01-14,0.039999999,1.0
P775,2017-01-17,0.170000002,1.0
P775,2017-01-20,0.029999999,1.0
P775,2017-01-23,0.200000003,0.0
P775,2017-01-24,0.180000007,0.0
P775,2017-02-05,0.02,1.0
P775,2017-02-06,0.01,1.0
P775,2017-02-11,0.170000002,0.0
P775,2017-02-14,0.0,1.0
P775,2017-02-15,0.049999999,0.0
P775,2017-02-22,0.25,1.0
P775,2017-02-27,0.159999996,1.0
P775,2017-02-28,0.1049999985,1.0
P775,2017-03-03,0.1750000045,1.0
P775,2017-03-09,0.039999999,0.0
P775,2017-03-12,0.129999995,0.0
P775,2017-03-15,0.150000002,0.5
P775,2017-03-29,0.170000002,1.0
P775,2017-03-31,0.0949999975,1.0
P775,2017-04-02,0.150000006,1.0
P775,2017-04-07,0.150000006,1.0
P775,2017-04-09,0.114999998,1.0
P775,2017-04-12,0.029999999,0.0
P775,2017-04-14,0.129999995,0.0
P775,2017-04-17,0.090000004,0.0
P775,2017-04-19,0.02,0.0
P777,2017-04-27,0.100000001,1.0
P777,2017-05-02,0.039999999,0.0
P777,2017-05-05,0.029999999,1.0
P777,2017-05-06,0.01,0.0
P777,2017-05-07,0.0299999995,1.0
P777,2017-05-09,0.12000000100000001,0.5
P777,2017-05-10,0.029999999,1.0
P777,2017-05-11,0.25,0.0
P777,2017-05-12,0.1100000015,0.5
P777,2017-05-15,0.170000002,0.0
P777,2017-05-17,0.210000001,0.5
P777,2017-05-18,0.150000006,0.0
P777,2017-05-20,0.119999997,0.0
P777,2017-05-22,0.164999999,1.0
P777,2017-05-23,0.150000006,0.0
P777,2017-05-25,0.200000003,1.0
P777,2017-05-26,0.119999997,0.0
P777,2017-05-27,0.180000007,0.0
P777,2017-05-28,0.07,0.0
P777,2017-05-29,0.0950000025,0.5
P777,2017-06-01,0.059999999,0.0
P777,2017-06-05,0.119999997,1.0
P777,2017-06-06,0.1299999985,0.5
P777,2017-06-19,0.02,1.0
P777,2017-06-22,0.12999999833333334,0.3333333333333333
P777,2017-06-23,0.02,1.0
P777,2017-06-24,0.0149999995,0.0
P777,2017-06-27,0.01,0.0
P777,2017-06-29,0.200000003,0.0
P777,2017-07-01,0.07,1.0
P777,2017-07-05,0.159999996,1.0
P777,2017-07-09,0.159999996,1.0
P777,2017-07-14,0.039999999,1.0
P777,2017-07-16,0.0,0.0
P777,2017-07-21,0.1499999985,0.5
P777,2017-07-26,0.100000001,1.0
P777,2017-08-01,0.25,0.0
P777,2017-08-02,0.100000001,1.0
P777,2017-08-05,0.1400000005,0.5
P777,2017-08-06,0.090000004,1.0
P777,2017-08-07,0.180000007,1.0
P777,2017-08-09,0.100000001,1.0
P777,2017-08-10,0.159999996,0.0
P777,2017-08-13,0.059999999,1.0
P777,2017-08-15,0.039999999,1.0
P777,2017-08-18,0.029999999,1.0
P777,2017-08-22,0.039999999,0.0
P777,2017-08-24,0.01,1.0
P777,2017-08-28,0.02,1.0
P777,2017-08-29,0.07,1.0
P777,2017-08-31,0.01,0.0
P777,2017-09-01,0.180000007,1.0
P777,2017-09-05,0.07,1.0
P777,2017-09-08,0.059999999,1.0
P777,2017-09-09,0.164999999,0.5
P777,2017-09-11,0.050000001,0.0
P778,2015-01-02,0.059999999,1.0
P778,2015-01-04,0.170000002,0.0
P778,2015-01-07,0.050000001,1.0
P778,2015-01-13,0.029999999,0.0
P778,2015-01-14,0.155000001,0.0
P778,2015-01-18,0.090000004,1.0
P778,2015-01-22,0.0749999975,0.0
P778,2015-01-23,0.170000002,1.0
P778,2015-01-25,0.050000001,1.0
P778,2015-02-06,0.090000004,0.0
P778,2015-02-09,0.039999999,1.0
P778,2015-02-20,0.200000003,0.0
P778,2015-02-22,0.150000006,1.0
P778,2015-02-28,0.029999999,1.0
P778,2015-03-02,0.156666666,0.6666666666666666
P778,2015-03-03,0.01,0.0
P778,2015-03-06,0.039999999,1.0
P778,2015-03-08,0.200000003,0.0
P778,2015-03-14,0.039999999,1.0
P778,2015-03-15,0.029999999,0.0
P778,2015-03-18,0.129999995,0.0
P778,2015-03-20,0.100000001,0.0
P778,2015-03-21,0.029999999,0.0
P778,2015-03-24,0.059999999,0.0
P778,2015-03-26,0.059999999,0.0
P778,2015-04-04,0.029999999,1.0
P778,2015-04-05,0.0,1.0
P778,2015-04-07,0.2250000015,0.5
P778,2015-04-15,0.159999996,0.0
P778,2015-04-25,0.129999995,1.0
P778,2015-04-26,0.119999997,0.0
P778,2015-04-27,0.090000004,1.0
P778,2015-05-01,0.039999999,0.0
P778,2015-05-02,0.059999999,1.0
P778,2015-05-05,0.100000001,1.0
P778,2015-05-10,0.0,1.0
P778,2015-05-16,0.06666666633333333,0.3333333333333333
P778,2015-05-25,0.050000000666666676,0.6666666666666666
P778,2015-05-31,0.200000003,0.0
P778,2015-06-03,0.119999997,0.0
P778,2015-06-05,0.100000001,0.0
P778,2015-06-10,0.085000001,1.0
P778,2015-06-15,0.25,0.0
P778,2015-06-21,0.029999999,1.0
P778,2015-06-22,0.180000007,1.0
P778,2015-06-26,0.129999995,1.0
P778,2015-06-27,0.039999999,1.0
P778,2015-06-30,0.129999995,1.0
P778,2015-07-03,0.0349999995,1.0
P778,2015-07-10,0.059999999,0.0
P778,2015-07-18,0.100000001,0.0
P778,2015-07-24,0.039999999,1.0
P778,2015-07-27,0.01,1.0
P778,2015-07-28,0.0,1.0
P778,2015-07-30,0.200000003,1.0
P778,2015-08-03,0.01,1.0
P778,2015-08-15,0.050000001,1.0
P778,2015-08-16,0.170000002,0.0
P778,2015-08-18,0.059999999,0.0
P778,2015-08-19,0.029999999,1.0
P778,2015-08-23,0.129999995,0.0
P778,2015-08-28,0.180000007,1.0
P778,2015-09-01,0.0349999995,0.5
P778,2015-09-02,0.100000001,1.0
P778,2015-09-06,0.059999999,0.0
P778,2015-09-07,0.200000003,1.0
P778,2015-09-11,0.01,0.0
P778,2015-09-12,0.123333334,1.0
P778,2015-09-15,0.07,0.0
P778,2015-09-19,0.0,1.0
P778,2015-09-21,0.090000004,0.0
P778,2015-09-23,0.046666665,1.0
P778,2015-10-01,0.25,0.0
P778,2015-10-02,0.039999999,0.0
P778,2015-10-03,0.050000001,0.0
P778,2015-10-14,0.089999998,1.0
P778,2015-10-18,0.170000002,0.0
P778,2015-10-19,0.039999999,0.0
P778,2015-10-20,0.129999995,0.0
P778,2015-10-31,0.090000004,0.0
P778,2015-11-01,0.200000003,0.0
P778,2015-11-03,0.159999996,1.0
P778,2015-11-05,0.05666666533333334,0.3333333333333333
P778,2015-11-06,0.029999999,1.0
P778,2015-11-07,0.150000006,1.0
P778,2015-11-08,0.01,0.0
P778,2015-11-09,0.100000001,0.0
P778,2015-11-11,0.07,0.0
P778,2015-11-12,0.25,1.0
P778,2015-11-14,0.059999999,1.0
P778,2015-11-15,0.050000001,1.0
P778,2015-11-26,0.129999995,1.0
P778,2015-11-27,0.029999999,1.0
P778,2015-12-05,0.039999999,0.0
P778,2015-12-09,0.200000003,1.0
P778,2015-12-10,0.150000006,1.0
P778,2015-12-13,0.0,0.0
P778,2015-12-15,0.105000003,0.0
P778,2015-12-18,0.159999996,0.0
P778,2015-12-20,0.170000002,0.0
P778,2015-12-22,0.119999997,1.0
P778,2015-12-26,0.200000003,1.0
P778,2016-01-08,0.0950000035,1.0
P778,2016-01-09,0.065,0.5
P778,2016-01-14,0.01,1.0
P778,2016-01-15,0.0,1.0
P778,2016-01-22,0.02,1.0
P778,2016-01-25,0.170000002,0.0
P778,2016-02-02,0.119999997,0.0
P778,2016-02-03,0.13333333266666667,1.0
P778,2016-02-06,0.0950000025,0.0
P778,2016-02-07,0.059999999,0.0
P778,2016-02-12,0.029999999,1.0
P778,2016-02-24,0.129999995,0.0
P778,2016-02-29,0.090000004,0.0
P778,2016-03-04,0.055,1.0
P778,2016-03-06,0.150000006,1.0
P778,2016-03-10,0.049999999,1.0
P778,2016-03-11,0.200000003,0.0
P778,2016-03-15,0.029999999,1.0
P778,2016-03-16,0.0,0.0
P778,2016-03-18,0.039999999,0.0
P778,2016-03-20,0.050000001,1.0
P778,2016-03-21,0.25,1.0
P778,2016-03-24,0.2250000015,0.5
P778,2016-03-30,0.090000004,1.0
P778,2016-04-11,0.030000000500000002,0.0
P778,2016-04-14,0.01,1.0
P778,2016-04-16,0.100000001,0.0
P778,2016-04-21,0.07,0.0
P778,2016-04-25,0.159999996,1.0
P778,2016-04-30,0.150000006,0.0
P778,2016-05-01,0.080000002,0.5
P778,2016-05-04,0.059999999,1.0
P778,2016-05-05,0.100000001,1.0
P778,2016-05-08,0.170000002,1.0
P778,2016-05-11,0.090000004,1.0
P778,2016-05-15,0.159999996,1.0
P778,2016-05-27,0.08500000299999999,0.5
P778,2016-06-01,0.02,0.0
P778,2016-06-06,0.029999999,0.0
P778,2016-06-07,0.0,1.0
P778,2016-06-14,0.039999999,1.0
P778,2016-06-16,0.200000003,1.0
P778,2016-06-17,0.200000003,1.0
P778,2016-06-26,0.090000004,1.0
P778,2016-06-28,0.055,0.5
P778,2016-07-02,0.0,0.0
P778,2016-07-04,0.090000004,1.0
P778,2016-07-07,0.0,1.0
P778,2016-07-15,0.039999999,1.0
P778,2016-07-16,0.25,0.0
P778,2016-07-19,0.2250000015,0.0
P778,2016-07-20,0.059999999,1.0
P778,2016-07-23,0.25,0.0
P778,2016-07-31,0.07,0.0
P778,2016-08-06,0.170000002,0.0
P778,2016-08-07,0.129999995,1.0
P778,2016-08-09,0.100000001,0.0
P778,2016-08-10,0.25,1.0
P778,2016-08-12,0.029999999,0.0
P778,2016-08-13,0.25,1.0
P778,2016-08-15,0.150000006,0.0
P778,2016-08-16,0.039999999,1.0
P778,2016-08-21,0.0,0.0
P778,2016-08-23,0.0,1.0
P778,2016-08-26,0.25,1.0
P778,2016-08-28,0.180000007,0.0
P778,2016-09-03,0.0649999975,0.0
P778,2016-09-06,0.0,1.0
P778,2016-09-07,0.25,0.0
P778,2016-09-08,0.119999997,0.0
P778,2016-09-09,0.039999999,0.0
P778,2016-09-17,0.200000003,1.0
P778,2016-09-27,0.200000003,1.0
P778,2016-10-02,0.0,0.0
P778,2016-10-03,0.180000007,1.0
P778,2016-10-04,0.200000003,0.0
P778,2016-10-08,0.119999997,1.0
P778,2016-10-14,0.07,1.0
P778,2016-10-20,0.059999999,1.0
P778,2016-10-23,0.01,0.0
P778,2016-10-27,0.029999999,1.0
P778,2016-11-03,0.050000001,1.0
P778,2016-11-04,0.10999999933333333,0.6666666666666666
P778,2016-11-08,0.170000002,0.0
P778,2016-11-12,0.1650000065,0.5
P778,2016-11-16,0.039999999,1.0
P778,2016-11-18,0.039999999,1.0
P778,2016-11-19,0.01,1.0
P778,2016-11-21,0.159999996,1.0
P778,2016-11-23,0.180000007,1.0
P778,2016-12-04,0.114999998,1.0
P778,2016-12-06,0.059999999,1.0
P778,2016-12-10,0.170000002,0.0
P778,2016-12-11,0.059999999,0.0
P778,2016-12-12,0.200000003,1.0
P778,2016-12-17,0.05666666866666666,0.6666666666666666
P778,2016-12-18,0.21666666866666665,1.0
P778,2016-12-20,0.01,0.0
P778,2016-12-27,0.07,0.0
P778,2016-12-30,0.090000004,1.0
P778,2017-01-02,0.170000002,1.0
P778,2017-01-04,0.100000001,1.0
P778,2017-01-21,0.090000004,1.0
P778,2017-02-04,0.0900000035,1.0
P778,2017-02-06,0.039999999,1.0
P778,2017-02-13,0.0,0.0
P778,2017-02-17,0.029999999,0.0
P778,2017-02-20,0.119999997,1.0
P778,2017-02-21,0.0,0.0
P778,2017-02-22,0.17000000066666665,0.0
P778,2017-02-23,0.200000003,0.0
P778,2017-02-25,0.170000002,1.0
P778,2017-03-01,0.039999999,0.0
P778,2017-03-11,0.039999999,0.0
P778,2017-03-13,0.02,1.0
P778,2017-03-14,0.029999999,0.0
P778,2017-03-16,0.25,0.0
P778,2017-03-17,0.07,0.0
P778,2017-03-20,0.159999996,1.0
P778,2017-03-28,0.119999997,0.0
P778,2017-03-29,0.039999999,1.0
P778,2017-03-30,0.059999999,0.0
P778,2017-03-31,0.180000007,1.0
P778,2017-04-01,0.119999997,1.0
P778,2017-04-03,0.1350000055,1.0
P778,2017-04-04,0.039999999,0.0
P778,2017-04-06,0.100000001,1.0
P778,2017-04-09,0.200000003,0.0
P778,2017-04-10,0.180000007,1.0
P778,2017-04-12,0.039999999,0.0
P778,2017-04-18,0.25,1.0
P786,2017-04-25,0.059999999,1.0
P786,2017-04-26,0.050000001,1.0
P786,2017-04-27,0.034999999000000004,0.5
P786,2017-05-03,0.02,1.0
P786,2017-05-08,0.005,0.5
P786,2017-05-12,0.2250000015,0.5
P786,2017-05-13,0.1750000045,0.0
P786,2017-05-17,0.155000001,0.5
P786,2017-05-20,0.129999995,1.0
P786,2017-05-23,0.119999997,0.0
P786,2017-05-25,0.0950000025,0.0
P786,2017-05-31,0.07,0.0
P786,2017-06-01,0.059999999,1.0
P786,2017-06-02,0.050000001,1.0
P786,2017-06-04,0.039999999,0.0
P786,2017-06-06,0.029999999,0.0
P786,2017-06-09,0.015,1.0
P786,2017-06-14,0.0,1.0
P786,2017-06-15,0.25,0.0
P786,2017-06-19,0.190000005,0.5
P786,2017-06-20,0.164999999,0.5
P786,2017-06-24,0.1400000005,0.5
P786,2017-06-25,0.119999997,0.0
P786,2017-06-29,0.100000001,0.0
P786,2017-07-03,0.090000004,1.0
P786,2017-07-05,0.07,1.0
P786,2017-07-06,0.059999999,1.0
P786,2017-07-11,0.050000001,0.0
P786,2017-07-12,0.039999999,1.0
P786,2017-07-13,0.029999999,1.0
P786,2017-07-15,0.02,1.0
P786,2017-07-18,0.01,1.0
P786,2017-07-20,0.0,1.0
P786,2017-07-22,0.25,1.0
P786,2017-07-25,0.200000003,0.0
P786,2017-07-28,0.180000007,1.0
P786,2017-07-31,0.170000002,0.0
P786,2017-08-01,0.159999996,0.0
P786,2017-08-04,0.150000006,1.0
P786,2017-08-05,0.129999995,1.0
P786,2017-08-09,0.119999997,0.0
P786,2017-08-10,0.100000001,1.0
P786,2017-08-12,0.090000004,1.0
P786,2017-08-16,0.07,0.0
P786,2017-08-17,0.055,0.5
P786,2017-08-20,0.039999999,0.0
P786,2017-08-22,0.029999999,1.0
P786,2017-08-27,0.02,0.0
P786,2017-08-29,0.01,1.0
P786,2017-08-31,0.125,1.0
P786,2017-09-01,0.200000003,1.0
P786,2017-09-02,0.180000007,0.0
P786,2017-09-09,0.170000002,1.0
P792,2015-01-03,0.159999996,1.0
P792,2015-01-05,0.119999997,1.0
P792,2015-01-08,0.180000007,0.0
P792,2015-01-14,0.100000001,0.0
P792,2015-01-23,0.059999999,0.0
P792,2015-01-29,0.090000004,0.0
P792,2015-02-03,0.100000001,1.0
P792,2015-02-07,0.090000004,0.0
P792,2015-02-10,0.119999997,0.0
P792,2015-02-15,0.059999999,0.0
P792,2015-02-19,0.100000001,1.0
P792,2015-02-21,0.0649999995,1.0
P792,2015-02-22,0.090000004,0.0
P792,2015-02-25,0.045000000000000005,0.0
P792,2015-03-03,0.0,1.0
P792,2015-03-05,0.059999999,1.0
P792,2015-03-06,0.1399999995,0.5
P792,2015-03-10,0.034999999000000004,0.5
P792,2015-03-18,0.10000000349999999,0.0
P792,2015-03-19,0.090000004,1.0
P792,2015-03-27,0.150000006,1.0
P792,2015-03-28,0.200000003,0.0
P792,2015-03-29,0.07,1.0
P792,2015-04-02,0.050000001,0.0
P792,2015-04-03,0.0,1.0
P792,2015-04-05,0.25,1.0
P792,2015-04-11,0.200000003,0.0
P792,2015-04-13,0.25,0.0
P792,2015-04-15,0.170000002,1.0
P792,2015-04-23,0.119999997,1.0
P792,2015-04-24,0.150000006,0.0
P792,2015-04-25,0.129999995,1.0
P792,2015-04-27,0.170000002,0.0
P792,2015-04-29,0.119999997,1.0
P792,2015-05-06,0.125,0.5
P792,2015-05-11,0.200000003,0.0
P792,2015-05-12,0.07,1.0
P792,2015-05-21,0.180000007,1.0
P792,2015-05-22,0.119999997,1.0
P792,2015-05-30,0.06,0.3333333333333333
P792,2015-05-31,0.100000001,1.0
P792,2015-06-02,0.07,1.0
P792,2015-06-03,0.059999999,1.0
P792,2015-06-07,0.059999999,1.0
P792,2015-06-16,0.090000004,1.0
P792,2015-06-24,0.039999999,0.0
P792,2015-06-25,0.029999999,1.0
P792,2015-07-01,0.059999999,1.0
P792,2015-07-03,0.029999999,1.0
P792,2015-07-11,0.01,0.0
P792,2015-07-12,0.050000001,1.0
P792,2015-07-14,0.005,0.0
P792,2015-07-21,0.005,0.5
P792,2015-07-24,0.25,0.0
P792,2015-08-01,0.200000003,1.0
P792,2015-08-03,0.25,1.0
P792,2015-08-07,0.200000003,0.0
P792,2015-08-13,0.200000003,1.0
P792,2015-08-14,0.180000007,0.0
P792,2015-08-15,0.1850000025,0.5
P792,2015-08-20,0.150000006,0.0
P792,2015-08-21,0.170000002,1.0
P792,2015-08-23,0.170000002,0.0
P792,2015-08-27,0.159999996,0.0
P792,2015-08-29,0.129999995,0.0
P792,2015-08-31,0.0649999975,0.5
P792,2015-09-02,0.25,1.0
P792,2015-09-06,0.200000003,1.0
P792,2015-09-07,0.100000001,1.0
P792,2015-09-08,0.119999997,1.0
P792,2015-09-14,0.150000006,0.0
P792,2015-09-16,0.090000004,1.0
P792,2015-09-22,0.119999997,1.0
P792,2015-09-24,0.119999997,0.0
P792,2015-09-25,0.0850000005,0.5
P792,2015-10-02,0.170000002,0.0
P792,2015-10-03,0.100000001,0.0
P792,2015-10-07,0.159999996,1.0
P792,2015-10-08,0.059999999,0.0
P792,2015-10-10,0.059999999,1.0
P792,2015-10-20,0.039999999,0.0
P792,2015-10-22,0.01,0.0
P792,2015-10-23,0.029999999,1.0
P792,2015-10-25,0.01,1.0
P792,2015-10-29,0.119999997,1.0
P792,2015-10-30,0.050000001,0.0
P792,2015-11-01,0.0,0.0
P792,2015-11-02,0.0249999995,1.0
P792,2015-11-04,0.25,1.0
P792,2015-11-05,0.01,1.0
P792,2015-11-11,0.029999999,1.0
P792,2015-11-20,0.25,0.0
P792,2015-11-22,0.200000003,0.0
P792,2015-11-24,0.059999999,1.0
P792,2015-11-25,0.25,1.0
P792,2015-12-07,0.180000007,1.0
P792,2015-12-08,0.200000003,0.0
P792,2015-12-10,0.150000006,1.0
P792,2015-12-11,0.180000007,1.0
P792,2015-12-16,0.129999995,0.0
P792,2015-12-17,0.170000002,1.0
P792,2015-12-18,0.029999999,1.0
P792,2015-12-19,0.200000003,0.0
P792,2015-12-23,0.150000006,1.0
P792,2015-12-25,0.129999995,0.0
P792,2015-12-26,0.02,0.0
P792,2015-12-28,0.129999995,0.0
P792,2016-01-01,0.119999997,1.0
P792,2016-01-05,0.170000002,1.0
P792,2016-01-08,0.100000001,0.0
P792,2016-01-09,0.119999997,1.0
P792,2016-01-14,0.050000001999999995,0.5
P792,2016-01-15,0.090000004,1.0
P792,2016-01-17,0.159999996,1.0
P792,2016-01-22,0.07,1.0
P792,2016-01-23,0.09000000000000001,0.6666666666666666
P792,2016-01-24,0.100000001,1.0
P792,2016-01-25,0.07,0.0
P792,2016-01-28,0.059999999,0.0
P792,2016-02-20,0.02,0.0
P792,2016-02-22,0.039999999,0.0
P792,2016-02-24,0.029999999,0.0
P792,2016-02-28,0.159999996,0.0
P792,2016-02-29,0.150000006,1.0
P792,2016-03-09,0.02,0.0
P792,2016-03-10,0.119999997,0.0
P792,2016-03-13,0.050000001,1.0
P792,2016-03-15,0.01,0.0
P792,2016-03-17,0.02,1.0
P792,2016-03-18,0.180000007,0.0
P792,2016-03-22,0.0,0.0
P792,2016-03-25,0.09333333533333334,0.6666666666666666
P792,2016-03-30,0.01,1.0
P792,2016-04-02,0.0,0.0
P792,2016-04-04,0.16,0.5
P792,2016-04-05,0.200000003,0.0
P792,2016-04-09,0.129999995,0.0
P792,2016-04-15,0.200000003,0.0
P792,2016-04-18,0.180000007,1.0
P792,2016-04-19,0.170000002,1.0
P792,2016-04-20,0.180000007,1.0
P792,2016-04-22,0.119999997,0.0
P792,2016-04-26,0.170000002,1.0
P792,2016-04-28,0.050000001,1.0
P792,2016-05-02,0.090000004,1.0
P792,2016-05-07,0.059999999,0.0
P792,2016-05-08,0.159999996,0.0
P792,2016-05-13,0.129999995,1.0
P792,2016-05-14,0.039999999,0.0
P792,2016-05-17,0.129999995,0.0
P792,2016-05-19,0.039999999,1.0
P792,2016-06-02,0.0,1.0
P792,2016-06-07,0.100000001,0.0
P792,2016-06-08,0.02,0.0
P792,2016-06-10,0.119999997,1.0
P792,2016-06-11,0.200000003,0.0
P792,2016-06-13,0.07,1.0
P792,2016-06-18,0.01,1.0
P792,2016-06-20,0.100000001,1.0
P792,2016-06-21,0.180000007,1.0
P792,2016-06-22,0.090000004,1.0
P792,2016-06-26,0.07,1.0
P792,2016-06-27,0.090000004,0.0
P792,2016-06-28,0.059999999,1.0
P792,2016-06-29,0.170000002,0.0
P792,2016-07-09,0.200000003,0.0
P792,2016-07-11,0.039999999,0.0
P792,2016-07-14,0.029999999,1.0
P792,2016-07-18,0.090000004,0.0
P792,2016-07-21,0.02,0.0
P792,2016-07-22,0.180000007,1.0
P792,2016-07-24,0.07,0.0
P792,2016-07-25,0.059999999,1.0
P792,2016-07-31,0.200000003,0.0
P792,2016-08-03,0.01,1.0
P792,2016-08-05,0.180000007,1.0
P792,2016-08-23,0.1449999955,1.0
P792,2016-08-25,0.180000007,0.0
P792,2016-09-01,0.1350000015,0.0
P792,2016-09-02,0.159999996,0.0
P792,2016-09-04,0.114999998,1.0
P792,2016-09-10,0.129999995,0.0
P792,2016-09-20,0.170000002,1.0
P792,2016-09-24,0.100000001,0.0
P792,2016-09-27,0.0,1.0
P792,2016-10-02,0.0750000015,0.5
P792,2016-10-06,0.059999999,1.0
P792,2016-10-07,0.200000003,1.0
P792,2016-10-08,0.039999999,1.0
P792,2016-10-09,0.180000007,1.0
P792,2016-10-10,0.170000002,0.0
P792,2016-10-13,0.100000001,0.0
P792,2016-10-15,0.07,0.0
P792,2016-10-19,0.029999999,1.0
P792,2016-10-20,0.0999999975,0.0
P792,2016-10-22,0.039999999,0.0
P792,2016-10-27,0.029999999,1.0
P792,2016-11-01,0.029999999,1.0
P792,2016-11-02,0.02,0.0
P792,2016-11-09,0.119999997,0.0
P792,2016-11-12,0.25,0.0
P792,2016-11-16,0.15000000200000002,1.0
P792,2016-11-19,0.0,0.0
P792,2016-11-20,0.25,1.0
P792,2016-11-22,0.180000007,0.0
P792,2016-11-23,0.0649999995,0.0
P792,2016-11-24,0.02,0.0
P792,2016-12-04,0.07,0.0
P792,2016-12-05,0.059999999,0.0
P792,2016-12-17,0.0,1.0
P792,2016-12-20,0.029999999333333333,1.0
P792,2016-12-21,0.170000002,0.0
P792,2016-12-28,0.159999996,0.0
P792,2016-12-30,0.150000006,0.0
P792,2017-01-03,0.02,1.0
P792,2017-01-06,0.200000003,0.0
P792,2017-01-08,0.0,0.0
P792,2017-01-10,0.1499999985,1.0
P792,2017-01-11,0.119999997,0.0
P792,2017-01-14,0.25,0.0
P792,2017-01-16,0.01,1.0
P792,2017-01-18,0.159999996,1.0
P792,2017-01-25,0.170000002,0.0
P792,2017-01-26,0.159999996,1.0
P792,2017-02-01,0.100000001,1.0
P792,2017-02-03,0.0,0.0
P792,2017-02-05,0.150000006,1.0
P792,2017-02-07,0.25,1.0
P792,2017-02-12,0.090000004,1.0
P792,2017-02-13,0.059999999,1.0
P792,2017-02-17,0.129999995,1.0
P792,2017-02-20,0.050000001,1.0
P792,2017-02-22,0.119999997,1.0
P792,2017-02-23,0.039999999,1.0
P792,2017-02-25,0.129999995,1.0
P792,2017-02-27,0.0949999975,0.5
P792,2017-03-05,0.045,1.0
P792,2017-03-17,0.119999997,1.0
P792,2017-03-18,0.100000001,1.0
P792,2017-03-20,0.07,0.0
P792,2017-03-22,0.100000001,1.0
P792,2017-03-23,0.07,1.0
P792,2017-03-25,0.029999999,0.0
P792,2017-03-27,0.059999999,0.0
P792,2017-04-05,0.02,1.0
P792,2017-04-07,0.029999999,1.0
P792,2017-04-08,0.200000003,1.0
P792,2017-04-10,0.01,0.0
P792,2017-04-20,0.02,0.0
P792,2017-04-21,0.039999999,1.0
P793,2015-01-09,0.100000001,1.0
P793,2015-01-10,0.170000002,1.0
P793,2015-01-11,0.159999996,0.0
P793,2015-01-17,0.11000000125,0.5
P793,2015-01-22,0.150000006,1.0
P793,2015-01-27,0.129999995,0.0
P793,2015-02-01,0.119999997,1.0
P793,2015-02-04,0.050000001,1.0
P793,2015-02-08,0.0949999985,0.5
P793,2015-02-11,0.039999999,1.0
P793,2015-02-12,0.029999999,1.0
P793,2015-02-20,0.050000001,1.0
P793,2015-02-22,0.100000001,1.0
P793,2015-03-01,0.039999999,0.0
P793,2015-03-02,0.030000000500000002,0.5
P793,2015-03-07,0.050000001,0.0
P793,2015-03-08,0.1100000015,0.5
P793,2015-03-09,0.0249999995,1.0
P793,2015-03-12,0.029999999,1.0
P793,2015-03-21,0.170000002,0.0
P793,2015-03-22,0.079999998,0.5
P793,2015-03-24,0.13,0.0
P793,2015-03-29,0.02,1.0
P793,2015-03-31,0.0349999995,0.0
P793,2015-04-03,0.1750000045,0.0
P793,2015-04-05,0.0,1.0
P793,2015-04-07,0.039999999,1.0
P793,2015-04-08,0.06999999833333333,0.3333333333333333
P793,2015-04-10,0.150000006,1.0
P793,2015-04-14,0.180000007,1.0
P793,2015-04-16,0.129999995,1.0
P793,2015-04-20,0.17000000166666665,0.6666666666666666
P793,2015-04-22,0.159999996,1.0
P793,2015-04-25,0.0550000005,0.5
P793,2015-04-29,0.125,1.0
P793,2015-05-06,0.100000001,0.0
P793,2015-05-08,0.150000006,0.0
P793,2015-05-09,0.090000004,1.0
P793,2015-05-10,0.07,1.0
P793,2015-05-16,0.059999999,1.0
P793,2015-05-18,0.119999997,1.0
P793,2015-05-19,0.129999995,0.0
P793,2015-05-22,0.100000001,0.0
P793,2015-05-26,0.050000001,1.0
P793,2015-05-27,0.090000004,1.0
P793,2015-05-28,0.039999999,0.0
P793,2015-05-31,0.164999999,1.0
P793,2015-06-01,0.090000004,0.0
P793,2015-06-03,0.150000006,0.0
P793,2015-06-05,0.129999995,1.0
P793,2015-06-06,0.119999997,1.0
P793,2015-06-08,0.039999999,1.0
P793,2015-06-14,0.07500000100000001,0.5
P793,2015-06-21,0.050000001,1.0
P793,2015-06-25,0.029999999,0.5
P793,2015-06-28,0.02,0.0
P793,2015-06-30,0.05499999950000001,0.5
P793,2015-07-05,0.02,0.0
P793,2015-07-09,0.02,0.0
P793,2015-07-16,0.02,1.0
P793,2015-07-17,0.01,1.0
P793,2015-07-21,0.0,1.0
P793,2015-07-23,0.039999999,0.0
P793,2015-07-25,0.0,1.0
P793,2015-07-27,0.25,1.0
P793,2015-08-04,0.029999999,0.0
P793,2015-08-09,0.02,0.0
P793,2015-08-13,0.21500000349999998,0.5
P793,2015-08-15,0.159999996,0.0
P793,2015-08-17,0.180000007,1.0
P793,2015-08-25,0.170000002,1.0
P793,2015-08-26,0.159999996,0.0
P793,2015-08-27,0.080000003,0.5
P793,2015-08-29,0.150000006,0.0
P793,2015-08-31,0.129999995,0.0
P793,2015-09-03,0.119999997,1.0
P793,2015-09-05,0.159999996,0.0
P793,2015-09-10,0.180000007,0.0
P793,2015-09-12,0.0950000025,0.0
P793,2015-09-21,0.129999995,1.0
P793,2015-09-25,0.090000004,1.0
P793,2015-10-02,0.07,0.0
P793,2015-10-03,0.090000004,0.0
P793,2015-10-07,0.07,1.0
P793,2015-10-11,0.06,0.6666666666666666
P793,2015-10-13,0.045,0.0
P793,2015-10-19,0.029999999,1.0
P793,2015-10-20,0.02,1.0
P793,2015-10-22,0.150000006,0.0
P793,2015-10-24,0.059999999,1.0
P793,2015-10-25,0.06666666533333333,0.6666666666666666
P793,2015-10-29,0.100000001,1.0
P793,2015-10-30,0.090000004,0.0
P793,2015-10-31,0.07,0.0
P793,2015-11-01,0.039999999,0.0
P793,2015-11-07,0.039999999,0.0
P793,2015-11-14,0.02,0.0
P793,2015-11-17,0.0,0.0
P793,2015-11-20,0.01,1.0
P793,2015-11-23,0.0,1.0
P793,2015-11-29,0.200000003,1.0
P793,2015-11-30,0.125,1.0
P793,2015-12-01,0.180000007,0.0
P793,2015-12-08,0.050000001,0.0
P793,2015-12-09,0.164999999,0.5
P793,2015-12-10,0.039999999,0.0
P793,2015-12-15,0.164999999,0.0
P793,2015-12-17,0.159999996,0.0
P793,2015-12-23,0.180000007,1.0
P793,2015-12-26,0.150000006,1.0
P793,2016-01-07,0.119999997,0.0
P793,2016-01-09,0.100000001,0.0
P793,2016-01-11,0.100000001,1.0
P793,2016-01-20,0.150000006,1.0
P793,2016-01-21,0.129999995,0.0
P793,2016-01-23,0.07,1.0
P793,2016-01-29,0.0,0.0
P793,2016-01-30,0.050000001,1.0
P793,2016-02-04,0.17000000199999998,0.5
P793,2016-02-05,0.059999999,0.0
P793,2016-02-06,0.050000001,1.0
P793,2016-02-07,0.200000003,0.0
P793,2016-02-08,0.039999999,0.0
P793,2016-02-11,0.029999999,1.0
P793,2016-02-12,0.07,1.0
P793,2016-02-14,0.180000007,1.0
P793,2016-02-18,0.039999999,0.0
P793,2016-02-20,0.1100000015,0.5
P793,2016-02-26,0.0199999995,0.5
P793,2016-03-01,0.0,0.0
P793,2016-03-05,0.25,1.0
P793,2016-03-06,0.164999999,1.0
P793,2016-03-10,0.059999999,0.0
P793,2016-03-13,0.100000001,1.0
P793,2016-03-16,0.039999999,1.0
P793,2016-03-17,0.029999999,0.0
P793,2016-03-27,0.159999996,1.0
P793,2016-03-31,0.20000000299999998,0.6666666666666666
P793,2016-04-01,0.01,0.0
P793,2016-04-08,0.0,1.0
P793,2016-04-10,0.180000007,1.0
P793,2016-04-14,0.25,0.0
P793,2016-04-15,0.170000002,1.0
P793,2016-04-25,0.059999999,1.0
P793,2016-04-26,0.100000001,1.0
P793,2016-05-06,0.07,0.0
P793,2016-05-07,0.159999996,0.0
P793,2016-05-09,0.050000001,1.0
P793,2016-05-12,0.150000006,0.5
P793,2016-05-13,0.119999997,0.0
P793,2016-05-15,0.159999996,0.0
P793,2016-05-22,0.07000000133333333,0.3333333333333333
P793,2016-05-24,0.02,1.0
P793,2016-06-01,0.01,0.0
P793,2016-06-03,0.25,0.0
P793,2016-06-10,0.090000004,1.0
P793,2016-06-13,0.059999999,1.0
P793,2016-06-17,0.129999995,0.0
P793,2016-06-19,0.119999997,0.0
P793,2016-06-22,0.100000001,0.0
P793,2016-06-23,0.0,1.0
P793,2016-06-25,0.25,0.0
P793,2016-06-27,0.050000001,1.0
P793,2016-06-28,0.07,0.0
P793,2016-06-30,0.050000001,0.0
P793,2016-07-01,0.159999996,0.0
P793,2016-07-02,0.150000006,1.0
P793,2016-07-06,0.08499999700000001,0.5
P793,2016-07-09,0.059999999,0.0
P793,2016-07-14,0.119999997,0.0
P793,2016-07-15,0.065,0.5
P793,2016-07-17,0.030000000000000002,0.75
P793,2016-07-18,0.029999999,0.0
P793,2016-07-19,0.0,1.0
P793,2016-07-26,0.050000001,1.0
P793,2016-07-27,0.25,0.0
P793,2016-07-30,0.0299999995,0.5
P793,2016-08-04,0.0,1.0
P793,2016-08-07,0.25,1.0
P793,2016-08-08,0.01,0.0
P793,2016-08-09,0.170000002,1.0
P793,2016-08-16,0.0949999975,0.5
P793,2016-08-17,0.200000003,0.0
P793,2016-08-21,0.075000003,1.0
P793,2016-08-22,0.210000001,1.0
P793,2016-08-25,0.200000003,1.0
P793,2016-08-28,0.02,1.0
P793,2016-09-01,0.180000007,1.0
P793,2016-09-02,0.170000002,0.0
P793,2016-09-08,0.150000006,0.0
P793,2016-09-11,0.090000004,1.0
P793,2016-09-13,0.119999997,1.0
P793,2016-09-20,0.1399999965,0.0
P793,2016-09-21,0.07,1.0
P793,2016-09-25,0.1250000035,0.0
P793,2016-09-27,0.01,0.0
P793,2016-09-28,0.080000002,0.5
P793,2016-09-30,0.129999995,1.0
P793,2016-10-04,0.25,0.0
P793,2016-10-05,0.08499999899999999,0.5
P793,2016-10-13,0.050000001,0.0
P793,2016-10-17,0.059999999,1.0
P793,2016-10-18,0.050000001,1.0
P793,2016-10-22,0.150000006,0.0
P793,2016-10-26,0.02,1.0
P793,2016-10-30,0.01,1.0
P793,2016-11-01,0.0,0.0
P793,2016-11-05,0.01,0.0
P793,2016-11-08,0.129999995,1.0
P793,2016-11-10,0.090000004,1.0
P793,2016-11-16,0.180000007,0.0
P793,2016-11-21,0.200000003,1.0
P793,2016-11-27,0.090000004,0.0
P793,2016-11-28,0.01,1.0
P793,2016-12-02,0.170000002,0.0
P793,2016-12-05,0.050000001,1.0
P793,2016-12-06,0.039999999,1.0
P793,2016-12-11,0.159999996,0.0
P793,2016-12-14,0.150000006,0.0
P793,2016-12-20,0.050000001,1.0
P793,2016-12-23,0.25,0.0
P793,2016-12-27,0.029999999,1.0
P793,2016-12-28,0.01,1.0
P793,2017-01-08,0.180000007,0.0
P793,2017-01-13,0.129999995,0.0
P793,2017-01-14,0.119999997,1.0
P793,2017-01-15,0.100000001,1.0
P793,2017-01-16,0.200000003,1.0
P793,2017-01-21,0.180000007,1.0
P793,2017-01-24,0.090000004,1.0
P793,2017-02-04,0.150000006,1.0
P793,2017-02-10,0.200000003,1.0
P793,2017-02-11,0.180000007,0.0
P793,2017-02-12,0.07,1.0
P793,2017-02-15,0.170000002,0.0
P793,2017-02-24,0.07,1.0
P793,2017-03-01,0.02,1.0
P793,2017-03-04,0.059999999,1.0
P793,2017-03-09,0.150000006,0.0
P793,2017-03-10,0.100000001,0.0
P793,2017-03-13,0.119999997,0.0
P793,2017-03-14,0.01,1.0
P793,2017-03-16,0.129999995,1.0
P793,2017-03-19,0.090000004,1.0
P793,2017-03-23,0.06000000266666666,0.3333333333333333
P793,2017-03-31,0.050000001,0.0
P793,2017-04-03,0.039999999,0.0
P793,2017-04-04,0.059999999,0.0
P793,2017-04-07,0.25,1.0
P793,2017-04-12,0.1750000045,0.0
P793,2017-04-15,0.0,0.0
P793,2017-04-19,0.050000001,1.0
P793,2017-04-21,0.159999996,1.0
P797,2015-01-03,0.129999995,1.0
P797,2015-01-05,0.100000001,0.0
P797,2015-01-07,0.119999997,1.0
P797,2015-01-09,0.100000001,1.0
P797,2015-01-11,0.080000002,0.0
P797,2015-01-13,0.080000002,1.0
P797,2015-01-17,0.059999999,1.0
P797,2015-01-20,0.07,1.0
P797,2015-01-25,0.039999999,1.0
P797,2015-01-26,0.050000001,1.0
P797,2015-01-29,0.059999999,0.0
P797,2015-02-04,0.050000001,0.5
P797,2015-02-07,0.039999999,0.0
P797,2015-02-14,0.029999999,1.0
P797,2015-02-16,0.100000001,0.0
P797,2015-02-24,0.029999999,1.0
P797,2015-02-26,0.039999999,1.0
P797,2015-03-01,0.029999999333333333,1.0
P797,2015-03-02,0.02,1.0
P797,2015-03-03,0.01,1.0
P797,2015-03-04,0.015,1.0
P797,2015-03-11,0.0,1.0
P797,2015-03-12,0.090000004,0.0
P797,2015-03-22,0.005,0.5
P797,2015-03-23,0.25,0.0
P797,2015-03-24,0.07,0.0
P797,2015-03-30,0.200000003,0.0
P797,2015-04-03,0.14333333566666664,0.0
P797,2015-04-12,0.170000002,0.0
P797,2015-04-13,0.029999999,0.0
P797,2015-04-14,0.159999996,1.0
P797,2015-04-16,0.150000006,1.0
P797,2015-04-23,0.129999995,1.0
P797,2015-04-24,0.02,1.0
P797,2015-04-27,0.13,1.0
P797,2015-05-03,0.0,1.0
P797,2015-05-05,0.119999997,1.0
P797,2015-05-07,0.059999999,1.0
P797,2015-05-10,0.100000001,1.0
P797,2015-05-11,0.050000001,1.0
P797,2015-05-12,0.090000004,0.0
P797,2015-05-14,0.07,1.0
P797,2015-05-16,0.059999999,0.0
P797,2015-05-17,0.200000003,1.0
P797,2015-05-22,0.12000000100000001,0.5
P797,2015-05-28,0.180000007,1.0
P797,2015-05-30,0.180000007,0.0
P797,2015-06-01,0.029999999,0.0
P797,2015-06-04,0.25,1.0
P797,2015-06-06,0.190000005,0.5
P797,2015-06-07,0.170000002,0.0
P797,2015-06-08,0.170000002,1.0
P797,2015-06-09,0.050000001,0.0
P797,2015-06-18,0.02,0.0
P797,2015-06-30,0.159999996,1.0
P797,2015-07-04,0.170000002,1.0
P797,2015-07-08,0.039999999,1.0
P797,2015-07-11,0.159999996,1.0
P797,2015-07-17,0.029999999,0.0
P797,2015-07-18,0.150000006,1.0
P797,2015-07-19,0.155000001,0.5
P797,2015-07-20,0.129999995,0.0
P797,2015-07-23,0.01,1.0
P797,2015-07-27,0.129999995,0.0
P797,2015-07-28,0.119999997,0.0
P797,2015-07-31,0.0,0.0
P797,2015-08-01,0.150000006,0.0
P797,2015-08-03,0.0699999985,0.5
P797,2015-08-05,0.0950000025,1.0
P797,2015-08-06,0.129999995,1.0
P797,2015-08-07,0.25,1.0
P797,2015-08-11,0.07,0.0
P797,2015-08-13,0.100000001,1.0
P797,2015-08-26,0.090000004,1.0
P797,2015-08-27,0.200000003,0.0
P797,2015-09-01,0.119999997,1.0
P797,2015-09-03,0.01,0.0
P797,2015-09-06,0.180000007,1.0
P797,2015-09-09,0.0299999995,1.0
P797,2015-09-15,0.100000001,1.0
P797,2015-09-17,0.07,1.0
P797,2015-09-23,0.25,1.0
P797,2015-09-26,0.090000004,0.0
P797,2015-09-30,0.07,1.0
P797,2015-10-03,0.200000003,0.0
P797,2015-10-05,0.059999999,1.0
P797,2015-10-07,0.180000007,0.0
P797,2015-10-13,0.170000002,1.0
P797,2015-10-14,0.159999996,1.0
P797,2015-10-20,0.050000001,1.0
P797,2015-10-21,0.150000006,1.0
P797,2015-10-24,0.129999995,0.0
P797,2015-10-27,0.059999999,1.0
P797,2015-10-30,0.1100000015,0.0
P797,2015-11-06,0.039999999,0.0
P797,2015-11-08,0.11333333366666666,0.6666666666666666
P797,2015-11-09,0.0699999985,1.0
P797,2015-11-12,0.050000001,0.0
P797,2015-11-13,0.01,0.0
P797,2015-11-15,0.100000001,0.0
P797,2015-11-16,0.090000004,1.0
P797,2015-11-17,0.0,0.0
P797,2015-11-18,0.039999999,1.0
P797,2015-11-21,0.129999995,1.0
P797,2015-11-22,0.029999999,0.0
P797,2015-11-25,0.02,0.0
P797,2015-11-27,0.25,0.0
P797,2015-11-29,0.200000003,1.0
P797,2015-11-30,0.0949999985,1.0
P797,2015-12-10,0.01,0.0
P797,2015-12-14,0.0500000005,1.0
P797,2015-12-16,0.25,1.0
P797,2015-12-18,0.120000003,1.0
P797,2015-12-23,0.050000001,1.0
P797,2015-12-25,0.039999999,1.0
P797,2015-12-27,0.090000004,1.0
P797,2015-12-28,0.1000000005,0.5
P797,2015-12-31,0.200000003,1.0
P797,2016-01-01,0.159999996,1.0
P797,2016-01-03,0.180000007,1.0
P797,2016-01-04,0.039999999,1.0
P797,2016-01-06,0.029999999,1.0
P797,2016-01-12,0.095000001,0.5
P797,2016-01-13,0.02,0.0
P797,2016-01-14,0.01,0.0
P797,2016-01-15,0.125,1.0
P797,2016-01-21,0.159999996,1.0
P797,2016-01-31,0.01,1.0
P797,2016-02-02,0.150000006,1.0
P797,2016-02-06,0.200000003,1.0
P797,2016-02-08,0.0,1.0
P797,2016-02-10,0.150000006,1.0
P797,2016-02-13,0.07,1.0
P797,2016-02-14,0.18666666733333334,0.6666666666666666
P797,2016-02-16,0.124999996,0.5
P797,2016-02-23,0.170000002,0.0
P797,2016-02-27,0.159999996,0.0
P797,2016-03-04,0.150000006,1.0
P797,2016-03-13,0.129999995,1.0
P797,2016-03-16,0.089999998,1.0
P797,2016-03-25,0.100000001,0.0
P797,2016-04-08,0.200000003,1.0
P797,2016-04-09,0.100000001,1.0
P797,2016-04-10,0.080000002,1.0
P797,2016-04-11,0.050000001,0.0
P797,2016-04-15,0.180000007,0.0
P797,2016-04-16,0.090000004,0.0
P797,2016-04-23,0.170000002,0.0
P797,2016-04-24,0.05499999950000001,0.5
P797,2016-04-27,0.029999999,0.0
P797,2016-04-28,0.059999999,1.0
P797,2016-05-02,0.059999999,1.0
P797,2016-05-04,0.119999997,0.0
P797,2016-05-07,0.02,1.0
P797,2016-05-12,0.050000001,0.0
P797,2016-05-13,0.050000001,0.0
P797,2016-05-17,0.159999996,1.0
P797,2016-05-18,0.039999999,1.0
P797,2016-05-22,0.1400000005,0.0
P797,2016-05-29,0.07,1.0
P797,2016-06-01,0.119999997,1.0
P797,2016-06-02,0.033333334666666666,0.6666666666666666
P797,2016-06-07,0.029999999,1.0
P797,2016-06-15,0.07,1.0
P797,2016-06-17,0.100000001,0.0
P797,2016-06-19,0.090000004,0.0
P797,2016-06-20,0.07,0.0
P797,2016-06-24,0.059999999,1.0
P797,2016-06-25,0.25,1.0
P797,2016-07-01,0.200000003,0.0
P797,2016-07-03,0.105000003,0.5
P797,2016-07-07,0.050000001,1.0
P797,2016-07-11,0.02,1.0
P797,2016-07-22,0.02,1.0
P797,2016-07-24,0.01,1.0
P797,2016-07-27,0.170000002,1.0
P797,2016-08-13,0.039999999,0.0
P797,2016-08-29,0.029999999,0.0
P797,2016-09-05,0.059999999,1.0
P797,2016-09-08,0.016666667,0.3333333333333333
P797,2016-09-09,0.25,0.0
P797,2016-09-11,0.159999996,1.0
P797,2016-09-14,0.200000003,1.0
P797,2016-09-15,0.1650000065,0.0
P797,2016-09-16,0.129999995,0.0
P797,2016-09-20,0.25,1.0
P797,2016-09-21,0.119999997,1.0
P797,2016-09-26,0.100000001,0.0
P797,2016-09-28,0.039999999,0.0
P797,2016-10-13,0.0249999995,1.0
P797,2016-10-15,0.015,0.5
P797,2016-10-17,0.01,1.0
P797,2016-10-20,0.0,0.0
P797,2016-10-23,0.090000004,1.0
P797,2016-10-30,0.0,1.0
P797,2016-11-01,0.170000002,1.0
P797,2016-11-05,0.200000003,0.0
P797,2016-11-09,0.25,1.0
P797,2016-11-12,0.200000003,0.0
P797,2016-12-02,0.1750000045,1.0
P797,2016-12-04,0.159999996,0.0
P797,2016-12-05,0.25,1.0
P797,2016-12-07,0.200000003,1.0
P797,2016-12-08,0.07,1.0
P797,2016-12-09,0.059999999,0.0
P797,2016-12-15,0.150000006,1.0
P797,2016-12-19,0.180000007,0.0
P797,2016-12-21,0.050000001,0.0
P797,2016-12-22,0.164999999,1.0
P797,2016-12-25,0.159999996,1.0
P797,2016-12-26,0.170000002,1.0
P797,2016-12-29,0.150000006,1.0
P797,2017-01-06,0.155000001,0.5
P797,2017-01-10,0.150000006,0.0
P797,2017-01-11,0.129999995,1.0
P797,2017-01-14,0.039999999,0.0
P797,2017-01-15,0.119999997,0.0
P797,2017-01-20,0.029999999,0.0
P797,2017-01-22,0.02,1.0
P797,2017-01-24,0.129999995,1.0
P797,2017-01-28,0.119999997,0.0
P797,2017-02-09,0.0950000025,1.0
P797,2017-02-10,0.07,0.0
P797,2017-02-17,0.100000001,0.0
P797,2017-02-18,0.094999997,0.5
P797,2017-02-19,0.050000001,1.0
P797,2017-02-20,0.039999999,1.0
P797,2017-02-22,0.129999995,1.0
P797,2017-02-25,0.119999997,1.0
P797,2017-02-27,0.090000004,0.0
P797,2017-03-02,0.01,0.0
P797,2017-03-04,0.119999997,1.0
P797,2017-03-05,0.100000001,1.0
P797,2017-03-14,0.090000004,1.0
P797,2017-03-15,0.07,1.0
P797,2017-03-27,0.059999999,0.0
P797,2017-03-30,0.05333333333333334,0.6666666666666666
P797,2017-03-31,0.029999999,1.0
P797,2017-04-03,0.059999999,0.0
P797,2017-04-04,0.029999999,0.0
P797,2017-04-12,0.045,1.0
P797,2017-04-20,0.100000001,0.0
P797,2017-04-21,0.0600000015,0.5
P804,2015-01-03,0.10000000349999999,1.0
P804,2015-01-11,0.039999999,1.0
P804,2015-01-13,0.119999997,1.0
P804,2015-01-16,0.029999999,0.0
P804,2015-01-19,0.0,0.0
P804,2015-01-20,0.02,1.0
P804,2015-01-28,0.2250000015,0.0
P804,2015-01-29,0.07,1.0
P804,2015-01-31,0.210000001,0.0
P804,2015-02-01,0.159999996,0.0
P804,2015-02-03,0.159999996,1.0
P804,2015-02-06,0.180000007,0.0
P804,2015-02-09,0.129999995,0.0
P804,2015-02-10,0.100000001,1.0
P804,2015-02-12,0.090000004,1.0
P804,2015-02-14,0.01,0.0
P804,2015-02-15,0.0,0.0
P804,2015-02-22,0.02,1.0
P804,2015-02-23,0.0950000025,1.0
P804,2015-02-25,0.129999995,0.0
P804,2015-02-26,0.0,1.0
P804,2015-03-05,0.16,0.5
P804,2015-03-07,0.07,0.5
P804,2015-03-08,0.029999999,1.0
P804,2015-03-09,0.090000004,0.0
P804,2015-03-16,0.050000001,1.0
P804,2015-03-17,0.039999999,1.0
P804,2015-03-19,0.200000003,1.0
P804,2015-03-21,0.02,1.0
P804,2015-03-23,0.0950000035,0.5
P804,2015-03-27,0.0,1.0
P804,2015-03-28,0.116666669,0.0
P804,2015-03-29,0.02,1.0
P804,2015-04-08,0.170000002,0.0
P804,2015-04-10,0.08500000299999999,0.5
P804,2015-04-11,0.159999996,0.0
P804,2015-04-16,0.129999995,0.0
P804,2015-04-19,0.07,1.0
P804,2015-04-21,0.129999995,0.0
P804,2015-04-22,0.0649999995,0.5
P804,2015-04-24,0.200000003,1.0
P804,2015-04-25,0.050000001,1.0
P804,2015-04-27,0.119999997,1.0
P804,2015-04-28,0.180000007,0.0
P804,2015-05-02,0.13500000150000002,0.0
P804,2015-05-04,0.050000001,0.0
P804,2015-05-06,0.200000003,1.0
P804,2015-05-11,0.07,1.0
P804,2015-05-12,0.059999999,0.0
P804,2015-05-16,0.100000001,1.0
P804,2015-05-19,0.07,0.0
P804,2015-05-20,0.02,0.0
P804,2015-05-24,0.0,1.0
P804,2015-05-27,0.0,0.0
P804,2015-05-28,0.01,0.0
P804,2015-05-29,0.0,1.0
P804,2015-05-30,0.1500000005,0.0
P804,2015-06-02,0.029999999,1.0
P804,2015-06-09,0.0900000035,1.0
P804,2015-06-14,0.119999997,1.0
P804,2015-06-16,0.159999996,1.0
P804,2015-06-18,0.180000007,0.0
P804,2015-06-19,0.150000006,1.0
P804,2015-06-22,0.100000001,0.0
P804,2015-06-23,0.159999996,0.0
P804,2015-07-01,0.150000006,0.0
P804,2015-07-02,0.07,1.0
P804,2015-07-04,0.150000006,0.0
P804,2015-07-08,0.1750000045,0.5
P804,2015-07-13,0.050000001,0.0
P804,2015-07-16,0.119999997,1.0
P804,2015-07-20,0.119999997,1.0
P804,2015-07-26,0.039999999,1.0
P804,2015-07-31,0.045000000000000005,0.0
P804,2015-08-01,0.01,1.0
P804,2015-08-02,0.050000001,1.0
P804,2015-08-05,0.07,0.0
P804,2015-08-06,0.0,1.0
P804,2015-08-07,0.059999999,1.0
P804,2015-08-09,0.25,0.0
P804,2015-08-10,0.02,0.0
P804,2015-08-18,0.015,0.5
P804,2015-08-20,0.0,1.0
P804,2015-08-22,0.02,1.0
P804,2015-08-24,0.25,0.0
P804,2015-08-28,0.200000003,0.0
P804,2015-08-29,0.180000007,0.0
P804,2015-08-31,0.170000002,0.0
P804,2015-09-04,0.159999996,1.0
P804,2015-09-06,0.129999995,0.5
P804,2015-09-09,0.180000007,1.0
P804,2015-09-10,0.100000001,1.0
P804,2015-09-16,0.200000003,1.0
P804,2015-09-17,0.170000002,0.0
P804,2015-09-18,0.07,0.0
P804,2015-09-19,0.100000001,1.0
P804,2015-09-20,0.100000001,0.0
P804,2015-09-27,0.07,0.0
P804,2015-10-05,0.119999997,1.0
P804,2015-10-15,0.01,1.0
P804,2015-10-25,0.0649999985,0.5
P804,2015-10-30,0.090000004,1.0
P804,2015-11-03,0.07,1.0
P804,2015-11-12,0.170000002,0.0
P804,2015-11-16,0.050000001,1.0
P804,2015-11-18,0.180000007,1.0
P804,2015-11-21,0.200000003,1.0
P804,2015-11-24,0.02,1.0
P804,2015-11-25,0.150000006,1.0
P804,2015-11-28,0.0649999985,0.0
P804,2015-11-30,0.25,0.0
P804,2015-12-02,0.100000001,0.0
P804,2015-12-04,0.090000004,1.0
P804,2015-12-05,0.059999999,1.0
P804,2015-12-08,0.150000006,1.0
P804,2015-12-12,0.180000007,1.0
P804,2015-12-13,0.050000001,0.0
P804,2015-12-14,0.129999995,0.0
P804,2015-12-15,0.039999999,1.0
P804,2015-12-20,0.050000001999999995,0.5
P804,2015-12-24,0.190000005,0.0
P804,2015-12-31,0.170000002,0.0
P804,2016-01-01,0.25,1.0
P804,2016-01-02,0.07,1.0
P804,2016-01-03,0.029999999,0.0
P804,2016-01-13,0.25,1.0
P804,2016-01-14,0.200000003,0.0
P804,2016-01-17,0.07,0.5
P804,2016-01-19,0.1000000005,0.5
P804,2016-01-21,0.180000007,1.0
P804,2016-01-22,0.050000001,0.0
P804,2016-01-24,0.07,1.0
P804,2016-01-25,0.02,1.0
P804,2016-01-27,0.059999999,0.0
P804,2016-01-29,0.029999999,1.0
P804,2016-02-02,0.01,1.0
P804,2016-02-06,0.08499999700000001,1.0
P804,2016-02-07,0.125,0.5
P804,2016-02-09,0.0499999995,1.0
P804,2016-02-10,0.119999997,0.0
P804,2016-02-11,0.0950000025,1.0
P804,2016-02-19,0.059999999,0.0
P804,2016-02-24,0.039999999,0.0
P804,2016-02-26,0.029999999,0.0
P804,2016-02-27,0.129999995,1.0
P804,2016-02-28,0.119999997,0.0
P804,2016-03-02,0.090000004,1.0
P804,2016-03-16,0.25,0.0
P804,2016-03-23,0.029999999,1.0
P804,2016-03-26,0.02,0.0
P804,2016-03-28,0.01,1.0
P804,2016-03-29,0.180000007,0.0
P804,2016-03-31,0.005,0.5
P804,2016-04-01,0.170000002,1.0
P804,2016-04-03,0.0,1.0
P804,2016-04-04,0.0,0.0
P804,2016-04-14,0.200000003,1.0
P804,2016-04-18,0.129999995,0.0
P804,2016-04-25,0.119999997,0.0
P804,2016-04-29,0.159999996,1.0
P804,2016-05-09,0.129999995,0.0
P804,2016-05-13,0.119999997,0.0
P804,2016-05-14,0.07,0.0
P804,2016-05-20,0.100000001,0.0
P804,2016-05-23,0.07,0.0
P804,2016-05-30,0.07,1.0
P804,2016-06-04,0.039999999,1.0
P804,2016-06-10,0.02,1.0
P804,2016-06-12,0.01,0.0
P804,2016-06-17,0.01,1.0
P804,2016-06-24,0.0,0.0
P804,2016-06-25,0.039999999,1.0
P804,2016-06-26,0.01,0.0
P804,2016-07-06,0.0,0.0
P804,2016-07-08,0.25,1.0
P804,2016-07-10,0.01,1.0
P804,2016-07-12,0.200000003,1.0
P804,2016-07-18,0.180000007,0.0
P804,2016-07-20,0.159999996,1.0
P804,2016-07-26,0.200000003,0.0
P804,2016-07-27,0.180000007,0.0
P804,2016-07-28,0.129999995,1.0
P804,2016-07-30,0.25,1.0
P804,2016-08-06,0.180000007,0.0
P804,2016-08-11,0.119999997,0.0
P804,2016-08-14,0.150000006,1.0
P804,2016-08-15,0.170000002,1.0
P804,2016-08-20,0.155000001,0.5
P804,2016-08-21,0.100000001,1.0
P804,2016-08-31,0.0550000005,0.0
P804,2016-09-01,0.059999999,0.5
P804,2016-09-09,0.059999999,0.0
P804,2016-09-13,0.029999999,0.0
P804,2016-09-15,0.050000001,0.0
P804,2016-09-18,0.10500000050000001,0.5
P804,2016-09-26,0.105000003,0.5
P804,2016-10-01,0.01,1.0
P804,2016-10-06,0.200000003,0.0
P804,2016-10-07,0.25,0.0
P804,2016-10-08,0.01,0.0
P804,2016-10-14,0.0,1.0
P804,2016-10-16,0.16000000366666667,0.6666666666666666
P804,2016-10-19,0.0649999995,0.5
P804,2016-10-23,0.159999996,0.0
P804,2016-10-29,0.02,0.0
P804,2016-10-31,0.01,1.0
P804,2016-11-03,0.170000002,1.0
P804,2016-11-04,0.119999997,1.0
P804,2016-11-07,0.13500000150000002,1.0
P804,2016-11-11,0.089999998,1.0
P804,2016-11-13,0.045,0.5
P804,2016-11-17,0.07,0.0
P804,2016-11-18,0.029999999,1.0
P804,2016-11-27,0.050000001,1.0
P804,2016-11-28,0.01,1.0
P804,2016-11-30,0.25,0.0
P804,2016-12-02,0.200000003,1.0
P804,2016-12-03,0.200000003,1.0
P804,2016-12-05,0.25,0.0
P804,2016-12-07,0.129999995,1.0
P804,2016-12-09,0.119999997,1.0
P804,2016-12-10,0.159999996,0.0
P804,2016-12-11,0.180000007,0.0
P804,2016-12-13,0.160000004,0.5
P804,2016-12-17,0.0,0.0
P804,2016-12-20,0.200000003,0.0
P804,2016-12-26,0.090000004,0.0
P804,2016-12-29,0.159999996,1.0
P804,2016-12-30,0.129999995,0.0
P804,2017-01-01,0.059999999,0.0
P804,2017-01-10,0.100000001,1.0
P804,2017-01-12,0.090000004,1.0
P804,2017-01-13,0.119999997,1.0
P804,2017-01-16,0.050000001,1.0
P804,2017-01-17,0.065,0.5
P804,2017-01-19,0.07,0.0
P804,2017-01-23,0.039999999,1.0
P804,2017-01-24,0.02,1.0
P804,2017-01-26,0.02,1.0
P804,2017-01-28,0.02,0.0
P804,2017-01-31,0.0,1.0
P804,2017-02-06,0.25,0.0
P804,2017-02-08,0.200000003,1.0
P804,2017-02-09,0.200000003,1.0
P804,2017-02-16,0.159999996,1.0
P804,2017-02-19,0.039999999,0.0
P804,2017-02-23,0.08499999700000001,1.0
P804,2017-02-25,0.119999997,0.0
P804,2017-03-01,0.02,0.0
P804,2017-03-02,0.01,0.0
P804,2017-03-05,0.129999995,0.0
P804,2017-03-12,0.140000004,0.5
P804,2017-03-22,0.119999997,1.0
P804,2017-03-29,0.0,1.0
P804,2017-04-03,0.1099999975,0.0
P804,2017-04-11,0.029999999,1.0
P804,2017-04-14,0.180000007,1.0
P804,2017-04-18,0.0749999975,0.5
P804,2017-04-19,0.039999999,1.0
P810,2015-01-01,0.25,0.0
P810,2015-01-06,0.039999999,0.0
P810,2015-01-09,0.059999999,0.0
P810,2015-01-11,0.200000003,0.0
P810,2015-01-12,0.039999999,1.0
P810,2015-01-13,0.180000007,0.0
P810,2015-01-15,0.100000001,0.0
P810,2015-01-22,0.01,1.0
P810,2015-01-23,0.170000002,1.0
P810,2015-01-31,0.029999999,1.0
P810,2015-02-01,0.055,0.0
P810,2015-02-04,0.200000003,0.0
P810,2015-02-06,0.160000004,0.5
P810,2015-02-26,0.059999999,0.0
P810,2015-02-28,0.25,1.0
P810,2015-03-01,0.25,1.0
P810,2015-03-02,0.0649999995,0.5
P810,2015-03-03,0.050000001,0.0
P810,2015-03-20,0.180000007,1.0
P810,2015-03-25,0.170000002,0.0
P810,2015-03-27,0.25,0.0
P810,2015-03-28,0.159999996,0.0
P810,2015-04-11,0.119999997,1.0
P810,2015-04-19,0.119999997,0.0
P810,2015-04-23,0.0,0.0
P810,2015-05-01,0.059999999,0.0
P810,2015-05-05,0.25,1.0
P810,2015-05-09,0.105000003,0.0
P810,2015-05-10,0.090000004,0.0
P810,2015-05-16,0.090000004,1.0
P810,2015-05-19,0.02,0.0
P810,2015-05-21,0.039999999,0.0
P810,2015-05-23,0.170000002,0.0
P810,2015-05-25,0.029999999,1.0
P810,2015-05-27,0.02,1.0
P810,2015-05-30,0.25,1.0
P810,2015-05-31,0.159999996,1.0
P810,2015-06-02,0.039999999,0.0
P810,2015-06-06,0.200000003,0.0
P810,2015-06-09,0.25,1.0
P810,2015-06-11,0.170000002,1.0
P810,2015-06-14,0.200000003,1.0
P810,2015-06-23,0.100000001,1.0
P810,2015-06-26,0.159999996,0.0
P810,2015-06-27,0.090000004,1.0
P810,2015-06-30,0.090000004,1.0
P810,2015-07-09,0.050000001,0.0
P810,2015-07-12,0.129999995,1.0
P810,2015-07-16,0.039999999,0.0
P810,2015-07-17,0.100000001,0.0
P810,2015-07-21,0.059999999,1.0
P810,2015-07-22,0.050000001,1.0
P810,2015-07-30,0.029999999,1.0
P810,2015-07-31,0.029999999,0.0
P810,2015-08-01,0.059999999,1.0
P810,2015-08-05,0.25,1.0
P810,2015-08-07,0.029999999,0.0
P810,2015-08-09,0.125000002,0.0
P810,2015-08-16,0.0,1.0
P810,2015-08-26,0.0,0.0
P810,2015-08-29,0.170000002,1.0
P810,2015-08-31,0.150000006,1.0
P810,2015-09-05,0.150000006,0.0
P810,2015-09-07,0.25,1.0
P810,2015-09-08,0.124999996,0.5
P810,2015-09-11,0.119999997,1.0
P810,2015-09-12,0.090000004,0.0
P810,2015-09-21,0.090000004,1.0
P810,2015-09-24,0.159999996,0.0
P810,2015-09-28,0.150000006,0.0
P810,2015-09-29,0.050000001,1.0
P810,2015-09-30,0.039999999,1.0
P810,2015-10-04,0.050000001,0.0
P810,2015-10-07,0.029999999,0.0
P810,2015-10-08,0.150000006,0.0
P810,2015-10-09,0.039999999,0.0
P810,2015-10-10,0.050000001,0.0
P810,2015-10-13,0.100000001,0.0
P810,2015-10-14,0.090000004,1.0
P810,2015-10-15,0.039999999,0.0
P810,2015-10-17,0.129999995,1.0
P810,2015-10-25,0.029999999,1.0
P810,2015-10-26,0.0,0.0
P810,2015-10-28,0.25,0.0
P810,2015-10-30,0.059999999,1.0
P810,2015-10-31,0.050000001,0.0
P810,2015-11-09,0.200000003,0.0
P810,2015-11-11,0.25,1.0
P810,2015-11-12,0.180000007,0.0
P810,2015-11-17,0.0,1.0
P810,2015-11-19,0.02,0.0
P810,2015-11-20,0.029999999,1.0
P810,2015-11-22,0.170000002,1.0
P810,2015-11-27,0.1449999955,1.0
P810,2015-11-28,0.180000007,0.0
P810,2015-11-30,0.085000001,1.0
P810,2015-12-05,0.1750000005,0.5
P810,2015-12-11,0.200000003,1.0
P810,2015-12-17,0.07,0.0
P810,2015-12-19,0.089999998,0.0
P810,2015-12-21,0.075000003,1.0
P810,2015-12-30,0.100000001,1.0
P810,2016-01-03,0.159999996,1.0
P810,2016-01-04,0.150000006,1.0
P810,2016-01-07,0.090000004,1.0
P810,2016-01-08,0.129999995,1.0
P810,2016-01-10,0.119999997,0.0
P810,2016-01-11,0.050000001,0.0
P810,2016-01-17,0.059999999,0.0
P810,2016-01-18,0.180000007,1.0
P810,2016-01-23,0.170000002,1.0
P810,2016-01-25,0.159999996,1.0
P810,2016-01-26,0.01,1.0
P810,2016-01-30,0.02,0.0
P810,2016-01-31,0.150000006,0.0
P810,2016-02-03,0.124999996,0.5
P810,2016-02-04,0.150000006,0.0
P810,2016-02-06,0.0950000025,0.0
P810,2016-02-07,0.200000003,0.0
P810,2016-02-10,0.180000007,1.0
P810,2016-02-12,0.07,0.0
P810,2016-02-13,0.170000002,0.0
P810,2016-02-20,0.050000001,0.0
P810,2016-02-21,0.01,0.0
P810,2016-02-23,0.050000001,0.0
P810,2016-03-04,0.0,1.0
P810,2016-03-18,0.029999999,0.0
P810,2016-03-25,0.200000003,0.0
P810,2016-04-04,0.20000000299999998,0.5
P810,2016-04-09,0.180000007,0.0
P810,2016-04-12,0.159999996,0.0
P810,2016-04-14,0.180000007,1.0
P810,2016-04-18,0.170000002,1.0
P810,2016-04-28,0.159999996,1.0
P810,2016-05-02,0.150000006,1.0
P810,2016-05-04,0.119999997,0.0
P810,2016-05-05,0.129999995,1.0
P810,2016-05-11,0.100000001,0.0
P810,2016-05-12,0.129999995,1.0
P810,2016-05-16,0.059999999,1.0
P810,2016-05-18,0.119999997,0.0
P810,2016-05-22,0.0950000025,0.5
P810,2016-05-23,0.090000004,0.0
P810,2016-05-25,0.07,1.0
P810,2016-05-28,0.059999999,0.0
P810,2016-05-30,0.050000001,1.0
P810,2016-05-31,0.059999999,0.0
P810,2016-06-06,0.029999999,1.0
P810,2016-06-13,0.0350000005,0.5
P810,2016-06-14,0.039999999,0.0
P810,2016-06-18,0.045000000000000005,0.5
P810,2016-06-23,0.050000001,1.0
P810,2016-06-27,0.0,1.0
P810,2016-07-07,0.2250000015,0.5
P810,2016-07-11,0.200000003,0.0
P810,2016-07-20,0.170000002,1.0
P810,2016-07-25,0.150000006,1.0
P810,2016-08-09,0.090000004,0.0
P810,2016-08-12,0.07,0.0
P810,2016-08-16,0.119999997,1.0
P810,2016-08-17,0.159999996,1.0
P810,2016-08-20,0.050000001,1.0
P810,2016-08-24,0.129999995,1.0
P810,2016-08-26,0.07,1.0
P810,2016-08-28,0.029999999,1.0
P810,2016-08-29,0.119999997,1.0
P810,2016-09-01,0.119999997,1.0
P810,2016-09-02,0.0250000005,0.5
P810,2016-09-06,0.25,1.0
P810,2016-09-07,0.0650000015,0.0
P810,2016-09-09,0.100000001,0.0
P810,2016-09-13,0.02,1.0
P810,2016-09-14,0.07,1.0
P810,2016-09-15,0.180000007,1.0
P810,2016-09-17,0.059999999,0.0
P810,2016-09-18,0.02,1.0
P810,2016-09-22,0.159999996,1.0
P810,2016-09-23,0.0,0.0
P810,2016-09-24,0.25,0.0
P810,2016-09-25,0.12000000100000001,1.0
P810,2016-09-26,0.02,0.5
P810,2016-09-30,0.129999995,1.0
P810,2016-10-01,0.0,1.0
P810,2016-10-02,0.129999995,0.0
P810,2016-10-06,0.119999997,1.0
P810,2016-10-13,0.200000003,1.0
P810,2016-10-17,0.180000007,0.0
P810,2016-10-22,0.170000002,0.0
P810,2016-10-26,0.150000006,1.0
P810,2016-10-27,0.029999999,1.0
P810,2016-11-07,0.150000006,0.0
P810,2016-11-09,0.090000004,1.0
P810,2016-11-10,0.07,0.0
P810,2016-11-11,0.059999999,1.0
P810,2016-11-13,0.07000000249999999,1.0
P810,2016-11-14,0.159999996,0.0
P810,2016-11-17,0.039999999,1.0
P810,2016-11-22,0.150000006,0.0
P810,2016-11-26,0.25,1.0
P810,2016-11-28,0.0,0.0
P810,2016-12-02,0.0,1.0
P810,2016-12-05,0.200000003,0.0
P810,2016-12-08,0.180000007,0.0
P810,2016-12-09,0.02,1.0
P810,2016-12-14,0.159999996,0.0
P810,2016-12-15,0.01,1.0
P810,2016-12-19,0.170000002,1.0
P810,2016-12-22,0.180000007,1.0
P810,2016-12-24,0.150000006,0.0
P810,2016-12-26,0.100000001,0.0
P810,2016-12-27,0.090000004,1.0
P810,2016-12-28,0.159999996,1.0
P810,2016-12-29,0.170000002,1.0
P810,2017-01-02,0.08499999899999999,0.0
P810,2017-01-05,0.029999999,1.0
P810,2017-01-07,0.150000006,0.0
P810,2017-01-08,0.119999997,0.0
P810,2017-01-12,0.129999995,0.0
P810,2017-01-17,0.039999999,1.0
P810,2017-01-19,0.0750000015,1.0
P810,2017-01-24,0.044999999,1.0
P810,2017-01-28,0.01,1.0
P810,2017-01-30,0.01,0.0
P810,2017-02-01,0.059999999,1.0
P810,2017-02-03,0.25,1.0
P810,2017-02-10,0.180000007,1.0
P810,2017-02-13,0.050000001,1.0
P810,2017-02-17,0.170000002,1.0
P810,2017-02-19,0.159999996,0.0
P810,2017-02-22,0.170000002,0.0
P810,2017-02-24,0.150000006,1.0
P810,2017-02-25,0.150000006,0.0
P810,2017-02-27,0.029999999,0.0
P810,2017-03-01,0.029999999,0.0
P810,2017-03-10,0.16,0.5
P810,2017-03-13,0.090000004,0.0
P810,2017-03-15,0.01,0.0
P810,2017-03-26,0.100000001,1.0
P810,2017-03-29,0.07,0.5
P810,2017-04-02,0.059999999,0.0
P810,2017-04-05,0.059999999,1.0
P810,2017-04-10,0.039999999,1.0
P810,2017-04-19,0.02,1.0
P810,2017-04-21,0.150000006,0.0
P810,2017-04-22,0.126666665,0.6666666666666666
P818,2015-01-04,0.1050000005,0.0
P818,2015-01-05,0.119999997,0.0
P818,2015-01-12,0.07,0.0
P818,2015-01-13,0.100000001,1.0
P818,2015-01-15,0.050000001,0.0
P818,2015-01-17,0.039999999,1.0
P818,2015-01-19,0.07,0.0
P818,2015-01-20,0.059999999,1.0
P818,2015-01-26,0.039999999,0.0
P818,2015-01-27,0.100000001,0.0
P818,2015-01-28,0.039999999,1.0
P818,2015-01-29,0.029999999,1.0
P818,2015-02-01,0.0,0.0
P818,2015-02-05,0.25,1.0
P818,2015-02-07,0.029999999,0.0
P818,2015-02-08,0.059999999,1.0
P818,2015-02-14,0.01,0.0
P818,2015-02-16,0.200000003,1.0
P818,2015-02-21,0.039999999,0.0
P818,2015-02-22,0.02,0.0
P818,2015-02-24,0.180000007,1.0
P818,2015-02-25,0.01,1.0
P818,2015-03-03,0.0,1.0
P818,2015-03-05,0.159999996,1.0
P818,2015-03-06,0.25,1.0
P818,2015-03-09,0.200000003,1.0
P818,2015-03-10,0.25,0.0
P818,2015-03-12,0.160000004,0.0
P818,2015-03-13,0.159999996,0.0
P818,2015-03-17,0.129999995,0.0
P818,2015-03-20,0.150000006,1.0
P818,2015-03-24,0.129999995,1.0
P818,2015-03-26,0.129999995,0.0
P818,2015-04-02,0.119999997,0.0
P818,2015-04-06,0.150000006,1.0
P818,2015-04-09,0.100000001,0.0
P818,2015-04-10,0.090000004,1.0
P818,2015-04-11,0.090000004,0.0
P818,2015-04-12,0.119999997,0.0
P818,2015-04-29,0.059999999,1.0
P818,2015-05-03,0.060000000500000004,0.5
P818,2015-05-04,0.159999996,0.0
P818,2015-05-10,0.059999999,0.0
P818,2015-05-11,0.050000001,1.0
P818,2015-05-12,0.1050000005,0.0
P818,2015-05-18,0.07,0.0
P818,2015-05-19,0.02,0.0
P818,2015-05-26,0.01,1.0
P818,2015-05-31,0.050000001,0.0
P818,2015-06-01,0.090000004,1.0
P818,2015-06-03,0.0,1.0
P818,2015-06-11,0.200000003,1.0
P818,2015-06-13,0.039999999,0.0
P818,2015-06-18,0.180000007,1.0
P818,2015-06-21,0.1000000005,0.5
P818,2015-06-22,0.159999996,0.0
P818,2015-06-23,0.02,0.0
P818,2015-06-24,0.07,0.0
P818,2015-06-29,0.055,0.5
P818,2015-07-01,0.180000007,1.0
P818,2015-07-02,0.170000002,1.0
P818,2015-07-06,0.039999999,0.0
P818,2015-07-07,0.129999995,1.0
P818,2015-07-08,0.029999999,0.0
P818,2015-07-11,0.25,0.5
P818,2015-07-12,0.02,0.0
P818,2015-07-15,0.01,1.0
P818,2015-07-16,0.15000000200000002,0.5
P818,2015-07-17,0.150000006,1.0
P818,2015-07-22,0.180000007,0.0
P818,2015-07-23,0.170000002,1.0
P818,2015-07-30,0.07,1.0
P818,2015-08-04,0.159999996,1.0
P818,2015-08-05,0.25,1.0
P818,2015-08-07,0.180000007,1.0
P818,2015-08-08,0.150000006,1.0
P818,2015-08-09,0.129999995,1.0
P818,2015-08-10,0.119999997,0.0
P818,2015-08-11,0.059999999,0.0
P818,2015-08-23,0.150000006,0.0
P818,2015-08-24,0.200000003,0.0
P818,2015-08-31,0.090000004,1.0
P818,2015-09-06,0.129999995,1.0
P818,2015-09-07,0.07,0.0
P818,2015-09-09,0.089999998,0.5
P818,2015-09-11,0.050000001,0.0
P818,2015-09-28,0.159999996,1.0
P818,2015-09-30,0.090000004,1.0
P818,2015-10-02,0.150000006,0.0
P818,2015-10-09,0.050000001,0.0
P818,2015-10-11,0.01,0.0
P818,2015-10-17,0.01,1.0
P818,2015-10-27,0.029999999,1.0
P818,2015-11-07,0.18499999849999998,1.0
P818,2015-11-10,0.050000001,0.0
P818,2015-11-13,0.200000003,0.0
P818,2015-11-16,0.034999999000000004,1.0
P818,2015-11-17,0.100000001,0.0
P818,2015-11-19,0.159999996,0.0
P818,2015-11-22,0.02,1.0
P818,2015-11-25,0.01,0.0
P818,2015-11-26,0.129999995,0.0
P818,2015-11-30,0.090000004,1.0
P818,2015-12-03,0.0,0.0
P818,2015-12-05,0.09333333233333334,0.3333333333333333
P818,2015-12-06,0.034999999000000004,0.5
P818,2015-12-12,0.015,1.0
P818,2015-12-13,0.119999997,1.0
P818,2015-12-18,0.25,1.0
P818,2015-12-20,0.1750000045,0.5
P818,2015-12-25,0.200000003,1.0
P818,2015-12-29,0.090000004,1.0
P818,2016-01-02,0.180000007,1.0
P818,2016-01-03,0.150000006,1.0
P818,2016-01-05,0.129999995,1.0
P818,2016-01-09,0.07,0.0
P818,2016-01-15,0.170000002,1.0
P818,2016-02-03,0.100000001,1.0
P818,2016-02-07,0.07,0.0
P818,2016-02-15,0.039999999,0.0
P818,2016-02-17,0.150000006,1.0
P818,2016-02-20,0.094999997,1.0
P818,2016-02-23,0.050000001,0.0
P818,2016-02-24,0.150000006,1.0
P818,2016-02-25,0.100000001,1.0
P818,2016-02-29,0.029999999,0.0
P818,2016-03-04,0.029999999,0.0
P818,2016-03-06,0.119999997,1.0
P818,2016-03-07,0.015,0.5
P818,2016-03-13,0.100000001,0.0
P818,2016-03-16,0.039999999,0.0
P818,2016-03-17,0.090000004,0.0
P818,2016-03-20,0.029999999,0.0
P818,2016-03-24,0.029999999,1.0
P818,2016-03-27,0.02,1.0
P818,2016-03-29,0.02,1.0
P818,2016-03-30,0.25,1.0
P818,2016-04-01,0.0,1.0
P818,2016-04-07,0.07,1.0
P818,2016-04-13,0.25,0.0
P818,2016-04-14,0.059999999,0.0
P818,2016-04-16,0.086666668,0.3333333333333333
P818,2016-04-19,0.180000007,0.0
P818,2016-04-21,0.25,1.0
P818,2016-04-24,0.039999999,1.0
P818,2016-04-28,0.029999999,0.0
P818,2016-04-29,0.200000003,1.0
P818,2016-05-02,0.159999996,1.0
P818,2016-05-10,0.02,0.0
P818,2016-05-13,0.180000007,1.0
P818,2016-05-18,0.150000006,0.0
P818,2016-05-27,0.180000007,0.0
P818,2016-06-02,0.164999999,0.5
P818,2016-06-04,0.0,0.0
P818,2016-06-12,0.159999996,1.0
P818,2016-06-14,0.129999995,0.0
P818,2016-06-17,0.119999997,1.0
P818,2016-06-19,0.150000006,0.0
P818,2016-06-21,0.129999995,1.0
P818,2016-06-22,0.150000006,1.0
P818,2016-06-23,0.129999995,1.0
P818,2016-06-26,0.119999997,1.0
P818,2016-07-05,0.090000004,1.0
P818,2016-07-06,0.08999999833333334,0.0
P818,2016-07-08,0.089999998,0.0
P818,2016-07-12,0.180000007,1.0
P818,2016-07-19,0.039999999,1.0
P818,2016-07-20,0.029999999,1.0
P818,2016-07-24,0.170000002,0.0
P818,2016-07-25,0.159999996,1.0
P818,2016-07-27,0.055,0.5
P818,2016-07-29,0.039999999,1.0
P818,2016-08-07,0.01,1.0
P818,2016-08-08,0.02,0.0
P818,2016-08-10,0.0,1.0
P818,2016-08-11,0.01,1.0
P818,2016-08-19,0.0,0.0
P818,2016-08-20,0.119999997,0.0
P818,2016-08-27,0.180000007,1.0
P818,2016-08-28,0.200000003,1.0
P818,2016-08-31,0.100000001,1.0
P818,2016-09-05,0.180000007,1.0
P818,2016-09-07,0.130000003,0.5
P818,2016-09-16,0.090000004,0.0
P818,2016-09-18,0.150000006,0.0
P818,2016-09-22,0.150000006,1.0
P818,2016-09-23,0.07,0.0
P818,2016-09-24,0.059999999,1.0
P818,2016-09-26,0.07,1.0
P818,2016-09-27,0.059999999,0.0
P818,2016-09-30,0.129999995,1.0
P818,2016-10-08,0.119999997,0.0
P818,2016-10-10,0.090000004,1.0
P818,2016-10-13,0.07,0.0
P818,2016-10-14,0.119999997,0.0
P818,2016-10-15,0.07,0.5
P818,2016-10-16,0.07000000249999999,0.0
P818,2016-10-17,0.029999999,1.0
P818,2016-10-24,0.01,0.0
P818,2016-10-30,0.02,1.0
P818,2016-11-01,0.25,1.0
P818,2016-11-08,0.25,1.0
P818,2016-11-09,0.100000001,0.0
P818,2016-11-17,0.200000003,1.0
P818,2016-11-19,0.02,1.0
P818,2016-11-21,0.04,1.0
P818,2016-11-22,0.0,1.0
P818,2016-12-04,0.25,0.0
P818,2016-12-09,0.1700000015,0.0
P818,2016-12-16,0.01,1.0
P818,2016-12-21,0.159999996,1.0
P818,2016-12-25,0.1750000045,0.5
P818,2016-12-29,0.1320000022,0.6
P818,2017-01-03,0.100000001,1.0
P818,2017-01-10,0.150000006,1.0
P818,2017-01-11,0.029999999,1.0
P818,2017-01-13,0.150000006,1.0
P818,2017-01-15,0.050000001,0.0
P818,2017-01-26,0.124999996,0.5
P818,2017-01-28,0.100000001,0.0
P818,2017-01-29,0.07,1.0
P818,2017-02-04,0.02,0.0
P818,2017-02-10,0.005,0.0
P818,2017-02-11,0.0650000015,1.0
P818,2017-02-14,0.100000001,1.0
P818,2017-02-15,0.07,0.0
P818,2017-02-17,0.01,0.0
P818,2017-02-18,0.029999999,0.0
P818,2017-02-19,0.090000004,0.0
P818,2017-02-20,0.07,1.0
P818,2017-02-21,0.085000001,0.0
P818,2017-02-24,0.059999999,1.0
P818,2017-03-07,0.039999999,1.0
P818,2017-03-08,0.029999999,0.0
P818,2017-03-17,0.0749999975,0.5
P818,2017-03-18,0.170000002,0.0
P818,2017-03-19,0.150000006,0.0
P818,2017-03-25,0.02,0.0
P818,2017-03-26,0.0,1.0
P818,2017-03-27,0.133333332,0.3333333333333333
P818,2017-03-28,0.0550000005,1.0
P818,2017-03-30,0.100000001,1.0
P818,2017-04-04,0.0,1.0
P818,2017-04-13,0.0,0.0
P818,2017-04-14,0.159999996,0.0
P818,2017-04-18,0.090000004,0.0
P821,2015-01-01,0.090000004,0.0
P821,2015-01-02,0.039999999,1.0
P821,2015-01-03,0.02,1.0
P821,2015-01-06,0.039999999,0.0
P821,2015-01-08,0.0199999995,0.0
P821,2015-01-21,0.170000002,0.0
P821,2015-01-22,0.0,0.0
P821,2015-01-23,0.20000000299999998,0.0
P821,2015-01-29,0.059999999,1.0
P821,2015-01-31,0.170000002,1.0
P821,2015-02-04,0.159999996,1.0
P821,2015-02-05,0.170000002,0.0
P821,2015-02-06,0.119999997,1.0
P821,2015-02-07,0.180000007,0.0
P821,2015-02-09,0.170000002,1.0
P821,2015-02-11,0.150000006,0.0
P821,2015-02-19,0.129999995,0.0
P821,2015-02-22,0.100000001,0.0
P821,2015-03-01,0.090000004,1.0
P821,2015-03-03,0.100000001,1.0
P821,2015-03-08,0.07,0.0
P821,2015-03-12,0.050000001,1.0
P821,2015-03-13,0.07,1.0
P821,2015-03-18,0.029999999,0.0
P821,2015-03-20,0.150000006,1.0
P821,2015-03-21,0.170000002,1.0
P821,2015-03-27,0.155000001,0.5
P821,2015-03-28,0.129999995,1.0
P821,2015-04-08,0.0,1.0
P821,2015-04-13,0.15499999949999999,1.0
P821,2015-04-16,0.100000001,1.0
P821,2015-04-19,0.039999999,0.0
P821,2015-04-23,0.029999999,0.0
P821,2015-04-26,0.090000004,1.0
P821,2015-04-27,0.07,1.0
P821,2015-05-02,0.059999999,1.0
P821,2015-05-03,0.050000001,1.0
P821,2015-05-05,0.02,0.0
P821,2015-05-11,0.180000007,1.0
P821,2015-05-14,0.0,1.0
P821,2015-05-18,0.059999999,1.0
P821,2015-05-19,0.25,0.0
P821,2015-05-21,0.01,0.0
P821,2015-05-22,0.200000003,1.0
P821,2015-05-23,0.029999999,1.0
P821,2015-05-29,0.005,0.5
P821,2015-06-07,0.25,1.0
P821,2015-06-12,0.25,1.0
P821,2015-06-15,0.119999997,0.0
P821,2015-06-16,0.180000007,1.0
P821,2015-06-28,0.159999996,0.0
P821,2015-06-30,0.200000003,1.0
P821,2015-07-03,0.150000006,1.0
P821,2015-07-04,0.180000007,1.0
P821,2015-07-10,0.060000000500000004,0.5
P821,2015-07-11,0.170000002,1.0
P821,2015-07-19,0.159999996,1.0
P821,2015-07-20,0.07,0.0
P821,2015-07-26,0.01,1.0
P821,2015-07-31,0.050000001,1.0
P821,2015-08-02,0.150000006,1.0
P821,2015-08-05,0.059999999,1.0
P821,2015-08-07,0.039999999,1.0
P821,2015-08-10,0.029999999,1.0
P821,2015-08-11,0.050000001,1.0
P821,2015-08-13,0.119999997,1.0
P821,2015-08-15,0.02,1.0
P821,2015-08-21,0.100000001,1.0
P821,2015-08-27,0.180000007,0.0
P821,2015-08-29,0.039999999,0.0
P821,2015-09-02,0.2250000015,0.5
P821,2015-09-03,0.06,0.3333333333333333
P821,2015-09-05,0.039999999,1.0
P821,2015-09-07,0.170000002,1.0
P821,2015-09-08,0.02,0.0
P821,2015-09-10,0.01,0.0
P821,2015-09-11,0.090000004,1.0
P821,2015-09-19,0.045000000000000005,0.0
P821,2015-09-23,0.159999996,0.5
P821,2015-09-26,0.0,1.0
P821,2015-10-02,0.119999997,0.0
P821,2015-10-03,0.059999999,1.0
P821,2015-10-04,0.100000001,1.0
P821,2015-10-11,0.25,1.0
P821,2015-10-24,0.07,1.0
P821,2015-10-28,0.044999999,0.5
P821,2015-10-31,0.1350000055,0.0
P821,2015-11-02,0.200000003,1.0
P821,2015-11-08,0.059999999,1.0
P821,2015-11-09,0.159999996,1.0
P821,2015-11-12,0.039999999,0.0
P821,2015-11-16,0.029999999,1.0
P821,2015-11-19,0.0,0.0
P821,2015-11-23,0.02,0.0
P821,2015-11-25,0.02,1.0
P821,2015-11-27,0.119999997,0.0
P821,2015-11-29,0.25,1.0
P821,2015-12-02,0.01,1.0
P821,2015-12-04,0.25,1.0
P821,2015-12-11,0.100000001,1.0
P821,2015-12-13,0.090000004,1.0
P821,2015-12-17,0.25,1.0
P821,2015-12-20,0.200000003,0.0
P821,2015-12-21,0.07,0.0
P821,2015-12-22,0.150000006,1.0
P821,2015-12-26,0.180000007,1.0
P821,2015-12-31,0.039999999,1.0
P821,2016-01-01,0.119999997,0.0
P821,2016-01-03,0.02,1.0
P821,2016-01-07,0.050000001,1.0
P821,2016-01-09,0.039999999,0.0
P821,2016-01-11,0.159999996,0.0
P821,2016-01-13,0.150000006,0.0
P821,2016-01-17,0.07,0.0
P821,2016-01-21,0.129999995,1.0
P821,2016-01-25,0.119999997,1.0
P821,2016-01-26,0.100000001,0.0
P821,2016-02-05,0.0249999995,0.0
P821,2016-02-12,0.119999997,1.0
P821,2016-02-16,0.059999999,1.0
P821,2016-02-20,0.110000003,0.5
P821,2016-02-25,0.015,0.5
P821,2016-03-01,0.200000003,0.0
P821,2016-03-04,0.25,0.0
P821,2016-03-08,0.140000004,1.0
P821,2016-03-09,0.170000002,1.0
P821,2016-03-11,0.159999996,1.0
P821,2016-03-26,0.07,0.0
P821,2016-03-28,0.159999996,0.0
P821,2016-04-02,0.059999999,1.0
P821,2016-04-03,0.129999995,1.0
P821,2016-04-10,0.100000001,1.0
P821,2016-04-12,0.090000004,1.0
P821,2016-04-14,0.050000001,1.0
P821,2016-04-15,0.07,1.0
P821,2016-04-18,0.02,0.0
P821,2016-04-20,0.045,1.0
P821,2016-04-24,0.029999999,0.0
P821,2016-04-27,0.039999999,0.0
P821,2016-04-28,0.01,0.0
P821,2016-05-03,0.1399999995,1.0
P821,2016-05-05,0.180000007,0.0
P821,2016-05-06,0.090000004,1.0
P821,2016-05-07,0.1250000035,1.0
P821,2016-05-08,0.059999999,0.0
P821,2016-05-11,0.170000002,0.0
P821,2016-05-12,0.164999999,0.5
P821,2016-05-13,0.159999996,1.0
P821,2016-05-14,0.150000006,0.0
P821,2016-05-17,0.015,0.5
P821,2016-05-22,0.150000006,0.0
P821,2016-05-28,0.0,1.0
P821,2016-05-30,0.119999997,0.0
P821,2016-05-31,0.13,1.0
P821,2016-06-01,0.200000003,1.0
P821,2016-06-02,0.180000007,1.0
P821,2016-06-05,0.1299999985,1.0
P821,2016-06-06,0.090000004,1.0
P821,2016-06-13,0.02,1.0
P821,2016-06-16,0.129999995,1.0
P821,2016-06-17,0.01,1.0
P821,2016-06-19,0.059999999,0.0
P821,2016-06-24,0.0,1.0
P821,2016-06-25,0.25,0.0
P821,2016-06-26,0.200000003,1.0
P821,2016-07-01,0.119999997,1.0
P821,2016-07-02,0.100000001,1.0
P821,2016-07-04,0.090000004,1.0
P821,2016-07-07,0.150000006,1.0
P821,2016-07-11,0.114999998,0.5
P821,2016-07-17,0.0750000015,0.5
P821,2016-07-20,0.0,1.0
P821,2016-07-23,0.170000002,0.0
P821,2016-07-24,0.25,0.0
P821,2016-07-29,0.07500000100000001,0.5
P821,2016-08-02,0.200000003,1.0
P821,2016-08-04,0.02,1.0
P821,2016-08-07,0.159999996,0.0
P821,2016-08-10,0.07,1.0
P821,2016-08-13,0.180000007,1.0
P821,2016-08-17,0.129999995,1.0
P821,2016-08-20,0.039999999,0.0
P821,2016-08-22,0.029999999,0.0
P821,2016-08-23,0.01,1.0
P821,2016-08-24,0.0999999975,0.5
P821,2016-08-25,0.129999995,1.0
P821,2016-08-30,0.01,0.0
P821,2016-09-02,0.10500000150000001,0.5
P821,2016-09-08,0.159999996,0.0
P821,2016-09-13,0.200000003,1.0
P821,2016-09-17,0.25,0.0
P821,2016-09-19,0.180000007,0.0
P821,2016-09-21,0.07,1.0
P821,2016-09-26,0.170000002,0.0
P821,2016-09-28,0.150000006,0.0
P821,2016-09-29,0.0999999975,0.5
P821,2016-10-06,0.106666668,0.3333333333333333
P821,2016-10-08,0.039999999,0.0
P821,2016-10-14,0.039999999,1.0
P821,2016-10-15,0.129999995,1.0
P821,2016-10-18,0.119999997,1.0
P821,2016-10-20,0.029999999,0.0
P821,2016-10-24,0.07,1.0
P821,2016-10-28,0.039999999,1.0
P821,2016-11-02,0.01,1.0
P821,2016-11-07,0.129999995,0.0
P821,2016-11-10,0.0,1.0
P821,2016-11-11,0.090000004,1.0
P821,2016-11-17,0.25,1.0
P821,2016-11-18,0.190000005,0.5
P821,2016-11-21,0.0,1.0
P821,2016-11-22,0.200000003,0.0
P821,2016-11-26,0.050000001,0.0
P821,2016-12-01,0.170000002,0.0
P821,2016-12-09,0.159999996,1.0
P821,2016-12-21,0.164999999,0.5
P821,2016-12-22,0.02,0.0
P821,2016-12-28,0.01,0.0
P821,2017-01-01,0.0199999995,0.5
P821,2017-01-06,0.129999995,0.0
P821,2017-01-10,0.129999995,1.0
P821,2017-01-13,0.119999997,0.0
P821,2017-01-20,0.100000001,0.0
P821,2017-01-25,0.25,1.0
P821,2017-01-27,0.090000004,1.0
P821,2017-01-31,0.1850000025,0.5
P821,2017-02-01,0.1700000015,1.0
P821,2017-02-03,0.110000003,0.5
P821,2017-02-08,0.1150000005,0.0
P821,2017-02-13,0.050000001,1.0
P821,2017-02-15,0.090000004,1.0
P821,2017-02-19,0.046666666,0.3333333333333333
P821,2017-02-24,0.159999996,1.0
P821,2017-02-28,0.059999999,0.0
P821,2017-03-04,0.074999998,1.0
P821,2017-03-05,0.100000001,1.0
P821,2017-03-10,0.129999995,1.0
P821,2017-03-12,0.01,0.0
P821,2017-03-18,0.0,1.0
P821,2017-03-19,0.090000004,1.0
P821,2017-03-22,0.07,1.0
P821,2017-03-25,0.119999997,1.0
P821,2017-03-29,0.200000003,1.0
P821,2017-03-31,0.25,1.0
P821,2017-04-02,0.039999999,1.0
P821,2017-04-04,0.200000003,1.0
P821,2017-04-12,0.170000002,1.0
P821,2017-04-16,0.159999996,1.0
P821,2017-04-19,0.02,0.0
P821,2017-04-21,0.200000003,0.0
P822,2015-01-04,0.07,0.0
P822,2015-01-11,0.0,1.0
P822,2015-01-15,0.059999999,0.0
P822,2015-01-16,0.090000004,1.0
P822,2015-01-22,0.059999999,0.0
P822,2015-01-23,0.050000001,0.0
P822,2015-01-25,0.050000001,1.0
P822,2015-01-29,0.090000004,1.0
P822,2015-01-31,0.015,1.0
P822,2015-02-03,0.07,0.0
P822,2015-02-09,0.02,1.0
P822,2015-02-11,0.25,0.0
P822,2015-02-15,0.0,1.0
P822,2015-02-16,0.1399999995,0.5
P822,2015-02-19,0.125000002,0.5
P822,2015-02-24,0.029999999,1.0
P822,2015-02-27,0.095000001,0.0
P822,2015-03-02,0.180000007,0.0
P822,2015-03-05,0.01,1.0
P822,2015-03-06,0.0,1.0
P822,2015-03-10,0.180000007,0.0
P822,2015-03-11,0.1850000025,0.5
P822,2015-03-16,0.159999996,0.0
P822,2015-03-17,0.180000007,0.0
P822,2015-03-21,0.119999997,0.0
P822,2015-03-22,0.150000006,1.0
P822,2015-03-27,0.170000002,1.0
P822,2015-03-28,0.180000002,0.6666666666666666
P822,2015-04-07,0.129999995,1.0
P822,2015-04-09,0.100000001,1.0
P822,2015-04-14,0.07,0.0
P822,2015-04-17,0.100000001,1.0
P822,2015-04-20,0.170000002,0.0
P822,2015-04-29,0.109999999,0.5
P822,2015-05-02,0.090000004,0.0
P822,2015-05-04,0.039999999,1.0
P822,2015-05-06,0.0900000025,0.0
P822,2015-05-09,0.129999995,1.0
P822,2015-05-19,0.039999999,1.0
P822,2015-05-21,0.100000001,1.0
P822,2015-05-23,0.029999999,0.0
P822,2015-05-25,0.02,1.0
P822,2015-05-29,0.059999999,1.0
P822,2015-06-01,0.07,0.0
P822,2015-06-03,0.0299999995,0.0
P822,2015-06-08,0.1500000005,0.5
P822,2015-06-16,0.039999999,0.0
P822,2015-06-17,0.029999999,1.0
P822,2015-06-22,0.25,0.0
P822,2015-06-23,0.200000003,0.0
P822,2015-06-27,0.02,0.0
P822,2015-06-28,0.080000003,1.0
P822,2015-06-29,0.0,0.0
P822,2015-06-30,0.01,1.0
P822,2015-07-06,0.0,1.0
P822,2015-07-08,0.119999997,1.0
P822,2015-07-13,0.159999996,1.0
P822,2015-07-17,0.090000004,0.0
P822,2015-07-19,0.129999995,0.0
P822,2015-07-21,0.0,1.0
P822,2015-07-28,0.200000003,0.0
P822,2015-08-10,0.170000002,1.0
P822,2015-08-11,0.119999997,0.0
P822,2015-08-15,0.159999996,1.0
P822,2015-08-16,0.100000001,1.0
P822,2015-08-30,0.0950000025,0.0
P822,2015-09-05,0.07,0.0
P822,2015-09-14,0.180000007,1.0
P822,2015-09-16,0.1100000015,0.5
P822,2015-09-19,0.043333332333333335,1.0
P822,2015-09-22,0.039999999,0.0
P822,2015-09-26,0.100000001,0.0
P822,2015-10-08,0.02,1.0
P822,2015-10-09,0.029999999,1.0
P822,2015-10-12,0.039999999,1.0
P822,2015-10-14,0.02,1.0
P822,2015-10-17,0.0,1.0
P822,2015-10-19,0.25,1.0
P822,2015-10-25,0.0,1.0
P822,2015-10-27,0.0749999975,0.5
P822,2015-11-02,0.01,0.0
P822,2015-11-03,0.125,0.5
P822,2015-11-05,0.07,1.0
P822,2015-11-07,0.200000003,1.0
P822,2015-11-10,0.059999999,1.0
P822,2015-11-11,0.180000007,1.0
P822,2015-11-13,0.170000002,1.0
P822,2015-11-14,0.200000003,1.0
P822,2015-11-20,0.150000006,0.0
P822,2015-11-25,0.180000007,1.0
P822,2015-11-26,0.170000002,1.0
P822,2015-12-05,0.059999999,0.0
P822,2015-12-10,0.150000006,0.0
P822,2015-12-11,0.21500000349999998,0.5
P822,2015-12-14,0.200000003,1.0
P822,2015-12-15,0.0,1.0
P822,2015-12-16,0.100000001,0.0
P822,2015-12-23,0.159999996,0.0
P822,2015-12-27,0.129999995,1.0
P822,2015-12-30,0.119999997,1.0
P822,2016-01-10,0.170000002,0.0
P822,2016-01-26,0.109999999,0.5
P822,2016-01-28,0.090000004,1.0
P822,2016-01-30,0.059999999,0.0
P822,2016-02-08,0.050000001,0.0
P822,2016-02-15,0.090000004,0.0
P822,2016-02-16,0.159999996,1.0
P822,2016-02-18,0.07,0.0
P822,2016-02-22,0.119999997,0.0
P822,2016-02-23,0.055,0.5
P822,2016-02-24,0.159999996,1.0
P822,2016-02-27,0.090000004,1.0
P822,2016-02-28,0.039999999,0.0
P822,2016-03-01,0.07,1.0
P822,2016-03-05,0.129999995,0.0
P822,2016-03-07,0.02,0.0
P822,2016-03-09,0.0,1.0
P822,2016-03-10,0.059999999,0.0
P822,2016-03-11,0.050000001,1.0
P822,2016-03-19,0.01,0.0
P822,2016-03-30,0.01,0.0
P822,2016-04-01,0.25,0.0
P822,2016-04-02,0.200000003,0.0
P822,2016-04-03,0.0,0.0
P822,2016-04-20,0.0,1.0
P822,2016-04-25,0.170000002,0.0
P822,2016-05-13,0.180000007,0.0
P822,2016-05-16,0.170000002,0.0
P822,2016-05-19,0.170000002,0.0
P822,2016-05-22,0.200000003,1.0
P822,2016-06-02,0.01,0.0
P822,2016-06-08,0.159999996,0.0
P822,2016-06-10,0.150000006,0.0
P822,2016-06-18,0.25,1.0
P822,2016-06-27,0.109999999,0.5
P822,2016-06-28,0.090000004,1.0
P822,2016-06-30,0.100000001,1.0
P822,2016-07-02,0.0950000025,0.0
P822,2016-07-05,0.13500000150000002,1.0
P822,2016-07-12,0.050000001,1.0
P822,2016-07-17,0.059999999,0.0
P822,2016-07-22,0.0350000005,1.0
P822,2016-07-30,0.029999999,1.0
P822,2016-08-03,0.02,1.0
P822,2016-08-04,0.039999999,0.0
P822,2016-08-06,0.150000006,0.0
P822,2016-08-08,0.0199999995,1.0
P822,2016-08-09,0.129999995,0.0
P822,2016-08-15,0.0,0.0
P822,2016-08-17,0.25,1.0
P822,2016-08-19,0.25,1.0
P822,2016-08-20,0.100000001,1.0
P822,2016-08-23,0.200000003,1.0
P822,2016-08-28,0.25,1.0
P822,2016-09-03,0.200000003,1.0
P822,2016-09-04,0.180000007,1.0
P822,2016-09-09,0.170000002,0.0
P822,2016-09-11,0.170000002,1.0
P822,2016-09-16,0.159999996,0.5
P822,2016-09-18,0.159999996,1.0
P822,2016-09-27,0.129999995,1.0
P822,2016-09-29,0.050000001,0.0
P822,2016-10-01,0.150000006,0.0
P822,2016-10-08,0.100000001,1.0
P822,2016-10-13,0.050000001,0.0
P822,2016-10-15,0.059999999,1.0
P822,2016-10-16,0.039999999,1.0
P822,2016-10-19,0.02,1.0
P822,2016-10-24,0.0999999975,0.5
P822,2016-10-26,0.0199999995,0.0
P822,2016-10-27,0.029999999,0.0
P822,2016-10-30,0.119999997,0.0
P822,2016-11-01,0.01,0.0
P822,2016-11-03,0.0,0.0
P822,2016-11-14,0.044999999,0.0
P822,2016-11-19,0.090000004,1.0
P822,2016-11-21,0.050000001,0.0
P822,2016-11-23,0.180000007,1.0
P822,2016-11-26,0.170000002,1.0
P822,2016-11-28,0.200000003,1.0
P822,2016-11-30,0.049999999,0.5
P822,2016-12-06,0.029999999,1.0
P822,2016-12-09,0.200000003,1.0
P822,2016-12-13,0.02,1.0
P822,2016-12-17,0.180000007,1.0
P822,2016-12-18,0.125,0.5
P822,2016-12-19,0.170000002,1.0
P822,2016-12-25,0.050000001,1.0
P822,2016-12-26,0.170000002,1.0
P822,2016-12-27,0.129999995,1.0
P822,2017-01-04,0.090000004,1.0
P822,2017-01-09,0.159999996,1.0
P822,2017-01-11,0.0999999975,0.0
P822,2017-01-12,0.159999996,0.0
P822,2017-01-13,0.059999999,1.0
P822,2017-01-16,0.039999999,0.0
P822,2017-01-25,0.129999995,1.0
P822,2017-01-28,0.1050000005,0.0
P822,2017-01-30,0.044999999,0.5
P822,2017-02-06,0.100000001,1.0
P822,2017-02-07,0.050000001,1.0
P822,2017-02-09,0.119999997,1.0
P822,2017-02-11,0.25,1.0
P822,2017-02-16,0.1100000015,1.0
P822,2017-02-19,0.180000007,0.0
P822,2017-02-22,0.159999996,1.0
P822,2017-02-23,0.059999999,1.0
P822,2017-02-25,0.050000001,0.0
P822,2017-02-28,0.20000000299999998,0.5
P822,2017-03-04,0.050000001,1.0
P822,2017-03-07,0.200000003,1.0
P822,2017-03-11,0.180000007,1.0
P822,2017-03-15,0.039999999,1.0
P822,2017-03-17,0.01,0.0
P822,2017-03-19,0.159999996,1.0
P822,2017-03-23,0.119999997,1.0
P822,2017-03-26,0.129999995,0.0
P822,2017-03-28,0.02,0.0
P822,2017-03-29,0.01,0.0
P822,2017-03-31,0.200000003,1.0
P822,2017-04-04,0.25,1.0
P822,2017-04-08,0.190000005,0.5
P822,2017-04-12,0.180000007,1.0
P822,2017-04-13,0.170000002,0.0
P822,2017-04-16,0.150000006,0.0
P822,2017-04-18,0.25,1.0
P822,2017-04-22,0.200000003,1.0
P823,2015-01-04,0.180000007,0.0
P823,2015-01-09,0.0,0.0
P823,2015-01-10,0.029999999,0.0
P823,2015-01-11,0.02,0.0
P823,2015-01-12,0.01,1.0
P823,2015-01-13,0.25,0.0
P823,2015-01-17,0.02,0.0
P823,2015-01-18,0.005,1.0
P823,2015-01-22,0.159999996,1.0
P823,2015-01-24,0.200000003,0.0
P823,2015-01-25,0.07,0.0
P823,2015-01-26,0.200000003,1.0
P823,2015-01-30,0.180000007,1.0
P823,2015-01-31,0.18999999750000002,1.0
P823,2015-02-03,0.180000007,1.0
P823,2015-02-05,0.200000003,0.0
P823,2015-02-06,0.050000001,0.0
P823,2015-02-08,0.08249999875,0.25
P823,2015-02-10,0.02,0.0
P823,2015-02-18,0.080000003,0.5
P823,2015-02-20,0.119999997,1.0
P823,2015-02-21,0.0,1.0
P823,2015-02-22,0.25,0.0
P823,2015-02-24,0.200000003,0.0
P823,2015-02-28,0.129999995,1.0
P823,2015-03-02,0.119999997,1.0
P823,2015-03-07,0.159999996,1.0
P823,2015-03-10,0.059999999,0.0
P823,2015-03-13,0.0650000015,0.5
P823,2015-03-15,0.180000007,1.0
P823,2015-03-17,0.090000004,1.0
P823,2015-03-19,0.059999999,1.0
P823,2015-03-25,0.050000001,1.0
P823,2015-03-30,0.129999995,0.0
P823,2015-04-01,0.02,0.0
P823,2015-04-02,0.0649999985,0.5
P823,2015-04-05,0.07,0.0
P823,2015-04-13,0.050000001,1.0
P823,2015-04-18,0.039999999,0.0
P823,2015-04-26,0.200000003,0.0
P823,2015-05-02,0.029999999,0.0
P823,2015-05-05,0.02,1.0
P823,2015-05-08,0.039999999,1.0
P823,2015-05-09,0.109999999,0.5
P823,2015-05-11,0.090000004,1.0
P823,2015-05-13,0.01,1.0
P823,2015-05-14,0.07,1.0
P823,2015-05-15,0.170000002,1.0
P823,2015-05-17,0.159999996,0.0
P823,2015-05-19,0.150000006,0.0
P823,2015-05-25,0.02,0.0
P823,2015-05-27,0.180000007,0.0
P823,2015-05-28,0.050000001,1.0
P823,2015-05-30,0.129999995,1.0
P823,2015-06-04,0.039999999,0.0
P823,2015-06-09,0.0,1.0
P823,2015-06-10,0.170000002,1.0
P823,2015-06-15,0.200000003,1.0
P823,2015-06-17,0.100000001,0.0
P823,2015-06-22,0.090000004,1.0
P823,2015-06-26,0.170000002,0.0
P823,2015-06-30,0.029999999,0.0
P823,2015-07-04,0.124999996,0.5
P823,2015-07-15,0.090000004,0.0
P823,2015-07-19,0.12666666733333334,0.6666666666666666
P823,2015-07-28,0.059999999,0.0
P823,2015-07-29,0.0,1.0
P823,2015-08-08,0.25,0.0
P823,2015-08-09,0.164999999,0.5
P823,2015-08-19,0.129999995,1.0
P823,2015-08-21,0.090000004,1.0
P823,2015-08-22,0.01,1.0
P823,2015-08-28,0.119999997,0.0
P823,2015-08-30,0.0,1.0
P823,2015-09-03,0.029999999,1.0
P823,2015-09-05,0.100000001,1.0
P823,2015-09-06,0.180000007,1.0
P823,2015-09-07,0.029999999,0.0
P823,2015-09-20,0.01,0.0
P823,2015-09-22,0.170000002,0.0
P823,2015-09-25,0.150000006,1.0
P823,2015-09-26,0.1400000005,1.0
P823,2015-09-27,0.0,0.0
P823,2015-09-29,0.25,1.0
P823,2015-10-01,0.200000003,1.0
P823,2015-10-02,0.129999995,1.0
P823,2015-10-04,0.050000001,1.0
P823,2015-10-06,0.090000004,0.0
P823,2015-10-08,0.119999997,0.0
P823,2015-10-12,0.100000001,0.0
P823,2015-10-18,0.039999999,1.0
P823,2015-10-31,0.050000001,1.0
P823,2015-11-03,0.140000003,0.6666666666666666
P823,2015-11-07,0.10500000050000001,1.0
P823,2015-11-09,0.02,1.0
P823,2015-11-11,0.030000000500000002,1.0
P823,2015-11-13,0.155000001,0.5
P823,2015-11-16,0.029999999,1.0
P823,2015-11-17,0.129999995,1.0
P823,2015-11-21,0.150000006,1.0
P823,2015-11-22,0.129999995,0.0
P823,2015-11-29,0.100000001,1.0
P823,2015-11-30,0.01,0.0
P823,2015-12-03,0.0,1.0
P823,2015-12-06,0.119999997,0.0
P823,2015-12-09,0.200000003,1.0
P823,2015-12-10,0.090000004,0.0
P823,2015-12-13,0.180000007,0.0
P823,2015-12-18,0.170000002,1.0
P823,2015-12-22,0.159999996,0.0
P823,2015-12-23,0.190000005,1.0
P823,2015-12-24,0.129999995,0.0
P823,2015-12-27,0.059999999,0.0
P823,2015-12-28,0.050000001,0.0
P823,2015-12-29,0.170000002,0.0
P823,2016-01-01,0.0499999995,1.0
P823,2016-01-04,0.170000002,0.0
P823,2016-01-05,0.059999999,1.0
P823,2016-01-08,0.100000001,1.0
P823,2016-01-09,0.08499999800000001,0.5
P823,2016-01-13,0.0,1.0
P823,2016-01-16,0.029999999,0.0
P823,2016-01-17,0.090000004,1.0
P823,2016-01-23,0.150000006,1.0
P823,2016-01-26,0.059999999,0.0
P823,2016-01-30,0.050000001,1.0
P823,2016-01-31,0.25,0.0
P823,2016-02-01,0.039999999,0.0
P823,2016-02-03,0.090000004,0.0
P823,2016-02-04,0.129999995,0.0
P823,2016-02-07,0.01,1.0
P823,2016-02-12,0.200000003,1.0
P823,2016-02-15,0.07,1.0
P823,2016-02-18,0.050000001,1.0
P823,2016-02-24,0.029999999,0.0
P823,2016-02-26,0.125,0.5
P823,2016-02-29,0.0,1.0
P823,2016-03-16,0.090000004,1.0
P823,2016-03-18,0.160000004,1.0
P823,2016-03-21,0.129999995,1.0
P823,2016-03-26,0.200000003,0.0
P823,2016-03-30,0.150000006,1.0
P823,2016-04-08,0.119999997,1.0
P823,2016-04-18,0.119999997,0.0
P823,2016-04-19,0.059999999,1.0
P823,2016-05-01,0.0,1.0
P823,2016-05-04,0.15000000200000002,0.5
P823,2016-05-09,0.050000001,1.0
P823,2016-05-15,0.129999995,1.0
P823,2016-05-19,0.039999999,1.0
P823,2016-05-20,0.02,1.0
P823,2016-05-21,0.029999999,1.0
P823,2016-05-31,0.0,1.0
P823,2016-06-05,0.170000002,1.0
P823,2016-06-16,0.07,0.0
P823,2016-06-18,0.20000000299999998,0.3333333333333333
P823,2016-06-21,0.180000007,1.0
P823,2016-06-23,0.1499999985,0.5
P823,2016-06-25,0.119999997,0.0
P823,2016-06-26,0.050000001,0.0
P823,2016-06-30,0.159999996,1.0
P823,2016-07-05,0.039999999,0.0
P823,2016-07-07,0.029999999,1.0
P823,2016-07-10,0.07,0.0
P823,2016-07-12,0.02,0.0
P823,2016-07-16,0.01,1.0
P823,2016-07-19,0.180000007,1.0
P823,2016-07-25,0.07,0.0
P823,2016-07-27,0.119999997,1.0
P823,2016-07-28,0.059999999,1.0
P823,2016-07-31,0.034999999000000004,0.5
P823,2016-08-06,0.090000004,1.0
P823,2016-08-12,0.1050000025,0.5
P823,2016-08-16,0.050000001,0.0
P823,2016-08-21,0.170000002,1.0
P823,2016-08-24,0.023333333666666668,0.3333333333333333
P823,2016-08-25,0.1350000015,1.0
P823,2016-08-26,0.100000001,1.0
P823,2016-08-27,0.1399999995,1.0
P823,2016-08-28,0.02,0.0
P823,2016-09-03,0.180000007,1.0
P823,2016-09-05,0.0,0.0
P823,2016-09-06,0.25,1.0
P823,2016-09-07,0.085000001,0.0
P823,2016-09-10,0.119999997,0.0
P823,2016-09-13,0.100000001,1.0
P823,2016-09-16,0.090000004,0.0
P823,2016-09-18,0.1450000035,0.0
P823,2016-09-22,0.180000007,0.0
P823,2016-09-25,0.170000002,0.0
P823,2016-09-27,0.1099999975,0.5
P823,2016-10-03,0.059999999,0.0
P823,2016-10-11,0.029999999,0.0
P823,2016-10-13,0.1049999985,0.0
P823,2016-10-15,0.150000006,1.0
P823,2016-10-19,0.100000001,0.0
P823,2016-10-20,0.090000004,1.0
P823,2016-10-21,0.02,1.0
P823,2016-10-25,0.055,0.5
P823,2016-10-30,0.029999999,0.0
P823,2016-11-05,0.015,0.0
P823,2016-11-10,0.100000001,1.0
P823,2016-11-12,0.0,0.0
P823,2016-11-13,0.02,0.0
P823,2016-11-14,0.07,1.0
P823,2016-11-18,0.0649999985,0.5
P823,2016-11-20,0.08,0.5
P823,2016-11-21,0.25,0.0
P823,2016-11-23,0.170000002,1.0
P823,2016-11-25,0.21500000349999998,1.0
P823,2016-11-27,0.190000005,0.0
P823,2016-12-05,0.090000004,1.0
P823,2016-12-07,0.039999999,1.0
P823,2016-12-08,0.07,1.0
P823,2016-12-16,0.055,0.5
P823,2016-12-18,0.029999999,1.0
P823,2016-12-21,0.150000006,1.0
P823,2016-12-27,0.159999996,1.0
P823,2017-01-04,0.150000006,1.0
P823,2017-01-09,0.150000006,1.0
P823,2017-01-11,0.18499999849999998,0.5
P823,2017-01-12,0.129999995,0.0
P823,2017-01-13,0.029999999,0.0
P823,2017-01-14,0.02,0.0
P823,2017-01-16,0.0550000005,1.0
P823,2017-01-20,0.190000005,0.0
P823,2017-01-22,0.0,0.0
P823,2017-01-23,0.090000004,0.0
P823,2017-01-27,0.119999997,0.0
P823,2017-02-04,0.07,1.0
P823,2017-02-05,0.059999999,1.0
P823,2017-02-11,0.100000001,1.0
P823,2017-02-13,0.039999999,1.0
P823,2017-02-14,0.050000001,1.0
P823,2017-02-22,0.129999995,0.0
P823,2017-03-01,0.02,1.0
P823,2017-03-04,0.045,1.0
P823,2017-03-07,0.150000006,1.0
P823,2017-03-09,0.029999999,0.0
P823,2017-03-10,0.02,1.0
P823,2017-03-12,0.01,1.0
P823,2017-03-13,0.02,0.0
P823,2017-03-16,0.0,0.0
P823,2017-03-19,0.01,1.0
P823,2017-03-20,0.25,0.5
P823,2017-03-23,0.059999999,0.0
P823,2017-03-27,0.0,1.0
P823,2017-04-01,0.050000001,1.0
P823,2017-04-02,0.180000007,0.0
P823,2017-04-03,0.170000002,0.0
P823,2017-04-06,0.180000007,0.0
P823,2017-04-14,0.065,1.0
P823,2017-04-18,0.150000006,0.0
P823,2017-04-21,0.090000004,1.0
P825,2015-01-01,0.170000002,1.0
P825,2015-01-09,0.180000007,1.0
P825,2015-01-12,0.159999996,1.0
P825,2015-01-14,0.029999999,1.0
P825,2015-01-28,0.200000003,0.0
P825,2015-01-29,0.170000002,1.0
P825,2015-02-01,0.02,1.0
P825,2015-02-05,0.0,1.0
P825,2015-02-07,0.100000001,1.0
P825,2015-02-12,0.07,0.0
P825,2015-02-15,0.200000003,0.0
P825,2015-02-20,0.180000007,1.0
P825,2015-02-28,0.039999999,1.0
P825,2015-03-03,0.110000003,1.0
P825,2015-03-20,0.02,1.0
P825,2015-03-21,0.029999999,0.0
P825,2015-03-24,0.02,1.0
P825,2015-03-25,0.0,1.0
P825,2015-04-07,0.25,1.0
P825,2015-04-11,0.170000002,0.0
P825,2015-04-14,0.150000006,0.0
P825,2015-04-19,0.180000007,1.0
P825,2015-04-21,0.07,1.0
P825,2015-04-23,0.060000000500000004,1.0
P825,2015-04-30,0.150000006,1.0
P825,2015-05-03,0.060000000500000004,1.0
P825,2015-05-04,0.01,1.0
P825,2015-05-05,0.059999999,1.0
P825,2015-05-07,0.026666667,0.6666666666666666
P825,2015-05-16,0.25,1.0
P825,2015-05-18,0.07,0.0
P825,2015-05-23,0.159999996,0.0
P825,2015-05-25,0.200000003,0.0
P825,2015-06-12,0.100000001,0.0
P825,2015-06-16,0.090000004,1.0
P825,2015-06-17,0.02,0.0
P825,2015-06-23,0.050000001,1.0
P825,2015-07-01,0.200000003,1.0
P825,2015-07-20,0.200000003,1.0
P825,2015-07-24,0.029999999,1.0
P825,2015-07-25,0.01,1.0
P825,2015-07-26,0.10000000349999999,0.5
P825,2015-08-08,0.100000001,1.0
P825,2015-08-13,0.07,0.0
P825,2015-08-20,0.050000001,1.0
P825,2015-08-24,0.02,0.0
P825,2015-08-26,0.02,1.0
P825,2015-08-27,0.02,1.0
P825,2015-08-31,0.029999999,1.0
P825,2015-09-01,0.25,0.0
P825,2015-09-06,0.200000003,0.0
P825,2015-09-07,0.170000002,1.0
P825,2015-09-08,0.159999996,0.0
P825,2015-09-09,0.1750000045,0.5
P825,2015-09-12,0.20499999800000002,0.5
P825,2015-09-14,0.100000001,1.0
P825,2015-09-21,0.07,0.0
P825,2015-09-24,0.090000004,1.0
P825,2015-09-25,0.050000001,0.0
P825,2015-09-28,0.100000001,0.0
P825,2015-10-04,0.129999995,1.0
P825,2015-10-06,0.119999997,0.0
P825,2015-10-07,0.02,1.0
P825,2015-10-08,0.01,0.0
P825,2015-10-14,0.25,1.0
P825,2015-10-17,0.059999999,1.0
P825,2015-10-18,0.07,0.0
P825,2015-10-24,0.150000006,1.0
P825,2015-10-26,0.119999997,1.0
P825,2015-10-27,0.01,0.0
P825,2015-10-28,0.0,0.0
P825,2015-10-30,0.090000004,0.0
P825,2015-11-05,0.01,0.0
P825,2015-11-08,0.25,1.0
P825,2015-11-09,0.039999999,1.0
P825,2015-11-10,0.180000007,0.0
P825,2015-11-18,0.0,0.0
P825,2015-11-19,0.0749999975,1.0
P825,2015-11-21,0.119999997,1.0
P825,2015-11-23,0.07,1.0
P825,2015-12-01,0.176666672,1.0
P825,2015-12-03,0.02,0.0
P825,2015-12-05,0.01,0.0
P825,2015-12-08,0.0,1.0
P825,2015-12-10,0.159999996,0.0
P825,2015-12-11,0.25,0.0
P825,2015-12-18,0.170000002,1.0
P825,2015-12-21,0.170000002,0.0
P825,2015-12-28,0.050000001,0.0
P825,2015-12-29,0.029999999,1.0
P825,2015-12-30,0.07,0.0
P825,2016-01-01,0.129999995,0.0
P825,2016-01-02,0.25,1.0
P825,2016-01-05,0.100000001,1.0
P825,2016-01-11,0.07,0.0
P825,2016-01-12,0.06999999800000001,0.3333333333333333
P825,2016-01-19,0.01,0.0
P825,2016-01-26,0.0,0.0
P825,2016-01-30,0.0,0.0
P825,2016-02-01,0.129999995,0.0
P825,2016-02-02,0.180000007,1.0
P825,2016-02-03,0.170000002,0.0
P825,2016-02-06,0.119999997,0.0
P825,2016-02-10,0.090000004,0.0
P825,2016-02-13,0.0749999975,0.5
P825,2016-02-17,0.129999995,1.0
P825,2016-02-18,0.059999999,0.0
P825,2016-02-20,0.0,1.0
P825,2016-02-21,0.050000001,1.0
P825,2016-02-24,0.140000004,0.5
P825,2016-02-29,0.050000001,1.0
P825,2016-03-05,0.039999999,0.0
P825,2016-03-07,0.089999998,0.5
P825,2016-03-10,0.0,1.0
P825,2016-03-19,0.150000006,0.0
P825,2016-03-20,0.039999999,1.0
P825,2016-03-28,0.100000001,0.0
P825,2016-04-02,0.02,0.0
P825,2016-04-03,0.02,0.0
P825,2016-04-08,0.050000001,1.0
P825,2016-04-12,0.180000007,1.0
P825,2016-04-18,0.1750000045,0.5
P825,2016-04-25,0.170000002,0.0
P825,2016-05-13,0.100000001,0.0
P825,2016-05-16,0.07,1.0
P825,2016-05-21,0.029999999,0.0
P825,2016-06-01,0.0,1.0
P825,2016-06-08,0.200000003,0.0
P825,2016-06-09,0.0,0.0
P825,2016-06-11,0.180000002,0.3333333333333333
P825,2016-06-14,0.159999996,0.0
P825,2016-06-15,0.164999999,0.5
P825,2016-06-21,0.090000004,0.0
P825,2016-06-22,0.08,1.0
P825,2016-06-27,0.100000001,0.0
P825,2016-06-29,0.02,0.0
P825,2016-07-02,0.07,1.0
P825,2016-07-09,0.180000007,0.0
P825,2016-07-16,0.02,0.5
P825,2016-07-17,0.159999996,0.0
P825,2016-07-18,0.039999999,0.0
P825,2016-07-26,0.02,0.0
P825,2016-08-05,0.159999996,0.0
P825,2016-08-06,0.1400000005,0.5
P825,2016-08-10,0.1449999995,1.0
P825,2016-08-17,0.129999995,0.0
P825,2016-08-18,0.005,0.5
P825,2016-08-19,0.25,0.0
P825,2016-08-23,0.170000002,0.0
P825,2016-08-26,0.030000000500000002,0.5
P825,2016-09-06,0.0950000025,0.5
P825,2016-09-07,0.0,0.0
P825,2016-09-10,0.180000007,1.0
P825,2016-09-13,0.059999999,1.0
P825,2016-09-19,0.119999997,1.0
P825,2016-09-20,0.07,1.0
P825,2016-09-22,0.1500000005,0.5
P825,2016-09-26,0.25,1.0
P825,2016-09-30,0.01,1.0
P825,2016-10-08,0.0,0.0
P825,2016-10-14,0.050000001,0.0
P825,2016-10-16,0.180000007,1.0
P825,2016-10-17,0.159999996,0.0
P825,2016-10-18,0.029999999,1.0
P825,2016-10-20,0.1449999995,0.5
P825,2016-10-22,0.090000004,1.0
P825,2016-10-26,0.059999999,1.0
P825,2016-10-31,0.0,0.0
P825,2016-11-02,0.129999995,1.0
P825,2016-11-04,0.059999999,1.0
P825,2016-11-05,0.180000007,1.0
P825,2016-11-06,0.050000001,1.0
P825,2016-11-10,0.150000006,1.0
P825,2016-11-14,0.07,0.0
P825,2016-11-15,0.029999999,1.0
P825,2016-11-17,0.050000001,1.0
P825,2016-11-18,0.119999997,0.0
P825,2016-11-19,0.100000001,0.0
P825,2016-11-21,0.0,1.0
P825,2016-11-26,0.090000004,1.0
P825,2016-11-30,0.1250000035,1.0
P825,2016-12-06,0.039999999,1.0
P825,2016-12-09,0.039999999,1.0
P825,2016-12-10,0.02,0.0
P825,2016-12-11,0.150000006,1.0
P825,2016-12-15,0.100000001,0.0
P825,2016-12-26,0.25,0.0
P825,2016-12-28,0.180000007,0.0
P825,2016-12-29,0.100000001,1.0
P825,2017-01-01,0.170000002,1.0
P825,2017-01-02,0.029999999,1.0
P825,2017-01-04,0.159999996,1.0
P825,2017-01-05,0.07,1.0
P825,2017-01-06,0.039999999,0.0
P825,2017-01-08,0.02,1.0
P825,2017-01-12,0.129999995,1.0
P825,2017-01-13,0.079999998,0.5
P825,2017-01-16,0.129999995,1.0
P825,2017-01-30,0.200000003,1.0
P825,2017-02-01,0.180000007,1.0
P825,2017-02-02,0.059999999,1.0
P825,2017-02-03,0.050000001,1.0
P825,2017-02-05,0.09000000233333333,0.3333333333333333
P825,2017-02-10,0.029999999,1.0
P825,2017-02-15,0.25,0.0
P825,2017-02-17,0.0,1.0
P825,2017-03-01,0.159999996,0.0
P825,2017-03-02,0.129999995,0.0
P825,2017-03-03,0.090000004,1.0
P825,2017-03-04,0.180000007,1.0
P825,2017-03-07,0.08,1.0
P825,2017-03-11,0.059999999,0.0
P825,2017-03-12,0.050000001,0.0
P825,2017-03-15,0.039999999,1.0
P825,2017-03-22,0.029999999,0.0
P825,2017-03-26,0.029999999,1.0
P825,2017-04-02,0.1450000035,1.0
P825,2017-04-03,0.180000007,1.0
P825,2017-04-04,0.170000002,1.0
P828,2015-01-01,0.07,1.0
P828,2015-01-04,0.0250000005,1.0
P828,2015-01-06,0.0500000005,0.0
P828,2015-01-10,0.170000002,1.0
P828,2015-01-11,0.159999996,0.0
P828,2015-01-13,0.150000006,1.0
P828,2015-01-23,0.039999999,1.0
P828,2015-01-24,0.119999997,0.0
P828,2015-01-27,0.25,1.0
P828,2015-01-31,0.02,1.0
P828,2015-02-03,0.059999999,1.0
P828,2015-02-04,0.050000001,1.0
P828,2015-02-18,0.07,0.0
P828,2015-02-20,0.130000001,0.0
P828,2015-02-26,0.170000002,1.0
P828,2015-02-27,0.02,0.0
P828,2015-02-28,0.119999997,0.0
P828,2015-03-03,0.25,0.0
P828,2015-03-05,0.119999997,0.0
P828,2015-03-07,0.10666666899999999,0.6666666666666666
P828,2015-03-08,0.180000007,1.0
P828,2015-03-17,0.039999999,0.0
P828,2015-03-20,0.129999995,1.0
P828,2015-03-21,0.09000000100000001,0.5
P828,2015-03-22,0.159999996,1.0
P828,2015-03-24,0.119999997,1.0
P828,2015-03-25,0.01,1.0
P828,2015-04-05,0.02,0.0
P828,2015-04-16,0.100000001,0.0
P828,2015-04-17,0.07,1.0
P828,2015-04-19,0.180000007,1.0
P828,2015-04-21,0.059999999,1.0
P828,2015-04-24,0.1150000005,0.5
P828,2015-04-25,0.050000001,0.0
P828,2015-04-27,0.02,0.0
P828,2015-04-28,0.029999999,0.0
P828,2015-05-02,0.0600000015,0.0
P828,2015-05-09,0.01,1.0
P828,2015-05-13,0.0,0.0
P828,2015-05-20,0.180000007,0.0
P828,2015-05-22,0.170000002,0.0
P828,2015-05-23,0.059999999,1.0
P828,2015-05-28,0.25,1.0
P828,2015-06-05,0.164999999,0.5
P828,2015-06-16,0.129999995,1.0
P828,2015-06-19,0.050000001,1.0
P828,2015-06-20,0.07,0.0
P828,2015-06-26,0.060000000500000004,0.0
P828,2015-06-27,0.039999999,0.0
P828,2015-07-06,0.170000002,1.0
P828,2015-07-12,0.100000001,0.0
P828,2015-07-14,0.01,1.0
P828,2015-07-15,0.059999999,1.0
P828,2015-07-16,0.02,1.0
P828,2015-07-18,0.25,0.0
P828,2015-07-20,0.25,0.0
P828,2015-07-22,0.180000007,0.0
P828,2015-07-30,0.150000006,1.0
P828,2015-08-01,0.25,1.0
P828,2015-08-02,0.119999997,0.0
P828,2015-08-04,0.1299999985,0.0
P828,2015-08-05,0.200000003,1.0
P828,2015-08-07,0.129999995,1.0
P828,2015-08-08,0.100000001,0.0
P828,2015-08-15,0.150000006,1.0
P828,2015-08-16,0.07,0.0
P828,2015-08-20,0.039999999,0.0
P828,2015-08-23,0.07,1.0
P828,2015-08-27,0.01,0.0
P828,2015-08-29,0.01,1.0
P828,2015-09-01,0.0,1.0
P828,2015-09-05,0.180000007,0.0
P828,2015-09-07,0.170000002,0.0
P828,2015-09-16,0.12000000499999999,1.0
P828,2015-09-18,0.1750000045,1.0
P828,2015-09-22,0.170000002,1.0
P828,2015-09-25,0.07,1.0
P828,2015-09-27,0.039999999,0.0
P828,2015-09-28,0.150000006,1.0
P828,2015-10-02,0.07,1.0
P828,2015-10-06,0.01,0.0
P828,2015-10-11,0.25,1.0
P828,2015-10-21,0.180000007,0.0
P828,2015-10-25,0.079999997,1.0
P828,2015-10-27,0.050000001,1.0
P828,2015-10-29,0.25,0.0
P828,2015-10-30,0.01,1.0
P828,2015-10-31,0.124999996,0.0
P828,2015-11-02,0.059999999,1.0
P828,2015-11-03,0.02,1.0
P828,2015-11-04,0.200000003,0.0
P828,2015-11-08,0.200000003,1.0
P828,2015-11-21,0.12500000175,0.75
P828,2015-11-23,0.200000003,1.0
P828,2015-11-26,0.090000004,0.0
P828,2015-11-27,0.07,1.0
P828,2015-11-29,0.059999999,1.0
P828,2015-12-02,0.086666664,1.0
P828,2015-12-05,0.0550000005,1.0
P828,2015-12-15,0.21000000333333335,0.6666666666666666
P828,2015-12-18,0.100000001,1.0
P828,2015-12-23,0.129999995,0.0
P828,2015-12-29,0.090000004,1.0
P828,2015-12-30,0.059999999,1.0
P828,2016-01-01,0.0,0.0
P828,2016-01-03,0.119999997,1.0
P828,2016-01-05,0.200000003,0.0
P828,2016-01-08,0.159999996,1.0
P828,2016-01-09,0.07,1.0
P828,2016-01-10,0.090000004,1.0
P828,2016-01-13,0.050000001,0.0
P828,2016-01-16,0.039999999,0.0
P828,2016-01-18,0.02,1.0
P828,2016-01-20,0.105000003,0.5
P828,2016-01-21,0.0,0.0
P828,2016-01-22,0.25,1.0
P828,2016-01-24,0.200000003,1.0
P828,2016-01-25,0.01,1.0
P828,2016-01-28,0.110000003,0.5
P828,2016-01-29,0.200000003,1.0
P828,2016-01-31,0.180000007,1.0
P828,2016-02-03,0.25,0.0
P828,2016-02-05,0.050000001,1.0
P828,2016-02-10,0.150000006,0.0
P828,2016-02-15,0.159999996,0.0
P828,2016-02-17,0.110000003,1.0
P828,2016-02-18,0.150000006,0.0
P828,2016-02-19,0.100000001,1.0
P828,2016-02-20,0.129999995,1.0
P828,2016-02-25,0.170000002,0.0
P828,2016-02-28,0.02,0.0
P828,2016-02-29,0.07,1.0
P828,2016-03-02,0.059999999,1.0
P828,2016-03-06,0.25,1.0
P828,2016-03-07,0.01,1.0
P828,2016-03-09,0.074999998,0.5
P828,2016-03-11,0.0,0.0
P828,2016-03-12,0.039999999,1.0
P828,2016-03-17,0.180000007,0.5
P828,2016-03-21,0.029999999,1.0
P828,2016-03-26,0.029999999,0.0
P828,2016-03-28,0.10500000050000001,0.5
P828,2016-03-31,0.090000004,1.0
P828,2016-04-04,0.01,0.0
P828,2016-04-09,0.25,0.0
P828,2016-04-12,0.170000002,1.0
P828,2016-04-13,0.159999996,0.0
P828,2016-04-16,0.25,0.0
P828,2016-04-18,0.25,0.0
P828,2016-04-22,0.200000003,0.0
P828,2016-04-25,0.129999995,0.0
P828,2016-04-29,0.159999996,0.0
P828,2016-05-01,0.07,0.0
P828,2016-05-02,0.170000002,1.0
P828,2016-05-03,0.159999996,1.0
P828,2016-05-04,0.094999997,1.0
P828,2016-05-06,0.100000001,1.0
P828,2016-05-13,0.07,1.0
P828,2016-05-16,0.059999999,1.0
P828,2016-05-17,0.059999999,0.0
P828,2016-05-20,0.034999999000000004,0.5
P828,2016-05-22,0.02,1.0
P828,2016-05-30,0.01,1.0
P828,2016-05-31,0.039999999,0.0
P828,2016-06-03,0.01,1.0
P828,2016-06-06,0.01,1.0
P828,2016-06-10,0.180000007,1.0
P828,2016-06-12,0.0,1.0
P828,2016-06-13,0.170000002,0.0
P828,2016-06-17,0.129999995,1.0
P828,2016-06-18,0.129999995,1.0
P828,2016-06-21,0.150000006,0.0
P828,2016-06-22,0.07,1.0
P828,2016-06-25,0.050000001,1.0
P828,2016-06-26,0.170000002,1.0
P828,2016-07-01,0.090000004,1.0
P828,2016-07-02,0.100000001,0.0
P828,2016-07-05,0.059999999,1.0
P828,2016-07-09,0.059999999,1.0
P828,2016-07-10,0.170000002,0.0
P828,2016-07-21,0.125,0.5
P828,2016-07-22,0.080000003,0.5
P828,2016-07-31,0.25,1.0
P828,2016-08-04,0.1850000025,0.5
P828,2016-08-05,0.07,1.0
P828,2016-08-07,0.159999996,0.0
P828,2016-08-16,0.13333333266666667,1.0
P828,2016-08-18,0.039999999,0.0
P828,2016-08-20,0.080000002,1.0
P828,2016-08-24,0.059999999,0.0
P828,2016-08-25,0.159999996,0.0
P828,2016-08-29,0.07,0.0
P828,2016-09-01,0.25,0.0
P828,2016-09-03,0.029999999,1.0
P828,2016-09-05,0.029999999,0.0
P828,2016-09-18,0.0,0.0
P828,2016-09-26,0.200000003,0.0
P828,2016-09-30,0.02,0.0
P828,2016-10-03,0.150000006,1.0
P828,2016-10-04,0.129999995,0.0
P828,2016-10-10,0.100000001,1.0
P828,2016-10-11,0.25,1.0
P828,2016-10-14,0.1150000005,1.0
P828,2016-10-15,0.050000001,0.0
P828,2016-10-20,0.029999999,0.0
P828,2016-10-21,0.01,0.0
P828,2016-10-25,0.119999997,0.0
P828,2016-10-27,0.039999999,1.0
P828,2016-10-29,0.029999999,1.0
P828,2016-11-04,0.10000000349999999,0.5
P828,2016-11-14,0.0,0.0
P828,2016-11-17,0.130000001,1.0
P828,2016-11-19,0.200000003,1.0
P828,2016-11-20,0.039999999,1.0
P828,2016-11-22,0.180000007,0.0
P828,2016-11-28,0.20000000299999998,0.5
P828,2016-11-30,0.170000002,1.0
P828,2016-12-08,0.170000002,1.0
P828,2016-12-11,0.129999995,0.0
P828,2016-12-13,0.1399999965,0.5
P828,2016-12-20,0.25,0.0
P828,2016-12-28,0.130000001,0.5
P828,2016-12-30,0.190000005,0.5
P828,2016-12-31,0.039999999,1.0
P828,2017-01-01,0.090000004,1.0
P828,2017-01-02,0.150000006,1.0
P828,2017-01-06,0.150000006,1.0
P828,2017-01-14,0.25,1.0
P828,2017-01-16,0.100000001,0.0
P828,2017-01-20,0.083333334,0.3333333333333333
P828,2017-01-23,0.07,1.0
P828,2017-01-25,0.100000001,0.0
P828,2017-02-07,0.159999996,1.0
P828,2017-02-09,0.170000002,0.0
P828,2017-02-10,0.039999999,1.0
P828,2017-02-13,0.150000006,1.0
P828,2017-02-15,0.0749999975,0.0
P828,2017-02-16,0.150000006,0.0
P828,2017-02-25,0.119999997,1.0
P828,2017-03-05,0.080000002,0.0
P828,2017-03-08,0.090000004,1.0
P828,2017-03-10,0.059999999,0.0
P828,2017-03-18,0.015,0.5
P828,2017-03-25,0.129999995,1.0
P828,2017-03-26,0.119999997,1.0
P828,2017-03-27,0.0,0.0
P828,2017-03-28,0.25,0.0
P828,2017-03-31,0.005,1.0
P828,2017-04-01,0.2250000015,0.0
P828,2017-04-05,0.1250000035,0.5
P828,2017-04-07,0.059999999,1.0
P828,2017-04-09,0.050000001,0.0
P828,2017-04-16,0.159999996,0.0
P828,2017-04-21,0.119999997,1.0
P835,2015-01-02,0.02,0.0
P835,2015-01-03,0.1099999975,0.5
P835,2015-01-04,0.25,0.0
P835,2015-01-05,0.150000006,1.0
P835,2015-01-06,0.200000003,1.0
P835,2015-01-09,0.200000003,0.0
P835,2015-01-10,0.155000001,1.0
P835,2015-01-17,0.1250000035,0.5
P835,2015-01-18,0.1099999995,0.5
P835,2015-01-20,0.050000001,0.0
P835,2015-01-23,0.050000001,1.0
P835,2015-01-24,0.029999999,1.0
P835,2015-01-25,0.029999999,0.0
P835,2015-01-27,0.100000001,1.0
P835,2015-01-29,0.180000007,1.0
P835,2015-02-02,0.01,1.0
P835,2015-02-04,0.129999995,1.0
P835,2015-02-05,0.039999999,0.0
P835,2015-02-07,0.090000004,1.0
P835,2015-02-13,0.0,0.5
P835,2015-02-21,0.050000001,1.0
P835,2015-02-22,0.200000003,0.0
P835,2015-02-23,0.159999996,0.0
P835,2015-02-28,0.164999999,0.0
P835,2015-03-01,0.0199999995,0.0
P835,2015-03-06,0.200000003,1.0
P835,2015-03-09,0.170000002,1.0
P835,2015-03-11,0.100000001,1.0
P835,2015-03-12,0.090000004,0.0
P835,2015-03-15,0.059999999,0.0
P835,2015-03-17,0.039999999,0.0
P835,2015-03-18,0.050000001,1.0
P835,2015-04-01,0.25,1.0
P835,2015-04-06,0.200000003,0.0
P835,2015-04-09,0.180000007,0.0
P835,2015-04-12,0.200000003,0.0
P835,2015-04-16,0.090000004,0.0
P835,2015-04-17,0.090000004,1.0
P835,2015-04-19,0.164999999,0.0
P835,2015-04-20,0.059999999,0.0
P835,2015-04-21,0.1400000005,1.0
P835,2015-04-26,0.034999999000000004,0.5
P835,2015-04-29,0.119999997,1.0
P835,2015-05-01,0.119999997,1.0
P835,2015-05-03,0.07,1.0
P835,2015-05-13,0.0,1.0
P835,2015-05-20,0.180000007,1.0
P835,2015-05-21,0.02,1.0
P835,2015-05-27,0.050000001,1.0
P835,2015-06-01,0.10500000050000001,0.5
P835,2015-06-03,0.159999996,1.0
P835,2015-06-10,0.090000004,1.0
P835,2015-06-11,0.119999997,1.0
P835,2015-06-13,0.150000006,1.0
P835,2015-06-15,0.100000001,1.0
P835,2015-06-17,0.119999997,0.0
P835,2015-06-18,0.059999999,0.0
P835,2015-06-23,0.01,0.0
P835,2015-06-26,0.0299999995,0.0
P835,2015-06-27,0.029999999,1.0
P835,2015-07-01,0.25,0.0
P835,2015-07-03,0.029999999,1.0
P835,2015-07-07,0.159999996,1.0
P835,2015-07-09,0.150000006,0.0
P835,2015-07-12,0.01,1.0
P835,2015-07-13,0.02,0.0
P835,2015-07-16,0.0,1.0
P835,2015-07-17,0.25,1.0
P835,2015-07-19,0.050000001,1.0
P835,2015-07-25,0.190000005,1.0
P835,2015-07-27,0.170000002,0.0
P835,2015-07-28,0.159999996,1.0
P835,2015-07-29,0.18666666733333334,0.6666666666666666
P835,2015-08-01,0.159999996,0.0
P835,2015-08-02,0.180000007,1.0
P835,2015-08-09,0.090000004,1.0
P835,2015-08-10,0.090000004,1.0
P835,2015-08-11,0.159999996,0.0
P835,2015-08-13,0.07666666666666667,0.6666666666666666
P835,2015-08-17,0.100000001,1.0
P835,2015-08-19,0.039999999,1.0
P835,2015-08-21,0.029999999,0.0
P835,2015-08-25,0.039999999,1.0
P835,2015-08-28,0.0,0.0
P835,2015-08-30,0.0,0.0
P835,2015-09-04,0.25,0.0
P835,2015-09-05,0.180000007,0.0
P835,2015-09-09,0.200000003,0.0
P835,2015-09-13,0.150000006,0.0
P835,2015-09-16,0.129999995,0.0
P835,2015-09-19,0.159999996,1.0
P835,2015-09-22,0.100000001,0.0
P835,2015-09-25,0.039999999,1.0
P835,2015-09-27,0.155000001,1.0
P835,2015-09-30,0.129999995,1.0
P835,2015-10-03,0.02,1.0
P835,2015-10-05,0.100000001,1.0
P835,2015-10-08,0.090000004,0.0
P835,2015-10-16,0.12000000233333334,1.0
P835,2015-10-23,0.1100000015,0.5
P835,2015-10-25,0.0299999995,1.0
P835,2015-10-28,0.039999999,0.0
P835,2015-11-06,0.07,1.0
P835,2015-11-10,0.159999996,0.0
P835,2015-11-12,0.180000007,1.0
P835,2015-11-14,0.150000006,0.0
P835,2015-11-17,0.029999999,0.0
P835,2015-11-26,0.0,1.0
P835,2015-11-30,0.059999999,0.0
P835,2015-12-01,0.039999999,0.5
P835,2015-12-03,0.0,1.0
P835,2015-12-05,0.25,0.0
P835,2015-12-11,0.200000003,0.0
P835,2015-12-14,0.129999995,1.0
P835,2015-12-16,0.170000002,0.0
P835,2015-12-17,0.119999997,1.0
P835,2015-12-19,0.10000000349999999,0.5
P835,2015-12-22,0.129999995,0.0
P835,2015-12-24,0.039999999,0.0
P835,2015-12-30,0.02,1.0
P835,2016-01-02,0.119999997,0.0
P835,2016-01-11,0.150000006,1.0
P835,2016-01-18,0.200000003,0.0
P835,2016-01-20,0.100000001,1.0
P835,2016-01-26,0.090000004,1.0
P835,2016-01-28,0.159999996,1.0
P835,2016-02-10,0.180000007,0.0
P835,2016-02-22,0.13,0.3333333333333333
P835,2016-02-23,0.059999999,1.0
P835,2016-02-24,0.050000001,1.0
P835,2016-02-26,0.159999996,1.0
P835,2016-02-28,0.090000004,1.0
P835,2016-03-03,0.150000006,0.0
P835,2016-03-06,0.0199999995,1.0
P835,2016-03-10,0.01,1.0
P835,2016-03-15,0.18333333466666668,1.0
P835,2016-03-18,0.16666666666666666,0.6666666666666666
P835,2016-03-19,0.050000001,1.0
P835,2016-03-25,0.090000004,0.0
P835,2016-03-29,0.029999999,0.0
P835,2016-04-02,0.02,1.0
P835,2016-04-03,0.01,1.0
P835,2016-04-04,0.07,1.0
P835,2016-04-07,0.0,1.0
P835,2016-04-08,0.0,0.0
P835,2016-04-09,0.039999999,1.0
P835,2016-04-13,0.01,0.0
P835,2016-04-22,0.129999995,0.0
P835,2016-04-23,0.180000007,1.0
P835,2016-04-25,0.180000007,1.0
P835,2016-04-28,0.090000004,1.0
P835,2016-05-01,0.150000006,1.0
P835,2016-05-04,0.150000006,0.0
P835,2016-05-10,0.150000006,1.0
P835,2016-05-11,0.100000001,0.0
P835,2016-05-15,0.059999999,1.0
P835,2016-05-17,0.050000001,1.0
P835,2016-05-19,0.039999999,1.0
P835,2016-05-20,0.045,0.5
P835,2016-05-24,0.039999999,1.0
P835,2016-05-28,0.059999999,1.0
P835,2016-05-29,0.01,1.0
P835,2016-05-31,0.0,1.0
P835,2016-06-01,0.01,1.0
P835,2016-06-02,0.02,0.0
P835,2016-06-04,0.25,0.0
P835,2016-06-09,0.180000007,0.0
P835,2016-06-12,0.159999996,1.0
P835,2016-06-16,0.180000007,1.0
P835,2016-06-19,0.119999997,0.0
P835,2016-06-20,0.159999996,0.0
P835,2016-06-28,0.029999999,1.0
P835,2016-07-01,0.04,0.5
P835,2016-07-03,0.059999999,1.0
P835,2016-07-10,0.050000001,1.0
P835,2016-07-11,0.039999999,1.0
P835,2016-07-13,0.050000001,1.0
P835,2016-07-17,0.01,0.0
P835,2016-07-26,0.200000003,1.0
P835,2016-07-28,0.01,1.0
P835,2016-07-31,0.200000003,1.0
P835,2016-08-03,0.180000007,0.0
P835,2016-08-05,0.180000007,0.0
P835,2016-08-06,0.159999996,1.0
P835,2016-08-10,0.180000007,1.0
P835,2016-08-14,0.07,1.0
P835,2016-08-16,0.119999997,1.0
P835,2016-08-18,0.02,1.0
P835,2016-08-20,0.100000001,0.0
P835,2016-08-23,0.100000001,1.0
P835,2016-08-26,0.0,1.0
P835,2016-08-27,0.090000004,1.0
P835,2016-09-02,0.07,0.0
P835,2016-09-03,0.039999999,0.0
P835,2016-09-05,0.119999997,1.0
P835,2016-09-08,0.200000003,0.0
P835,2016-09-09,0.059999999,1.0
P835,2016-09-18,0.039999999,1.0
P835,2016-09-19,0.090000004,0.0
P835,2016-09-22,0.130000001,1.0
P835,2016-09-23,0.0,0.0
P835,2016-09-30,0.170000002,1.0
P835,2016-10-01,0.085000001,1.0
P835,2016-10-03,0.14999999566666666,0.6666666666666666
P835,2016-10-08,0.170000002,1.0
P835,2016-10-09,0.2250000015,0.5
P835,2016-10-10,0.150000002,0.5
P835,2016-10-11,0.100000001,1.0
P835,2016-10-12,0.07,1.0
P835,2016-10-14,0.090000004,1.0
P835,2016-10-15,0.039999999,0.0
P835,2016-10-16,0.200000003,1.0
P835,2016-10-19,0.1400000005,0.0
P835,2016-11-01,0.090000004,1.0
P835,2016-11-04,0.200000003,0.0
P835,2016-11-05,0.01,0.0
P835,2016-11-06,0.170000002,0.0
P835,2016-11-07,0.125,0.0
P835,2016-11-09,0.150000006,0.0
P835,2016-11-15,0.25,0.0
P835,2016-11-18,0.01,1.0
P835,2016-11-19,0.0,0.0
P835,2016-11-20,0.074999998,0.5
P835,2016-11-22,0.100000001,0.0
P835,2016-11-29,0.200000003,1.0
P835,2016-12-02,0.050000001,1.0
P835,2016-12-04,0.129999995,1.0
P835,2016-12-15,0.02,1.0
P835,2016-12-16,0.050000001999999995,0.5
P835,2016-12-18,0.0,1.0
P835,2016-12-23,0.119999997,0.0
P835,2016-12-24,0.07,1.0
P835,2016-12-30,0.050000001,0.0
P835,2017-01-02,0.159999996,1.0
P835,2017-01-08,0.029999999,1.0
P835,2017-01-12,0.0,1.0
P835,2017-01-21,0.050000001999999995,0.5
P835,2017-01-24,0.119999997,0.0
P835,2017-02-03,0.25,1.0
P835,2017-02-06,0.1750000045,1.0
P835,2017-02-10,0.159999996,0.0
P835,2017-02-17,0.25,1.0
P835,2017-02-22,0.200000003,1.0
P835,2017-02-23,0.100000001,0.0
P835,2017-03-02,0.150000006,1.0
P835,2017-03-03,0.119999997,1.0
P835,2017-03-04,0.090000004,0.0
P835,2017-03-05,0.1150000005,0.5
P835,2017-03-07,0.050000001,0.0
P835,2017-03-09,0.045,0.5
P835,2017-03-16,0.050000001,1.0
P835,2017-03-21,0.02,0.0
P835,2017-03-23,0.02,0.0
P835,2017-03-28,0.02,1.0
P835,2017-04-01,0.25,0.0
P835,2017-04-11,0.129999995,1.0
P835,2017-04-13,0.180000007,0.0
P835,2017-04-17,0.150000006,0.0
P835,2017-04-21,0.129999995,0.0
P845,2017-09-11,0.159999996,0.0
P845,2017-09-12,0.029999999,0.0
P845,2017-09-13,0.150000002,0.5
P845,2017-09-14,0.135,1.0
P845,2017-09-15,0.064999999,0.75
P845,2017-09-16,0.25,0.0
P845,2017-09-18,0.11333333333333333,0.6666666666666666
P845,2017-09-19,0.1399999965,0.5
P845,2017-09-20,0.0380000004,0.6
P845,2017-09-21,0.10000000033333334,0.3333333333333333
P845,2017-09-22,0.0350000005,0.5
P845,2017-09-25,0.1450000005,0.25
P845,2017-09-27,0.050000000999999995,1.0
P845,2017-09-28,0.07,0.0
P845,2017-09-29,0.0299999995,0.5
P858,2017-04-23,0.090000004,1.0
P858,2017-04-24,0.050000001,0.0
P858,2017-04-27,0.100000001,0.0
P858,2017-04-29,0.050000001,1.0
P858,2017-05-05,0.01,0.5
P858,2017-05-06,0.039999999,1.0
P858,2017-05-07,0.170000002,1.0
P858,2017-05-08,0.100000001,0.0
P858,2017-05-10,0.090000004,0.0
P858,2017-05-13,0.150000006,1.0
P858,2017-05-15,0.029999999,0.0
P858,2017-05-19,0.090000004,0.0
P858,2017-05-24,0.170000002,0.0
P858,2017-05-27,0.100000001,0.0
P858,2017-05-29,0.02,0.0
P858,2017-05-31,0.119999997,1.0
P858,2017-06-03,0.170000002,0.0
P858,2017-06-05,0.029999999,0.0
P858,2017-06-12,0.170000002,0.0
P858,2017-06-15,0.119999997,0.0
P858,2017-06-17,0.059999999,0.0
P858,2017-06-23,0.159999996,0.0
P858,2017-06-25,0.200000003,0.0
P858,2017-06-27,0.200000003,1.0
P858,2017-06-28,0.029999999,1.0
P858,2017-06-29,0.04,0.0
P858,2017-07-02,0.02,1.0
P858,2017-07-03,0.01,1.0
P858,2017-07-07,0.119999997,1.0
P858,2017-07-08,0.100000001,0.0
P858,2017-07-09,0.200000003,1.0
P858,2017-07-16,0.119999997,0.0
P858,2017-07-20,0.07333333366666667,1.0
P858,2017-07-21,0.059999999,0.0
P858,2017-07-22,0.170000002,1.0
P858,2017-07-27,0.129999995,0.0
P858,2017-07-28,0.170000002,1.0
P858,2017-07-30,0.1250000035,1.0
P858,2017-07-31,0.129999995,1.0
P858,2017-08-03,0.170000002,1.0
P858,2017-08-06,0.0,0.0
P858,2017-08-13,0.02,1.0
P858,2017-08-15,0.170000002,0.0
P858,2017-08-17,0.050000001,1.0
P858,2017-08-19,0.200000003,1.0
P858,2017-08-22,0.0950000035,0.5
P858,2017-08-23,0.100000001,0.0
P858,2017-08-24,0.130000001,0.0
P858,2017-08-28,0.059999999,1.0
P858,2017-09-05,0.0,1.0
P858,2017-09-06,0.180000007,1.0
P858,2017-09-09,0.119999997,1.0
P860,2017-09-30,0.1225000005,0.75
P860,2017-10-01,0.03499999966666666,0.3333333333333333
P860,2017-10-02,0.200000003,1.0
P885,2015-01-15,0.0250000005,0.5
P885,2015-01-18,0.07,1.0
P885,2015-01-19,0.150000006,1.0
P885,2015-01-23,0.074999998,1.0
P885,2015-01-25,0.180000007,1.0
P885,2015-01-27,0.050000001,1.0
P885,2015-01-31,0.1650000065,0.0
P885,2015-02-05,0.180000007,1.0
P885,2015-02-06,0.074999998,1.0
P885,2015-02-10,0.029999999,0.0
P885,2015-02-16,0.059999999,1.0
P885,2015-02-18,0.100000001,1.0
P885,2015-02-22,0.090000004,0.0
P885,2015-02-25,0.180000007,0.0
P885,2015-02-27,0.07,1.0
P885,2015-03-04,0.159999996,1.0
P885,2015-03-08,0.170000002,1.0
P885,2015-03-15,0.25,1.0
P885,2015-03-16,0.164999999,0.5
P885,2015-03-18,0.119999997,1.0
P885,2015-03-19,0.029999999,1.0
P885,2015-03-29,0.029999999,1.0
P885,2015-04-02,0.050000001,1.0
P885,2015-04-07,0.02,1.0
P885,2015-04-16,0.10500000150000001,1.0
P885,2015-04-17,0.129999995,1.0
P885,2015-04-19,0.090000004,0.0
P885,2015-04-22,0.059999999,0.0
P885,2015-04-25,0.029999999,0.0
P885,2015-04-26,0.129999995,1.0
P885,2015-04-27,0.090000004,0.0
P885,2015-05-10,0.200000003,0.0
P885,2015-05-12,0.25,1.0
P885,2015-05-13,0.200000003,1.0
P885,2015-05-14,0.180000007,1.0
P885,2015-05-15,0.119999997,0.0
P885,2015-05-16,0.170000002,0.0
P885,2015-05-18,0.119999997,1.0
P885,2015-05-19,0.0499999995,1.0
P885,2015-05-20,0.01,1.0
P885,2015-05-21,0.050000001,1.0
P885,2015-05-22,0.029999999,0.0
P885,2015-06-02,0.180000007,1.0
P885,2015-06-05,0.115000001,0.5
P885,2015-06-12,0.129999995,1.0
P885,2015-06-18,0.0950000025,0.5
P885,2015-06-23,0.129999995,1.0
P885,2015-06-24,0.164999999,0.5
P885,2015-06-30,0.119999997,1.0
P885,2015-07-08,0.02,1.0
P885,2015-07-09,0.150000001,0.3333333333333333
P885,2015-07-10,0.050000001,0.0
P885,2015-07-12,0.039999999,1.0
P885,2015-07-14,0.159999996,1.0
P885,2015-07-16,0.119999997,0.0
P885,2015-07-20,0.07,0.0
P885,2015-07-23,0.080000002,0.0
P885,2015-07-24,0.050000001,1.0
P885,2015-07-31,0.02,0.0
P885,2015-08-01,0.059999999,1.0
P885,2015-08-05,0.0,1.0
P885,2015-08-12,0.180000007,0.0
P885,2015-08-21,0.129999995,1.0
P885,2015-08-22,0.150000006,1.0
P885,2015-08-23,0.0,1.0
P885,2015-08-26,0.055,0.5
P885,2015-09-01,0.02,0.0
P885,2015-09-02,0.090000004,1.0
P885,2015-09-04,0.0,0.0
P885,2015-09-08,0.25,0.0
P885,2015-09-10,0.150000006,1.0
P885,2015-09-14,0.25,1.0
P885,2015-09-15,0.200000003,0.0
P885,2015-09-16,0.090000004,0.0
P885,2015-09-19,0.119999997,0.0
P885,2015-09-21,0.07,0.0
P885,2015-09-24,0.059999999,1.0
P885,2015-09-30,0.07,1.0
P885,2015-10-01,0.119999997,1.0
P885,2015-10-05,0.029999999,0.0
P885,2015-10-08,0.159999996,0.0
P885,2015-10-11,0.1700000015,1.0
P885,2015-10-17,0.0,1.0
P885,2015-10-22,0.150000006,1.0
P885,2015-10-24,0.150000006,0.0
P885,2015-10-26,0.039999999,0.0
P885,2015-10-27,0.0550000005,1.0
P885,2015-11-07,0.059999999,1.0
P885,2015-11-09,0.129999995,1.0
P885,2015-11-11,0.100000001,1.0
P885,2015-11-13,0.200000003,1.0
P885,2015-11-15,0.0,1.0
P885,2015-11-19,0.25,1.0
P885,2015-11-20,0.0,0.0
P885,2015-11-24,0.150000006,1.0
P885,2015-11-25,0.159999996,0.0
P885,2015-11-27,0.07,1.0
P885,2015-11-29,0.170000002,1.0
P885,2015-12-02,0.050000001,1.0
P885,2015-12-03,0.170000002,1.0
P885,2015-12-10,0.039999999,1.0
P885,2015-12-16,0.02,0.0
P885,2015-12-19,0.039999999,1.0
P885,2015-12-21,0.0649999975,1.0
P885,2015-12-23,0.170000002,0.0
P885,2015-12-26,0.11333333466666666,0.6666666666666666
P885,2015-12-28,0.129999995,0.0
P885,2015-12-29,0.034999999000000004,0.5
P885,2016-01-01,0.129999995,0.0
P885,2016-01-02,0.12000000100000001,1.0
P885,2016-01-04,0.150000006,1.0
P885,2016-01-08,0.02,1.0
P885,2016-01-10,0.07,0.0
P885,2016-01-14,0.0699999985,0.5
P885,2016-01-16,0.02,1.0
P885,2016-01-21,0.170000002,0.0
P885,2016-01-26,0.190000005,1.0
P885,2016-01-28,0.02,1.0
P885,2016-02-01,0.129999995,1.0
P885,2016-02-08,0.029999999,1.0
P885,2016-02-12,0.100000001,1.0
P885,2016-02-13,0.029999999,1.0
P885,2016-02-14,0.0249999995,1.0
P885,2016-02-23,0.150000006,0.0
P885,2016-02-24,0.16000000366666667,0.3333333333333333
P885,2016-02-27,0.150000006,1.0
P885,2016-03-01,0.150000006,1.0
P885,2016-03-03,0.100000001,1.0
P885,2016-03-10,0.16,0.5
P885,2016-03-15,0.059999999,1.0
P885,2016-03-18,0.030000000500000002,1.0
P885,2016-03-21,0.119999997,1.0
P885,2016-03-24,0.170000002,1.0
P885,2016-03-27,0.029999999,1.0
P885,2016-03-28,0.0,0.0
P885,2016-03-30,0.150000006,1.0
P885,2016-04-03,0.08,0.0
P885,2016-04-09,0.039999999,1.0
P885,2016-04-10,0.090000004,1.0
P885,2016-04-13,0.119999997,1.0
P885,2016-04-15,0.25,0.0
P885,2016-04-16,0.0,0.0
P885,2016-04-18,0.129999995,1.0
P885,2016-04-20,0.180000007,0.0
P885,2016-04-23,0.150000006,0.0
P885,2016-04-24,0.0950000025,1.0
P885,2016-04-25,0.045,1.0
P885,2016-04-30,0.08,0.0
P885,2016-05-02,0.129999995,0.0
P885,2016-05-03,0.050000001999999995,1.0
P885,2016-05-04,0.059999999,0.0
P885,2016-05-06,0.039999999,0.0
P885,2016-05-08,0.0249999995,0.5
P885,2016-05-11,0.01,1.0
P885,2016-05-12,0.0,0.0
P885,2016-05-13,0.100000001,1.0
P885,2016-05-19,0.0,0.0
P885,2016-05-20,0.07,1.0
P885,2016-05-23,0.120000003,0.0
P885,2016-05-26,0.180000007,0.0
P885,2016-06-02,0.200000003,1.0
P885,2016-06-11,0.039999999,1.0
P885,2016-06-15,0.25,0.0
P885,2016-06-19,0.164999999,1.0
P885,2016-06-20,0.159999996,1.0
P885,2016-06-23,0.0,1.0
P885,2016-06-25,0.100000001,1.0
P885,2016-06-26,0.01,1.0
P885,2016-06-28,0.0950000025,0.5
P885,2016-06-30,0.01,1.0
P885,2016-07-01,0.17000000199999998,0.5
P885,2016-07-04,0.0,0.0
P885,2016-07-06,0.0199999995,0.0
P885,2016-07-15,0.25,1.0
P885,2016-07-16,0.089999998,1.0
P885,2016-07-21,0.159999996,0.0
P885,2016-07-25,0.129999995,0.0
P885,2016-07-28,0.02,1.0
P885,2016-08-09,0.01,1.0
P885,2016-08-21,0.01,1.0
P885,2016-08-26,0.02,1.0
P885,2016-08-27,0.0,1.0
P885,2016-08-31,0.0,1.0
P885,2016-09-05,0.050000001,0.0
P885,2016-09-07,0.119999997,0.0
P885,2016-09-09,0.140000004,0.5
P885,2016-09-17,0.159999996,1.0
P885,2016-09-18,0.159999996,0.0
P885,2016-09-19,0.119999997,1.0
P885,2016-09-23,0.050000001,0.0
P885,2016-09-24,0.059999999,1.0
P885,2016-09-25,0.029999999,1.0
P885,2016-09-28,0.01,0.0
P885,2016-09-29,0.0,1.0
P885,2016-09-30,0.0199999995,1.0
P885,2016-10-09,0.07,1.0
P885,2016-10-10,0.07,0.0
P885,2016-10-11,0.050000001,1.0
P885,2016-10-12,0.034999999000000004,1.0
P885,2016-10-17,0.119999997,1.0
P885,2016-10-21,0.180000007,0.0
P885,2016-10-22,0.07,0.0
P885,2016-10-23,0.0,1.0
P885,2016-10-30,0.170000002,0.0
P885,2016-11-03,0.129999995,1.0
P885,2016-11-05,0.180000007,1.0
P885,2016-11-11,0.090000004,1.0
P885,2016-11-17,0.150000006,1.0
P885,2016-11-18,0.059999999,1.0
P885,2016-11-22,0.25,1.0
P885,2016-11-23,0.119999997,0.0
P885,2016-11-24,0.170000002,1.0
P885,2016-11-25,0.10666666333333334,0.3333333333333333
P885,2016-11-26,0.150000006,1.0
P885,2016-11-28,0.170000002,1.0
P885,2016-12-03,0.119999997,1.0
P885,2016-12-04,0.150000006,0.0
P885,2016-12-06,0.07500000100000001,0.5
P885,2016-12-07,0.1150000005,1.0
P885,2016-12-08,0.059999999,0.0
P885,2016-12-09,0.07,1.0
P885,2016-12-10,0.07,0.0
P885,2016-12-11,0.02,1.0
P885,2016-12-16,0.029999999,1.0
P885,2016-12-18,0.21500000349999998,0.5
P885,2016-12-19,0.129999995,1.0
P885,2016-12-20,0.164999999,0.0
P885,2016-12-25,0.170000002,1.0
P885,2016-12-30,0.050000001,0.0
P885,2017-01-01,0.0900000025,0.5
P885,2017-01-04,0.119999997,1.0
P885,2017-01-05,0.0,0.0
P885,2017-01-06,0.129999995,1.0
P885,2017-01-07,0.090000004,1.0
P885,2017-01-14,0.050000001,1.0
P885,2017-01-17,0.095000001,0.0
P885,2017-02-01,0.04,0.5
P885,2017-02-03,0.029999999,1.0
P885,2017-02-05,0.07000000033333333,0.0
P885,2017-02-07,0.1750000045,0.5
P885,2017-02-08,0.180000007,1.0
P885,2017-02-19,0.119999997,0.0
P885,2017-02-24,0.01,0.0
P885,2017-02-28,0.07,0.5
P885,2017-03-06,0.050000001,1.0
P885,2017-03-08,0.1000000015,1.0
P885,2017-03-12,0.029999999,1.0
P885,2017-03-14,0.039999999,0.0
P885,2017-03-18,0.01,1.0
P885,2017-04-01,0.02,1.0
P885,2017-04-04,0.050000001,1.0
P885,2017-04-05,0.119999997,0.0
P885,2017-04-06,0.119999997,1.0
P885,2017-04-17,0.0,0.0
P885,2017-04-22,0.150000006,1.0
P886,2015-01-01,0.150000006,0.0
P886,2015-01-02,0.25,1.0
P886,2015-01-07,0.150000006,1.0
P886,2015-01-08,0.25,1.0
P886,2015-01-14,0.170000002,0.0
P886,2015-01-16,0.100000001,0.0
P886,2015-01-19,0.01,0.0
P886,2015-01-21,0.170000002,1.0
P886,2015-01-25,0.07,0.0
P886,2015-01-26,0.07,0.0
P886,2015-01-27,0.059999999,0.5
P886,2015-01-30,0.050000001,1.0
P886,2015-02-05,0.150000006,0.0
P886,2015-02-11,0.005,0.0
P886,2015-02-13,0.25,0.0
P886,2015-02-16,0.07,1.0
P886,2015-02-20,0.25,0.0
P886,2015-02-21,0.1449999955,0.5
P886,2015-02-22,0.15499999949999999,1.0
P886,2015-02-23,0.129999995,1.0
P886,2015-02-24,0.119999997,0.0
P886,2015-02-26,0.170000002,0.0
P886,2015-02-27,0.090000004,1.0
P886,2015-03-03,0.059999999,1.0
P886,2015-03-04,0.0,1.0
P886,2015-03-07,0.02,0.0
P886,2015-03-08,0.150000006,1.0
P886,2015-03-09,0.005,1.0
P886,2015-03-21,0.094999997,0.5
P886,2015-03-22,0.119999997,1.0
P886,2015-03-27,0.200000003,0.0
P886,2015-03-28,0.050000001,0.0
P886,2015-03-29,0.07,0.0
P886,2015-04-04,0.10000000349999999,0.5
P886,2015-04-10,0.089999998,1.0
P886,2015-04-11,0.07,0.0
P886,2015-04-18,0.129999995,0.0
P886,2015-04-19,0.080000002,0.0
P886,2015-04-20,0.050000001,1.0
P886,2015-04-25,0.170000002,0.0
P886,2015-04-29,0.01,1.0
P886,2015-04-30,0.129999995,1.0
P886,2015-05-02,0.029999999,0.0
P886,2015-05-11,0.100000001,1.0
P886,2015-05-12,0.060000000500000004,1.0
P886,2015-05-16,0.059999999,0.0
P886,2015-05-20,0.180000007,1.0
P886,2015-05-25,0.129999995,1.0
P886,2015-05-29,0.07,0.0
P886,2015-05-30,0.059999999,1.0
P886,2015-06-02,0.100000001,1.0
P886,2015-06-06,0.090000004,0.0
P886,2015-06-08,0.07,1.0
P886,2015-06-14,0.039999999,0.0
P886,2015-06-18,0.25,1.0
P886,2015-06-20,0.180000007,1.0
P886,2015-06-22,0.159999996,0.0
P886,2015-06-27,0.0950000025,1.0
P886,2015-06-30,0.0499999995,0.0
P886,2015-07-01,0.090000004,1.0
P886,2015-07-04,0.0,0.0
P886,2015-07-05,0.100000001,0.0
P886,2015-07-06,0.100000001,1.0
P886,2015-07-11,0.180000007,1.0
P886,2015-07-21,0.01,1.0
P886,2015-07-23,0.059999999,1.0
P886,2015-08-04,0.129999995,1.0
P886,2015-08-05,0.0,1.0
P886,2015-08-07,0.100000001,1.0
P886,2015-08-09,0.090000004,0.0
P886,2015-08-15,0.180000007,1.0
P886,2015-08-16,0.0,0.0
P886,2015-08-20,0.02,0.0
P886,2015-08-21,0.039999999,1.0
P886,2015-08-25,0.01,0.0
P886,2015-08-27,0.0199999995,0.0
P886,2015-08-28,0.100000001,0.0
P886,2015-08-31,0.050000001,0.0
P886,2015-09-01,0.07,0.0
P886,2015-09-03,0.170000002,0.0
P886,2015-09-06,0.159999996,0.0
P886,2015-09-08,0.029999999,1.0
P886,2015-09-12,0.13,1.0
P886,2015-09-18,0.159999996,1.0
P886,2015-09-20,0.10000000349999999,0.0
P886,2015-09-22,0.059999999,0.0
P886,2015-09-23,0.029999999,0.5
P886,2015-09-25,0.01,1.0
P886,2015-09-27,0.039999999,1.0
P886,2015-10-02,0.07,0.0
P886,2015-10-06,0.050000001,1.0
P886,2015-10-07,0.159999996,1.0
P886,2015-10-12,0.25,1.0
P886,2015-10-13,0.150000006,0.0
P886,2015-10-15,0.1000000015,0.5
P886,2015-10-17,0.180000007,1.0
P886,2015-10-18,0.150000006,0.0
P886,2015-10-20,0.150000006,1.0
P886,2015-10-21,0.089999998,0.5
P886,2015-10-27,0.02,0.0
P886,2015-11-07,0.039999999,1.0
P886,2015-11-11,0.059999999,1.0
P886,2015-11-12,0.11333333699999999,0.3333333333333333
P886,2015-11-13,0.129999995,0.0
P886,2015-11-19,0.200000003,1.0
P886,2015-11-20,0.1750000045,0.5
P886,2015-11-22,0.159999996,1.0
P886,2015-11-25,0.059999999,1.0
P886,2015-11-26,0.07,0.5
P886,2015-11-27,0.150000006,1.0
P886,2015-11-28,0.25,1.0
P886,2015-11-29,0.083333332,0.6666666666666666
P886,2015-12-02,0.02,1.0
P886,2015-12-09,0.01,1.0
P886,2015-12-16,0.02,1.0
P886,2015-12-20,0.2250000015,0.5
P886,2015-12-27,0.050000001,0.0
P886,2015-12-31,0.0949999985,0.0
P886,2016-01-10,0.15333333366666665,0.6666666666666666
P886,2016-01-12,0.0,1.0
P886,2016-01-15,0.07,1.0
P886,2016-01-17,0.129999995,0.0
P886,2016-01-18,0.08,1.0
P886,2016-01-19,0.01,0.0
P886,2016-01-22,0.20499999800000002,0.5
P886,2016-01-25,0.180000007,0.0
P886,2016-01-28,0.159999996,1.0
P886,2016-01-30,0.100000001,0.0
P886,2016-02-04,0.07,1.0
P886,2016-02-10,0.059999999,1.0
P886,2016-02-11,0.050000001,1.0
P886,2016-02-16,0.01,1.0
P886,2016-02-20,0.0,1.0
P886,2016-02-23,0.0,0.0
P886,2016-02-25,0.159999996,1.0
P886,2016-02-28,0.1650000065,0.0
P886,2016-03-06,0.07,0.0
P886,2016-03-14,0.090000004,0.0
P886,2016-03-19,0.180000007,0.0
P886,2016-03-20,0.0,1.0
P886,2016-03-24,0.180000007,1.0
P886,2016-03-28,0.150000006,0.0
P886,2016-03-30,0.159999996,0.0
P886,2016-03-31,0.129999995,1.0
P886,2016-04-01,0.090000004,0.0
P886,2016-04-13,0.029999999,1.0
P886,2016-04-14,0.01,0.0
P886,2016-04-15,0.159999996,0.0
P886,2016-04-16,0.170000002,0.0
P886,2016-04-20,0.170000002,1.0
P886,2016-04-26,0.0749999975,1.0
P886,2016-05-01,0.02,1.0
P886,2016-05-05,0.050000001,1.0
P886,2016-05-09,0.159999996,1.0
P886,2016-05-12,0.25,1.0
P886,2016-05-13,0.180000007,1.0
P886,2016-05-19,0.01,0.0
P886,2016-05-24,0.01,1.0
P886,2016-05-31,0.090000004,0.0
P886,2016-06-01,0.059999999,1.0
P886,2016-06-07,0.0,1.0
P886,2016-06-14,0.0,1.0
P886,2016-06-21,0.029999999,1.0
P886,2016-07-07,0.04,0.3333333333333333
P886,2016-07-09,0.029999999,1.0
P886,2016-07-11,0.039999999,0.0
P886,2016-07-20,0.170000002,1.0
P886,2016-07-21,0.170000002,1.0
P886,2016-07-25,0.1400000005,0.5
P886,2016-07-26,0.25,1.0
P886,2016-08-02,0.109999999,0.0
P886,2016-08-15,0.050000001,0.0
P886,2016-08-22,0.25,0.0
P886,2016-09-03,0.029999999,1.0
P886,2016-09-04,0.129999995,0.0
P886,2016-09-09,0.039999999,0.0
P886,2016-09-12,0.029999999,0.0
P886,2016-09-17,0.07,0.0
P886,2016-09-18,0.129999995,1.0
P886,2016-09-30,0.02,0.0
P886,2016-10-06,0.159999996,1.0
P886,2016-10-08,0.050000001,1.0
P886,2016-10-11,0.059999999,0.0
P886,2016-10-12,0.059999999,1.0
P886,2016-10-22,0.02,1.0
P886,2016-10-26,0.200000003,1.0
P886,2016-10-28,0.170000002,0.0
P886,2016-10-30,0.180000007,1.0
P886,2016-11-17,0.159999996,0.0
P886,2016-11-18,0.02,1.0
P886,2016-11-21,0.200000003,0.0
P886,2016-11-22,0.059999999,1.0
P886,2016-11-25,0.02,1.0
P886,2016-11-29,0.07,1.0
P886,2016-12-05,0.07,0.0
P886,2016-12-07,0.119999997,1.0
P886,2016-12-12,0.029999999,1.0
P886,2016-12-15,0.01,0.0
P886,2016-12-17,0.01,1.0
P886,2016-12-19,0.159999996,1.0
P886,2016-12-22,0.07,1.0
P886,2016-12-31,0.0950000025,1.0
P886,2017-01-04,0.01,0.0
P886,2017-01-10,0.180000007,1.0
P886,2017-01-11,0.150000006,0.0
P886,2017-01-16,0.029999999,0.0
P886,2017-01-20,0.105000003,1.0
P886,2017-01-21,0.150000006,0.0
P886,2017-01-23,0.129999995,0.0
P886,2017-01-25,0.150000006,1.0
P886,2017-01-26,0.119999997,1.0
P886,2017-01-28,0.129999995,0.0
P886,2017-01-29,0.055000002,1.0
P886,2017-02-02,0.059999999,1.0
P886,2017-02-04,0.150000006,1.0
P886,2017-02-06,0.16,0.5
P886,2017-02-13,0.02,1.0
P886,2017-02-16,0.150000006,1.0
P886,2017-02-19,0.090000004,1.0
P886,2017-02-20,0.1050000005,0.5
P886,2017-02-23,0.180000007,0.0
P886,2017-03-01,0.119999997,1.0
P886,2017-03-02,0.039999999,1.0
P886,2017-03-03,0.0,1.0
P886,2017-03-04,0.07,0.0
P886,2017-03-07,0.050000001,1.0
P886,2017-03-10,0.180000007,0.0
P886,2017-03-11,0.170000002,0.0
P886,2017-03-13,0.090000004,0.0
P886,2017-03-15,0.159999996,0.0
P886,2017-03-17,0.08499999899999999,1.0
P886,2017-03-18,0.0149999995,1.0
P886,2017-03-21,0.200000003,0.0
P886,2017-03-28,0.08500000299999999,0.0
P886,2017-04-02,0.07,0.5
P886,2017-04-05,0.200000003,0.0
P886,2017-04-06,0.18499999849999998,1.0
P886,2017-04-09,0.25,0.0
P886,2017-04-11,0.13666666933333335,0.6666666666666666
P886,2017-04-15,0.065,0.0
P886,2017-04-16,0.25,1.0
P886,2017-04-20,0.150000006,1.0
P886,2017-04-21,0.170000002,0.0
P893,2015-01-08,0.0,1.0
P893,2015-01-10,0.129999995,1.0
P893,2015-01-11,0.05499999950000001,0.5
P893,2015-01-14,0.159999996,0.0
P893,2015-01-18,0.170000002,0.0
P893,2015-01-25,0.25,1.0
P893,2015-01-31,0.170000002,0.0
P893,2015-02-01,0.059999999,1.0
P893,2015-02-04,0.1000000015,1.0
P893,2015-02-05,0.129999995,1.0
P893,2015-02-14,0.059999999,1.0
P893,2015-02-15,0.090000004,0.0
P893,2015-02-16,0.0,1.0
P893,2015-02-24,0.180000007,1.0
P893,2015-02-25,0.155000001,0.0
P893,2015-02-27,0.059999999,1.0
P893,2015-03-03,0.050000001,1.0
P893,2015-03-04,0.039999999,0.0
P893,2015-03-06,0.25,0.0
P893,2015-03-12,0.200000003,0.0
P893,2015-03-14,0.090000004,1.0
P893,2015-03-15,0.119999997,0.0
P893,2015-03-20,0.090000004,1.0
P893,2015-03-22,0.0,0.0
P893,2015-03-26,0.039999999,0.0
P893,2015-03-28,0.10333333666666666,0.6666666666666666
P893,2015-04-02,0.25,1.0
P893,2015-04-03,0.129999995,0.0
P893,2015-04-04,0.170000002,1.0
P893,2015-04-08,0.059999999,0.0
P893,2015-04-12,0.200000003,1.0
P893,2015-04-13,0.25,1.0
P893,2015-04-17,0.200000003,0.0
P893,2015-04-18,0.119999997,0.5
P893,2015-04-20,0.25,0.0
P893,2015-04-24,0.050000001,0.0
P893,2015-05-03,0.01,0.0
P893,2015-05-07,0.0950000035,0.5
P893,2015-05-08,0.129999995,1.0
P893,2015-05-09,0.0,0.0
P893,2015-05-10,0.090000004,1.0
P893,2015-05-14,0.129999995,0.0
P893,2015-05-18,0.180000007,1.0
P893,2015-05-21,0.02,1.0
P893,2015-05-27,0.090000004,1.0
P893,2015-05-28,0.159999996,0.0
P893,2015-05-30,0.07,0.0
P893,2015-06-02,0.10000000349999999,0.5
P893,2015-06-07,0.159999996,1.0
P893,2015-06-08,0.0950000025,0.5
P893,2015-06-12,0.119999997,1.0
P893,2015-06-16,0.01,1.0
P893,2015-06-18,0.07,0.0
P893,2015-06-19,0.059999999,0.0
P893,2015-06-22,0.200000003,1.0
P893,2015-06-23,0.129999995,1.0
P893,2015-06-24,0.119999997,0.0
P893,2015-06-27,0.090000004,0.0
P893,2015-07-03,0.200000003,0.0
P893,2015-07-04,0.100000001,1.0
P893,2015-07-06,0.039999999,1.0
P893,2015-07-09,0.10500000150000001,1.0
P893,2015-07-15,0.150000006,0.0
P893,2015-07-18,0.119999997,0.0
P893,2015-07-20,0.170000002,1.0
P893,2015-07-21,0.0,1.0
P893,2015-07-22,0.029999999,0.0
P893,2015-07-23,0.059999999,1.0
P893,2015-07-25,0.029999999,1.0
P893,2015-07-29,0.135,1.0
P893,2015-08-04,0.01,1.0
P893,2015-08-08,0.0999999975,0.0
P893,2015-08-12,0.170000002,1.0
P893,2015-08-17,0.200000003,1.0
P893,2015-08-19,0.095000001,0.5
P893,2015-08-20,0.100000001,1.0
P893,2015-08-21,0.050000001,1.0
P893,2015-08-23,0.1399999995,0.5
P893,2015-08-31,0.059999999,0.0
P893,2015-09-01,0.01,1.0
P893,2015-09-04,0.050000001,1.0
P893,2015-09-09,0.1850000025,1.0
P893,2015-09-14,0.114999998,0.0
P893,2015-09-22,0.1050000025,1.0
P893,2015-09-23,0.039999999,1.0
P893,2015-10-01,0.050000001,1.0
P893,2015-10-04,0.119999997,1.0
P893,2015-10-06,0.1100000015,0.0
P893,2015-10-14,0.129999995,1.0
P893,2015-10-17,0.159999996,1.0
P893,2015-10-18,0.059999999,0.0
P893,2015-10-20,0.159999996,1.0
P893,2015-10-21,0.170000002,0.0
P893,2015-10-26,0.119999997,1.0
P893,2015-10-30,0.059999999,0.0
P893,2015-11-03,0.07,1.0
P893,2015-11-05,0.02,0.0
P893,2015-11-08,0.25,1.0
P893,2015-11-13,0.039999999,1.0
P893,2015-11-16,0.02,1.0
P893,2015-11-20,0.200000003,0.0
P893,2015-11-21,0.180000007,1.0
P893,2015-11-26,0.119999997,1.0
P893,2015-11-28,0.02,1.0
P893,2015-11-29,0.090000004,0.0
P893,2015-12-09,0.050000001,1.0
P893,2015-12-16,0.190000005,0.0
P893,2015-12-17,0.25,1.0
P893,2015-12-20,0.180000007,1.0
P893,2015-12-21,0.119999997,0.0
P893,2015-12-28,0.119999997,1.0
P893,2016-01-07,0.100000001,1.0
P893,2016-01-10,0.1450000035,0.5
P893,2016-01-12,0.25,0.0
P893,2016-01-28,0.129999995,0.0
P893,2016-01-29,0.150000006,1.0
P893,2016-02-08,0.079999998,0.5
P893,2016-02-13,0.039999999,1.0
P893,2016-02-18,0.25,0.0
P893,2016-02-22,0.050000001,0.0
P893,2016-02-25,0.090000004,0.0
P893,2016-02-28,0.1350000055,0.0
P893,2016-03-02,0.02,1.0
P893,2016-03-03,0.100000001,1.0
P893,2016-03-04,0.050000001,0.0
P893,2016-03-06,0.01,0.0
P893,2016-03-09,0.0,1.0
P893,2016-03-12,0.129999995,1.0
P893,2016-03-14,0.180000007,1.0
P893,2016-03-21,0.034999999000000004,0.0
P893,2016-03-22,0.02,1.0
P893,2016-03-23,0.200000003,0.0
P893,2016-03-24,0.079999998,1.0
P893,2016-03-28,0.159999996,1.0
P893,2016-03-29,0.129999995,0.0
P893,2016-03-31,0.100000001,1.0
P893,2016-04-02,0.059999999,0.0
P893,2016-04-09,0.10999999966666667,0.6666666666666666
P893,2016-04-10,0.029999999,1.0
P893,2016-04-13,0.129999995,1.0
P893,2016-04-15,0.170000002,1.0
P893,2016-04-16,0.129999995,0.0
P893,2016-04-17,0.090000004,0.0
P893,2016-04-25,0.25,1.0
P893,2016-04-28,0.0,1.0
P893,2016-05-01,0.050000001,0.0
P893,2016-05-06,0.039999999,0.0
P893,2016-05-07,0.25,0.0
P893,2016-05-08,0.11500000399999999,0.5
P893,2016-05-11,0.150000006,0.0
P893,2016-05-12,0.200000003,1.0
P893,2016-05-14,0.170000002,1.0
P893,2016-05-28,0.0149999995,0.5
P893,2016-05-31,0.150000006,1.0
P893,2016-06-02,0.039999999,0.0
P893,2016-06-05,0.053333334,0.3333333333333333
P893,2016-06-07,0.02,0.0
P893,2016-06-13,0.0,0.5
P893,2016-06-17,0.180000007,1.0
P893,2016-06-18,0.1650000065,0.5
P893,2016-06-19,0.0,0.0
P893,2016-06-22,0.07,0.0
P893,2016-06-25,0.119999997,1.0
P893,2016-06-28,0.090000004,1.0
P893,2016-07-07,0.1100000015,0.5
P893,2016-07-08,0.01,1.0
P893,2016-07-11,0.029999999,1.0
P893,2016-07-17,0.01,0.0
P893,2016-08-12,0.07,1.0
P893,2016-08-19,0.02,1.0
P893,2016-08-26,0.25,1.0
P893,2016-08-27,0.200000003,0.5
P893,2016-08-28,0.119999997,1.0
P893,2016-08-30,0.047499999,0.75
P893,2016-09-07,0.200000003,0.0
P893,2016-09-09,0.090000004,1.0
P893,2016-09-13,0.25,1.0
P893,2016-09-17,0.059999999,0.0
P893,2016-09-22,0.05499999950000001,0.5
P893,2016-09-29,0.090000004,1.0
P893,2016-09-30,0.25,1.0
P893,2016-10-02,0.200000003,1.0
P893,2016-10-03,0.25,0.0
P893,2016-10-04,0.159999996,0.0
P893,2016-10-06,0.150000006,1.0
P893,2016-10-09,0.100000001,1.0
P893,2016-10-12,0.25,1.0
P893,2016-10-13,0.150000006,0.0
P893,2016-10-21,0.125,0.5
P893,2016-10-22,0.039999999,1.0
P893,2016-10-26,0.21500000349999998,0.0
P893,2016-10-28,0.180000007,0.0
P893,2016-10-29,0.09000000100000001,0.0
P893,2016-10-31,0.155000001,0.5
P893,2016-11-07,0.01,1.0
P893,2016-11-09,0.119999997,0.0
P893,2016-11-11,0.07,0.0
P893,2016-11-14,0.100000001,0.0
P893,2016-11-15,0.059999999,1.0
P893,2016-11-16,0.03666666666666667,0.6666666666666666
P893,2016-11-18,0.050000001,1.0
P893,2016-11-21,0.25,0.0
P893,2016-11-25,0.090000004,1.0
P893,2016-11-27,0.180000007,0.0
P893,2016-11-28,0.129999995,1.0
P893,2016-12-07,0.200000003,0.0
P893,2016-12-12,0.07,1.0
P893,2016-12-13,0.050000001,1.0
P893,2016-12-15,0.039999999,0.0
P893,2016-12-17,0.25,1.0
P893,2016-12-21,0.090000004,1.0
P893,2016-12-25,0.150000006,1.0
P893,2016-12-30,0.029999999,1.0
P893,2017-01-08,0.200000003,1.0
P893,2017-01-10,0.25,0.0
P893,2017-01-21,0.159999996,1.0
P893,2017-01-22,0.0,1.0
P893,2017-01-24,0.170000002,0.0
P893,2017-01-25,0.159999996,0.0
P893,2017-01-26,0.1750000005,0.5
P893,2017-01-27,0.02,1.0
P893,2017-01-28,0.07,0.0
P893,2017-01-29,0.07,1.0
P893,2017-02-04,0.050000001,1.0
P893,2017-02-09,0.02,1.0
P893,2017-02-10,0.159999996,1.0
P893,2017-02-11,0.0249999995,0.5
P893,2017-02-16,0.050000001,0.0
P893,2017-02-19,0.129999995,0.0
P893,2017-02-21,0.01,0.0
P893,2017-02-25,0.159999996,0.0
P893,2017-03-06,0.02,1.0
P893,2017-03-08,0.159999996,0.0
P893,2017-03-09,0.059999999,0.0
P893,2017-03-10,0.01,0.0
P893,2017-03-19,0.190000005,0.5
P893,2017-03-21,0.129999995,0.0
P893,2017-04-04,0.02,1.0
P893,2017-04-05,0.0,1.0
P893,2017-04-08,0.029999999,1.0
P893,2017-04-10,0.119999997,0.0
P893,2017-04-12,0.01,1.0
P893,2017-04-13,0.170000002,0.0
P893,2017-04-14,0.170000002,0.0
P893,2017-04-16,0.159999996,0.0
P893,2017-04-19,0.1350000015,1.0
P893,2017-04-21,0.129999995,1.0
P897,2015-01-01,0.190000005,1.0
P897,2015-01-05,0.159999996,1.0
P897,2015-01-11,0.090000004,0.0
P897,2015-01-24,0.25,0.0
P897,2015-01-31,0.050000001,1.0
P897,2015-02-18,0.029999999,0.0
P897,2015-02-19,0.059999999,1.0
P897,2015-02-25,0.100000001,0.0
P897,2015-03-09,0.07,1.0
P897,2015-03-12,0.180000007,0.0
P897,2015-03-14,0.170000002,0.0
P897,2015-03-17,0.150000006,0.0
P897,2015-03-18,0.159999996,0.0
P897,2015-03-22,0.090000004,1.0
P897,2015-03-24,0.07,1.0
P897,2015-03-25,0.050000001,0.0
P897,2015-03-27,0.02,1.0
P897,2015-03-28,0.170000002,1.0
P897,2015-04-03,0.039999999,0.0
P897,2015-04-04,0.01,0.0
P897,2015-04-15,0.170000002,1.0
P897,2015-05-05,0.119999997,1.0
P897,2015-05-08,0.02,0.0
P897,2015-05-14,0.159999996,0.0
P897,2015-05-16,0.050000001,1.0
P897,2015-05-17,0.090000004,1.0
P897,2015-05-19,0.044999999,1.0
P897,2015-05-25,0.200000003,0.0
P897,2015-05-28,0.200000003,1.0
P897,2015-05-30,0.150000006,1.0
P897,2015-05-31,0.129999995,0.0
P897,2015-06-04,0.039999999,1.0
P897,2015-06-05,0.0,0.0
P897,2015-06-13,0.0,0.0
P897,2015-06-15,0.029999999,0.0
P897,2015-06-17,0.0,0.0
P897,2015-06-20,0.059999999,0.0
P897,2015-06-29,0.200000003,1.0
P897,2015-06-30,0.02,1.0
P897,2015-07-03,0.050000001,1.0
P897,2015-07-07,0.200000003,0.0
P897,2015-07-08,0.029999999,1.0
P897,2015-07-11,0.0,1.0
P897,2015-07-12,0.170000002,1.0
P897,2015-07-15,0.119999997,1.0
P897,2015-07-21,0.119999997,1.0
P897,2015-07-24,0.039999999,0.0
P897,2015-07-29,0.129999995,0.0
P897,2015-08-06,0.119999997,1.0
P897,2015-08-15,0.200000003,0.0
P897,2015-08-19,0.0949999985,1.0
P897,2015-08-23,0.090000004,0.0
P897,2015-08-28,0.25,1.0
P897,2015-08-29,0.0900000025,1.0
P897,2015-08-30,0.090000004,1.0
P897,2015-09-03,0.059999999,0.0
P897,2015-09-04,0.039999999,0.0
P897,2015-09-05,0.159999996,1.0
P897,2015-09-09,0.180000007,0.0
P897,2015-09-11,0.0,1.0
P897,2015-09-14,0.119999997,0.0
P897,2015-09-30,0.100000001,0.0
P897,2015-10-02,0.200000003,1.0
P897,2015-10-05,0.029999999,1.0
P897,2015-10-10,0.02,0.0
P897,2015-10-13,0.0,1.0
P897,2015-10-17,0.1450000035,1.0
P897,2015-10-22,0.129999995,0.0
P897,2015-10-24,0.159999996,0.0
P897,2015-10-25,0.0499999995,0.0
P897,2015-10-28,0.25,0.0
P897,2015-10-29,0.0649999975,1.0
P897,2015-10-31,0.180000007,1.0
P897,2015-11-02,0.170000002,0.0
P897,2015-11-03,0.050000001,1.0
P897,2015-11-06,0.05499999950000001,0.0
P897,2015-11-07,0.129999995,0.0
P897,2015-11-09,0.119999997,0.0
P897,2015-11-10,0.02,1.0
P897,2015-11-12,0.050000001,0.0
P897,2015-11-14,0.07,1.0
P897,2015-11-16,0.074999998,1.0
P897,2015-11-20,0.25,0.0
P897,2015-11-23,0.170000002,1.0
P897,2015-11-26,0.159999996,1.0
P897,2015-11-29,0.159999996,0.0
P897,2015-12-06,0.0299999995,1.0
P897,2015-12-22,0.100000001,1.0
P897,2015-12-24,0.200000003,0.0
P897,2015-12-25,0.159999996,1.0
P897,2015-12-30,0.129999995,1.0
P897,2016-01-01,0.055,0.0
P897,2016-01-03,0.200000003,0.0
P897,2016-01-04,0.159999996,1.0
P897,2016-01-05,0.100000001,1.0
P897,2016-01-07,0.015,0.5
P897,2016-01-11,0.050000001,1.0
P897,2016-01-13,0.180000007,1.0
P897,2016-01-22,0.150000006,1.0
P897,2016-01-25,0.200000003,1.0
P897,2016-01-28,0.119999997,0.0
P897,2016-02-01,0.090000004,1.0
P897,2016-02-02,0.159999996,1.0
P897,2016-02-08,0.050000001,1.0
P897,2016-02-13,0.02,1.0
P897,2016-02-14,0.0,0.0
P897,2016-02-15,0.02,1.0
P897,2016-02-19,0.119999997,0.0
P897,2016-02-23,0.170000002,0.0
P897,2016-02-24,0.170000002,0.0
P897,2016-02-28,0.170000002,0.0
P897,2016-03-02,0.164999999,1.0
P897,2016-03-03,0.119999997,0.0
P897,2016-03-09,0.119999997,0.0
P897,2016-03-12,0.02,1.0
P897,2016-03-15,0.045000000000000005,0.0
P897,2016-03-21,0.059999999,1.0
P897,2016-03-24,0.25,1.0
P897,2016-03-26,0.170000002,0.0
P897,2016-03-30,0.170000002,0.0
P897,2016-04-04,0.050000001,1.0
P897,2016-04-05,0.0199999995,0.5
P897,2016-04-09,0.07000000249999999,0.5
P897,2016-04-10,0.0999999975,0.5
P897,2016-04-11,0.059999999,0.0
P897,2016-04-12,0.02,1.0
P897,2016-04-15,0.150000006,0.0
P897,2016-04-18,0.100000001,0.0
P897,2016-04-20,0.200000003,0.0
P897,2016-04-22,0.050000001,0.0
P897,2016-04-24,0.093333334,0.6666666666666666
P897,2016-04-30,0.129999995,1.0
P897,2016-05-04,0.170000002,0.0
P897,2016-05-06,0.029999999,0.0
P897,2016-05-07,0.200000003,1.0
P897,2016-05-08,0.170000002,0.0
P897,2016-05-12,0.129999995,0.0
P897,2016-05-13,0.029999999,0.0
P897,2016-05-20,0.039999999,1.0
P897,2016-05-22,0.100000001,0.0
P897,2016-05-23,0.090000004,1.0
P897,2016-05-24,0.090000004,1.0
P897,2016-05-26,0.059999999,1.0
P897,2016-05-27,0.050000001,1.0
P897,2016-06-03,0.25,1.0
P897,2016-06-07,0.159999996,0.0
P897,2016-06-08,0.07,0.0
P897,2016-06-21,0.129999995,1.0
P897,2016-06-25,0.119999997,0.0
P897,2016-06-27,0.07,1.0
P897,2016-06-28,0.119999997,1.0
P897,2016-07-03,0.0950000025,0.5
P897,2016-07-06,0.07,0.0
P897,2016-07-08,0.039999999,1.0
P897,2016-07-10,0.059999999,1.0
P897,2016-07-11,0.0250000005,1.0
P897,2016-07-15,0.200000003,0.0
P897,2016-07-17,0.119999997,1.0
P897,2016-07-18,0.01,0.0
P897,2016-07-20,0.12666667,0.3333333333333333
P897,2016-07-24,0.129999995,1.0
P897,2016-07-28,0.25,0.0
P897,2016-07-29,0.25,0.0
P897,2016-07-30,0.150000006,1.0
P897,2016-07-31,0.119999997,1.0
P897,2016-08-05,0.180000007,1.0
P897,2016-08-07,0.0649999995,1.0
P897,2016-08-09,0.07,1.0
P897,2016-08-10,0.059999999,1.0
P897,2016-08-11,0.039999999,0.0
P897,2016-08-14,0.0,0.0
P897,2016-08-16,0.039999999,1.0
P897,2016-08-22,0.01,1.0
P897,2016-08-28,0.180000007,0.0
P897,2016-08-30,0.170000002,1.0
P897,2016-09-01,0.155000001,1.0
P897,2016-09-03,0.25,1.0
P897,2016-09-04,0.170000002,0.0
P897,2016-09-05,0.100000001,1.0
P897,2016-09-07,0.100000001,0.0
P897,2016-09-10,0.180000007,0.0
P897,2016-09-18,0.150000006,1.0
P897,2016-09-22,0.049999999,0.5
P897,2016-09-26,0.039999999,0.0
P897,2016-10-01,0.200000003,1.0
P897,2016-10-05,0.1750000045,0.5
P897,2016-10-08,0.119999997,1.0
P897,2016-10-09,0.090000004,0.0
P897,2016-10-10,0.080000002,0.5
P897,2016-10-16,0.180000007,0.0
P897,2016-10-22,0.029999999,1.0
P897,2016-10-24,0.115000001,0.0
P897,2016-10-25,0.25,1.0
P897,2016-10-31,0.02,0.0
P897,2016-11-02,0.150000006,1.0
P897,2016-11-05,0.119999997,1.0
P897,2016-11-06,0.129999995,0.0
P897,2016-11-10,0.07,0.0
P897,2016-11-23,0.100000001,1.0
P897,2016-11-25,0.090000004,1.0
P897,2016-11-28,0.159999996,1.0
P897,2016-11-30,0.01,0.0
P897,2016-12-16,0.0,0.0
P897,2016-12-19,0.180000007,1.0
P897,2016-12-21,0.100000001,0.0
P897,2016-12-26,0.100000001,1.0
P897,2016-12-27,0.029999999,1.0
P897,2016-12-28,0.25,1.0
P897,2016-12-30,0.114999998,0.0
P897,2017-01-02,0.200000003,1.0
P897,2017-01-03,0.0749999975,1.0
P897,2017-01-04,0.100000001,0.0
P897,2017-01-05,0.090000004,1.0
P897,2017-01-11,0.180000007,1.0
P897,2017-01-12,0.060000000500000004,0.5
P897,2017-01-18,0.059999999,1.0
P897,2017-01-26,0.129999995,1.0
P897,2017-01-27,0.119999997,1.0
P897,2017-01-31,0.0649999995,0.5
P897,2017-02-05,0.21500000349999998,0.5
P897,2017-02-14,0.200000003,1.0
P897,2017-02-18,0.150000006,0.0
P897,2017-02-19,0.100000001,0.0
P897,2017-02-25,0.119999997,1.0
P897,2017-03-06,0.100000001,0.0
P897,2017-03-07,0.125,0.5
P897,2017-03-12,0.170000002,1.0
P897,2017-03-14,0.029999999,1.0
P897,2017-03-19,0.13500000150000002,0.5
P897,2017-03-20,0.100000001,1.0
P897,2017-03-21,0.170000002,1.0
P897,2017-03-26,0.05499999950000001,0.0
P897,2017-03-27,0.059999999,0.0
P897,2017-03-28,0.04333333366666667,0.3333333333333333
P897,2017-03-30,0.07,0.0
P897,2017-03-31,0.050000001,1.0
P897,2017-04-03,0.039999999,1.0
P897,2017-04-05,0.0,1.0
P897,2017-04-09,0.200000003,0.0
P897,2017-04-16,0.08499999800000001,0.5
P897,2017-04-22,0.119999997,1.0
P905,2015-01-03,0.180000007,0.0
P905,2015-01-07,0.07,1.0
P905,2015-01-11,0.129999995,0.0
P905,2015-01-12,0.119999997,1.0
P905,2015-01-13,0.02,1.0
P905,2015-01-14,0.050000001,0.0
P905,2015-01-18,0.02,1.0
P905,2015-01-23,0.0,0.0
P905,2015-01-24,0.090000004,1.0
P905,2015-01-31,0.039999999,0.0
P905,2015-02-01,0.059999999,0.0
P905,2015-02-10,0.100000001,0.0
P905,2015-02-12,0.09000000100000001,1.0
P905,2015-02-13,0.100000001,1.0
P905,2015-02-16,0.159999996,1.0
P905,2015-02-18,0.01,1.0
P905,2015-02-19,0.050000001,0.0
P905,2015-02-25,0.170000002,1.0
P905,2015-02-28,0.02,0.0
P905,2015-03-01,0.190000005,1.0
P905,2015-03-05,0.029999999,0.0
P905,2015-03-07,0.160000004,1.0
P905,2015-03-23,0.200000003,1.0
P905,2015-03-24,0.07,1.0
P905,2015-03-25,0.059999999,0.0
P905,2015-03-28,0.100000001,1.0
P905,2015-03-30,0.06999999750000001,0.5
P905,2015-03-31,0.0,0.0
P905,2015-04-02,0.200000003,0.0
P905,2015-04-03,0.029999999,0.0
P905,2015-04-05,0.159999996,0.0
P905,2015-04-07,0.01,0.0
P905,2015-04-08,0.0,1.0
P905,2015-04-12,0.180000007,0.0
P905,2015-04-19,0.029999999,1.0
P905,2015-04-22,0.129999995,1.0
P905,2015-04-23,0.090000004,1.0
P905,2015-04-29,0.25,0.0
P905,2015-05-04,0.039999999,1.0
P905,2015-05-10,0.180000007,0.0
P905,2015-05-13,0.02,1.0
P905,2015-05-14,0.200000003,0.0
P905,2015-05-15,0.119999997,0.0
P905,2015-05-17,0.0,0.0
P905,2015-05-22,0.0999999975,0.5
P905,2015-05-25,0.12666666566666665,1.0
P905,2015-06-02,0.180000007,0.0
P905,2015-06-03,0.1100000015,0.5
P905,2015-06-09,0.02,0.0
P905,2015-06-12,0.01,1.0
P905,2015-06-14,0.200000003,1.0
P905,2015-06-16,0.200000003,0.0
P905,2015-06-20,0.050000001,1.0
P905,2015-06-23,0.150000006,0.0
P905,2015-06-24,0.1650000065,0.5
P905,2015-06-26,0.100000001,1.0
P905,2015-06-30,0.039999999,1.0
P905,2015-07-02,0.25,1.0
P905,2015-07-03,0.25,1.0
P905,2015-07-08,0.13,1.0
P905,2015-07-12,0.170000002,1.0
P905,2015-07-13,0.155000001,0.0
P905,2015-07-14,0.159999996,0.0
P905,2015-07-18,0.164999999,1.0
P905,2015-07-19,0.090000004,1.0
P905,2015-07-24,0.01,0.0
P905,2015-07-30,0.07,1.0
P905,2015-08-06,0.200000003,1.0
P905,2015-08-11,0.1500000005,0.0
P905,2015-08-13,0.159999996,0.0
P905,2015-08-15,0.07,1.0
P905,2015-08-19,0.129999995,0.0
P905,2015-08-24,0.170000002,0.0
P905,2015-08-25,0.089999998,0.5
P905,2015-08-27,0.0,1.0
P905,2015-08-28,0.180000007,0.0
P905,2015-08-31,0.1400000005,1.0
P905,2015-09-09,0.180000007,1.0
P905,2015-09-14,0.12000000499999999,0.0
P905,2015-09-22,0.07500000100000001,0.5
P905,2015-10-01,0.129999995,0.0
P905,2015-10-04,0.100000001,1.0
P905,2015-10-07,0.1449999995,0.5
P905,2015-10-10,0.029999999,1.0
P905,2015-10-12,0.01,1.0
P905,2015-10-15,0.100000001,0.0
P905,2015-10-18,0.170000002,1.0
P905,2015-10-19,0.180000007,0.0
P905,2015-10-27,0.0,1.0
P905,2015-10-31,0.050000001,1.0
P905,2015-11-03,0.129999995,1.0
P905,2015-11-04,0.059999999,0.0
P905,2015-11-07,0.039999999,1.0
P905,2015-11-08,0.159999996,1.0
P905,2015-11-09,0.090000004,1.0
P905,2015-11-13,0.01,0.0
P905,2015-11-16,0.25,1.0
P905,2015-11-18,0.01,1.0
P905,2015-11-19,0.180000007,0.0
P905,2015-11-25,0.150000006,1.0
P905,2015-11-27,0.200000003,1.0
P905,2015-11-29,0.180000007,1.0
P905,2015-11-30,0.0950000025,0.0
P905,2015-12-02,0.059999999,0.0
P905,2015-12-03,0.039999999,1.0
P905,2015-12-06,0.013333333333333334,1.0
P905,2015-12-09,0.01,1.0
P905,2015-12-14,0.159999996,1.0
P905,2015-12-17,0.01,0.0
P905,2015-12-20,0.150000006,0.0
P905,2015-12-21,0.20499999800000002,0.5
P905,2015-12-29,0.100000001,1.0
P905,2015-12-31,0.090000004,0.0
P905,2016-01-06,0.119999997,1.0
P905,2016-01-07,0.039999999,1.0
P905,2016-01-09,0.0,1.0
P905,2016-01-11,0.049999999,0.5
P905,2016-01-12,0.029999999,0.0
P905,2016-01-14,0.090000004,1.0
P905,2016-01-15,0.170000002,0.0
P905,2016-01-18,0.090000004,1.0
P905,2016-01-26,0.07,1.0
P905,2016-01-27,0.170000002,1.0
P905,2016-02-04,0.090000004,0.0
P905,2016-02-06,0.07,0.0
P905,2016-02-09,0.07,0.0
P905,2016-02-12,0.039999999,1.0
P905,2016-02-14,0.170000002,0.0
P905,2016-02-21,0.21000000333333335,0.3333333333333333
P905,2016-02-22,0.200000003,1.0
P905,2016-02-24,0.25,0.0
P905,2016-03-09,0.090000004,1.0
P905,2016-03-13,0.01,0.0
P905,2016-03-14,0.039999999,0.0
P905,2016-03-22,0.02,1.0
P905,2016-03-23,0.015,0.5
P905,2016-03-27,0.02,1.0
P905,2016-04-03,0.119999997,1.0
P905,2016-04-04,0.090000004,0.0
P905,2016-04-12,0.039999999,0.0
P905,2016-04-15,0.200000003,0.0
P905,2016-04-19,0.0,0.0
P905,2016-04-21,0.01,1.0
P905,2016-04-22,0.159999996,0.0
P905,2016-04-23,0.170000002,0.0
P905,2016-04-24,0.0,1.0
P905,2016-04-29,0.150000006,1.0
P905,2016-05-03,0.100000001,0.0
P905,2016-05-06,0.050000001,0.0
P905,2016-05-08,0.159999996,0.0
P905,2016-05-10,0.150000006,1.0
P905,2016-05-11,0.129999995,1.0
P905,2016-05-14,0.170000002,1.0
P905,2016-05-20,0.129999995,1.0
P905,2016-05-21,0.200000003,0.0
P905,2016-05-22,0.150000006,0.0
P905,2016-05-23,0.050000001,0.0
P905,2016-05-24,0.029999999,1.0
P905,2016-05-25,0.159999996,0.0
P905,2016-05-26,0.170000002,0.0
P905,2016-05-29,0.25,0.0
P905,2016-05-31,0.100000001,1.0
P905,2016-06-01,0.059999999,1.0
P905,2016-06-10,0.100000001,0.0
P905,2016-06-13,0.25,0.0
P905,2016-06-14,0.180000007,1.0
P905,2016-06-15,0.159999996,0.0
P905,2016-06-17,0.170000002,1.0
P905,2016-06-19,0.01,0.0
P905,2016-06-29,0.050000001,0.0
P905,2016-07-07,0.07,1.0
P905,2016-07-10,0.090000004,0.0
P905,2016-07-18,0.0,1.0
P905,2016-07-20,0.159999996,0.0
P905,2016-07-25,0.07,0.0
P905,2016-07-27,0.02,0.0
P905,2016-08-02,0.150000006,1.0
P905,2016-08-05,0.090000004,0.0
P905,2016-08-08,0.119999997,0.0
P905,2016-08-14,0.25,1.0
P905,2016-08-22,0.02,1.0
P905,2016-08-28,0.129999995,1.0
P905,2016-08-29,0.170000002,1.0
P905,2016-09-03,0.1750000045,0.5
P905,2016-09-05,0.119999997,1.0
P905,2016-09-08,0.090000004,1.0
P905,2016-09-11,0.170000002,0.0
P905,2016-09-23,0.01,1.0
P905,2016-09-24,0.100000001,0.0
P905,2016-09-26,0.02,1.0
P905,2016-09-27,0.01,1.0
P905,2016-10-03,0.170000002,0.0
P905,2016-10-05,0.170000002,1.0
P905,2016-10-06,0.129999995,0.0
P905,2016-10-07,0.124999996,0.5
P905,2016-10-10,0.170000002,1.0
P905,2016-10-13,0.050000001,1.0
P905,2016-10-17,0.01,1.0
P905,2016-10-18,0.0950000025,1.0
P905,2016-10-25,0.0,0.0
P905,2016-10-26,0.200000003,1.0
P905,2016-11-02,0.150000006,0.0
P905,2016-11-04,0.200000003,1.0
P905,2016-11-06,0.170000002,0.0
P905,2016-11-07,0.039999999,1.0
P905,2016-11-08,0.15000000200000002,1.0
P905,2016-11-11,0.090000004,1.0
P905,2016-11-12,0.01,0.0
P905,2016-11-19,0.050000001,0.0
P905,2016-11-20,0.0,1.0
P905,2016-11-23,0.1499999985,0.5
P905,2016-11-30,0.02,0.0
P905,2016-12-01,0.119999997,1.0
P905,2016-12-04,0.13500000150000002,0.0
P905,2016-12-05,0.090000004,0.0
P905,2016-12-06,0.039999999,1.0
P905,2016-12-08,0.090000004,0.0
P905,2016-12-12,0.01,1.0
P905,2016-12-13,0.039999999,1.0
P905,2016-12-14,0.01,1.0
P905,2016-12-15,0.050000001,1.0
P905,2016-12-16,0.25,1.0
P905,2016-12-19,0.170000002,0.0
P905,2016-12-25,0.180000007,1.0
P905,2016-12-27,0.059999999,1.0
P905,2016-12-31,0.180000007,1.0
P905,2017-01-07,0.100000001,0.0
P905,2017-01-09,0.25,0.0
P905,2017-01-11,0.07,1.0
P905,2017-01-13,0.050000001,0.0
P905,2017-01-15,0.039999999,1.0
P905,2017-01-20,0.170000002,1.0
P905,2017-01-22,0.02,1.0
P905,2017-01-23,0.200000003,1.0
P905,2017-01-26,0.029999999,1.0
P905,2017-01-31,0.090000004,1.0
P905,2017-02-04,0.0199999995,1.0
P905,2017-02-09,0.170000002,1.0
P905,2017-02-10,0.1750000005,0.0
P905,2017-02-11,0.090000004,0.0
P905,2017-02-14,0.25,0.0
P905,2017-02-21,0.100000001,1.0
P905,2017-02-26,0.050000001,0.0
P905,2017-02-28,0.090000004,1.0
P905,2017-03-03,0.180000007,0.0
P905,2017-03-04,0.01,1.0
P905,2017-03-05,0.100000001,0.0
P905,2017-03-09,0.200000003,1.0
P905,2017-03-13,0.180000007,1.0
P905,2017-03-14,0.01,1.0
P905,2017-03-15,0.150000006,1.0
P905,2017-03-16,0.129999995,0.0
P905,2017-03-20,0.150000006,0.0
P905,2017-03-23,0.090000004,1.0
P905,2017-03-24,0.02,1.0
P905,2017-03-31,0.029999999,1.0
P905,2017-04-01,0.150000006,1.0
P905,2017-04-03,0.029999999,0.0
P905,2017-04-04,0.01,1.0
P905,2017-04-09,0.01,0.0
P905,2017-04-10,0.07,1.0
P905,2017-04-12,0.029999999,0.0
P905,2017-04-16,0.02,1.0
P905,2017-04-21,0.180000007,1.0
P906,2015-01-01,0.119999997,1.0
P906,2015-01-05,0.159999996,1.0
P906,2015-01-08,0.0349999995,1.0
P906,2015-01-11,0.050000001,0.0
P906,2015-01-12,0.170000002,0.0
P906,2015-01-16,0.159999996,1.0
P906,2015-01-17,0.100000001,1.0
P906,2015-01-29,0.180000007,0.0
P906,2015-02-02,0.159999996,1.0
P906,2015-02-04,0.129999995,0.0
P906,2015-02-11,0.02,1.0
P906,2015-02-17,0.200000003,1.0
P906,2015-02-22,0.200000003,1.0
P906,2015-03-02,0.129999995,0.0
P906,2015-03-03,0.049999999,0.0
P906,2015-03-07,0.200000003,1.0
P906,2015-03-12,0.25,1.0
P906,2015-03-13,0.119999997,1.0
P906,2015-03-15,0.0,1.0
P906,2015-03-18,0.100000001,1.0
P906,2015-03-19,0.1350000015,1.0
P906,2015-03-22,0.100000001,0.0
P906,2015-03-29,0.07,1.0
P906,2015-04-11,0.01,1.0
P906,2015-04-14,0.159999996,1.0
P906,2015-04-23,0.150000006,0.0
P906,2015-04-27,0.100000001,1.0
P906,2015-04-28,0.159999996,0.0
P906,2015-04-30,0.150000006,1.0
P906,2015-05-05,0.02,1.0
P906,2015-05-07,0.115000001,0.5
P906,2015-05-12,0.0,1.0
P906,2015-05-13,0.170000002,0.0
P906,2015-05-14,0.129999995,1.0
P906,2015-05-18,0.150000006,1.0
P906,2015-05-22,0.01,1.0
P906,2015-05-23,0.094999997,1.0
P906,2015-05-25,0.0,1.0
P906,2015-05-27,0.09000000100000001,0.0
P906,2015-05-29,0.059999999,1.0
P906,2015-05-30,0.090000004,1.0
P906,2015-06-03,0.059999999,0.0
P906,2015-06-09,0.059999999,1.0
P906,2015-06-11,0.119999997,1.0
P906,2015-06-14,0.050000001,0.0
P906,2015-06-16,0.119999997,1.0
P906,2015-06-17,0.0,0.0
P906,2015-06-21,0.170000002,0.0
P906,2015-06-24,0.25,0.0
P906,2015-06-30,0.150000002,0.5
P906,2015-07-02,0.159999996,1.0
P906,2015-07-05,0.050000001,1.0
P906,2015-07-06,0.090000004,1.0
P906,2015-07-07,0.029999999,1.0
P906,2015-07-08,0.0,0.0
P906,2015-07-10,0.180000007,1.0
P906,2015-07-13,0.129999995,0.0
P906,2015-07-20,0.059999999,0.0
P906,2015-07-22,0.050000001,1.0
P906,2015-07-26,0.02,0.0
P906,2015-07-31,0.170000002,0.0
P906,2015-08-03,0.0900000025,1.0
P906,2015-08-13,0.07,1.0
P906,2015-08-14,0.0,1.0
P906,2015-08-19,0.150000006,1.0
P906,2015-08-24,0.02,1.0
P906,2015-08-28,0.200000003,0.0
P906,2015-08-30,0.015,0.5
P906,2015-09-03,0.02,0.0
P906,2015-09-06,0.20000000299999998,0.5
P906,2015-09-07,0.039999999,0.0
P906,2015-09-10,0.02,0.0
P906,2015-09-13,0.02,0.0
P906,2015-09-15,0.180000007,1.0
P906,2015-09-17,0.029999999,1.0
P906,2015-09-18,0.1499999985,1.0
P906,2015-09-21,0.25,0.0
P906,2015-09-25,0.02,0.0
P906,2015-09-27,0.1050000005,1.0
P906,2015-10-02,0.059999999,0.0
P906,2015-10-08,0.170000002,0.0
P906,2015-10-18,0.07,0.0
P906,2015-10-19,0.050000001,0.0
P906,2015-10-27,0.200000003,1.0
P906,2015-10-28,0.170000002,1.0
P906,2015-10-31,0.039999999,1.0
P906,2015-11-02,0.119999997,1.0
P906,2015-11-05,0.050000001,1.0
P906,2015-11-08,0.180000007,1.0
P906,2015-11-17,0.059999999,1.0
P906,2015-11-22,0.050000001,0.0
P906,2015-11-30,0.119999997,1.0
P906,2015-12-03,0.0,1.0
P906,2015-12-07,0.25,1.0
P906,2015-12-08,0.050000001,1.0
P906,2015-12-11,0.100000001,0.0
P906,2015-12-15,0.20499999800000002,0.0
P906,2015-12-16,0.059999999,1.0
P906,2015-12-19,0.150000006,1.0
P906,2015-12-26,0.090000004,0.0
P906,2015-12-27,0.0649999995,0.5
P906,2015-12-29,0.180000007,1.0
P906,2016-01-05,0.129999995,0.0
P906,2016-01-09,0.129999995,1.0
P906,2016-01-16,0.180000007,0.0
P906,2016-01-19,0.02,0.0
P906,2016-01-21,0.0,0.0
P906,2016-01-25,0.129999995,0.0
P906,2016-01-29,0.15000000200000002,1.0
P906,2016-02-05,0.119999997,1.0
P906,2016-02-06,0.059999999,1.0
P906,2016-02-09,0.02,0.0
P906,2016-02-16,0.050000001999999995,0.5
P906,2016-02-20,0.0,1.0
P906,2016-02-23,0.159999996,1.0
P906,2016-02-26,0.15000000200000002,0.0
P906,2016-02-28,0.170000002,0.0
P906,2016-02-29,0.07,1.0
P906,2016-03-06,0.129999995,0.0
P906,2016-03-11,0.029999999,0.0
P906,2016-03-12,0.100000001,0.0
P906,2016-03-14,0.050000001,0.0
P906,2016-03-18,0.25,0.0
P906,2016-03-21,0.200000003,1.0
P906,2016-03-24,0.200000003,0.0
P906,2016-03-25,0.119999997,1.0
P906,2016-03-29,0.180000007,0.0
P906,2016-04-02,0.150000006,1.0
P906,2016-04-05,0.07,0.0
P906,2016-04-06,0.119999997,0.0
P906,2016-04-07,0.1700000015,0.5
P906,2016-04-12,0.029999999,0.0
P906,2016-04-14,0.0,1.0
P906,2016-04-15,0.180000007,1.0
P906,2016-04-18,0.16,1.0
P906,2016-04-19,0.25,0.0
P906,2016-04-20,0.200000003,1.0
P906,2016-04-22,0.180000007,0.0
P906,2016-04-25,0.090000004,0.0
P906,2016-04-27,0.119999997,0.0
P906,2016-04-29,0.065,1.0
P906,2016-05-01,0.25,1.0
P906,2016-05-02,0.119999997,0.0
P906,2016-05-03,0.0,1.0
P906,2016-05-04,0.07,1.0
P906,2016-05-09,0.200000003,1.0
P906,2016-05-13,0.25,0.0
P906,2016-05-18,0.090000004,1.0
P906,2016-05-19,0.08500000299999999,1.0
P906,2016-05-20,0.18499999849999998,1.0
P906,2016-05-23,0.170000002,1.0
P906,2016-05-24,0.039999999,0.0
P906,2016-05-27,0.039999999,1.0
P906,2016-05-28,0.180000007,1.0
P906,2016-05-29,0.129999995,1.0
P906,2016-06-03,0.180000007,1.0
P906,2016-06-06,0.0,1.0
P906,2016-06-07,0.1650000065,1.0
P906,2016-06-14,0.059999999,0.0
P906,2016-06-15,0.180000007,0.0
P906,2016-06-19,0.029999999,0.0
P906,2016-06-21,0.1400000005,0.5
P906,2016-06-25,0.12000000499999999,1.0
P906,2016-07-01,0.07,0.0
P906,2016-07-02,0.100000001,1.0
P906,2016-07-07,0.044999999,1.0
P906,2016-07-11,0.200000003,0.0
P906,2016-07-15,0.029999999,0.0
P906,2016-07-17,0.090000004,0.0
P906,2016-07-19,0.0,1.0
P906,2016-07-27,0.050000001,1.0
P906,2016-07-28,0.164999999,0.5
P906,2016-08-03,0.159999996,1.0
P906,2016-08-04,0.090000004,0.0
P906,2016-08-06,0.155000001,1.0
P906,2016-08-09,0.079999998,0.5
P906,2016-08-11,0.090000004,0.0
P906,2016-08-14,0.089999998,0.5
P906,2016-08-18,0.029999999,1.0
P906,2016-08-22,0.180000007,0.0
P906,2016-08-27,0.0,1.0
P906,2016-09-02,0.03666666666666667,0.6666666666666666
P906,2016-09-04,0.200000003,1.0
P906,2016-09-12,0.170000002,1.0
P906,2016-09-19,0.100000001,0.0
P906,2016-09-20,0.090000004,1.0
P906,2016-09-22,0.180000007,1.0
P906,2016-09-27,0.1399999995,0.5
P906,2016-09-28,0.02,1.0
P906,2016-09-30,0.02,0.0
P906,2016-10-01,0.01,0.0
P906,2016-10-04,0.25,0.0
P906,2016-10-05,0.180000007,0.0
P906,2016-10-07,0.129999995,0.0
P906,2016-10-08,0.0,1.0
P906,2016-10-09,0.100000001,1.0
P906,2016-10-12,0.1400000005,1.0
P906,2016-10-14,0.02,1.0
P906,2016-10-23,0.059999999,0.0
P906,2016-10-25,0.159999996,0.0
P906,2016-10-29,0.159999996,1.0
P906,2016-11-01,0.114999998,0.5
P906,2016-11-07,0.09666666533333335,0.6666666666666666
P906,2016-11-14,0.090000004,1.0
P906,2016-11-16,0.039999999,1.0
P906,2016-11-17,0.18999999750000002,1.0
P906,2016-11-18,0.08333333233333333,0.3333333333333333
P906,2016-11-22,0.07,1.0
P906,2016-11-24,0.200000003,0.0
P906,2016-11-29,0.119999997,1.0
P906,2016-12-03,0.200000003,0.0
P906,2016-12-04,0.029999999,1.0
P906,2016-12-09,0.08499999700000001,0.0
P906,2016-12-14,0.125,0.5
P906,2016-12-15,0.02,0.0
P906,2016-12-16,0.180000007,1.0
P906,2016-12-19,0.159999996,1.0
P906,2016-12-20,0.119999997,1.0
P906,2016-12-21,0.180000007,0.0
P906,2016-12-24,0.200000003,1.0
P906,2016-12-25,0.150000006,0.0
P906,2016-12-26,0.07,0.0
P906,2016-12-27,0.02,1.0
P906,2016-12-28,0.200000003,0.0
P906,2017-01-03,0.129999995,0.0
P906,2017-01-04,0.119999997,0.0
P906,2017-01-13,0.059999999,0.0
P906,2017-01-19,0.0,1.0
P906,2017-01-22,0.25,1.0
P906,2017-01-23,0.180000007,1.0
P906,2017-01-27,0.01,0.0
P906,2017-02-07,0.25,1.0
P906,2017-02-10,0.170000002,0.0
P906,2017-02-11,0.01,1.0
P906,2017-02-14,0.200000003,1.0
P906,2017-02-16,0.170000002,0.0
P906,2017-02-17,0.0,0.0
P906,2017-02-21,0.0,0.0
P906,2017-02-22,0.07,0.0
P906,2017-02-25,0.170000002,0.0
P906,2017-02-26,0.1400000005,0.5
P906,2017-03-06,0.04,0.5
P906,2017-03-07,0.130000001,0.0
P906,2017-03-08,0.25,0.0
P906,2017-03-11,0.0,0.0
P906,2017-03-14,0.0,1.0
P906,2017-03-19,0.180000007,0.0
P906,2017-03-22,0.100000001,0.0
P906,2017-03-29,0.050000001,1.0
P906,2017-03-30,0.029999999,0.0
P906,2017-04-05,0.0,1.0
P906,2017-04-06,0.100000001,0.0
P906,2017-04-11,0.039999999,0.0
P906,2017-04-14,0.050000001,0.0
P917,2015-01-01,0.029999999,1.0
P917,2015-01-03,0.039999999,1.0
P917,2015-01-05,0.059999999,1.0
P917,2015-01-09,0.029999999,1.0
P917,2015-01-12,0.02,1.0
P917,2015-01-13,0.029999999,0.0
P917,2015-01-15,0.015,0.5
P917,2015-01-16,0.0,0.0
P917,2015-01-22,0.0250000005,1.0
P917,2015-01-24,0.25,1.0
P917,2015-01-28,0.200000003,0.0
P917,2015-01-29,0.01,1.0
P917,2015-02-02,0.180000007,1.0
P917,2015-02-06,0.25,0.0
P917,2015-02-08,0.12000000100000001,0.5
P917,2015-02-09,0.02,1.0
P917,2015-02-12,0.180000007,0.0
P917,2015-02-22,0.0,1.0
P917,2015-02-26,0.170000002,1.0
P917,2015-03-03,0.25,0.0
P917,2015-03-04,0.159999996,0.0
P917,2015-03-06,0.150000006,0.0
P917,2015-03-08,0.159999996,1.0
P917,2015-03-09,0.200000003,0.0
P917,2015-03-11,0.01,1.0
P917,2015-03-14,0.150000006,1.0
P917,2015-03-16,0.155000001,1.0
P917,2015-03-20,0.129999995,0.0
P917,2015-03-22,0.029999999,0.0
P917,2015-03-23,0.119999997,1.0
P917,2015-03-26,0.0,1.0
P917,2015-03-27,0.170000002,0.0
P917,2015-03-28,0.02,0.0
P917,2015-04-02,0.119999997,0.0
P917,2015-04-03,0.100000001,0.0
P917,2015-04-04,0.100000001,0.0
P917,2015-04-06,0.090000004,0.0
P917,2015-04-08,0.07,0.0
P917,2015-04-10,0.01,1.0
P917,2015-04-12,0.090000004,0.0
P917,2015-04-16,0.0,0.0
P917,2015-04-17,0.059999999,1.0
P917,2015-04-23,0.050000001,1.0
P917,2015-04-30,0.25,1.0
P917,2015-05-02,0.159999996,1.0
P917,2015-05-08,0.13500000150000002,0.5
P917,2015-05-12,0.059999999,1.0
P917,2015-05-14,0.050000001,1.0
P917,2015-05-16,0.25,1.0
P917,2015-05-21,0.039999999,1.0
P917,2015-05-24,0.034999999000000004,0.5
P917,2015-05-31,0.150000006,1.0
P917,2015-06-03,0.15000000025,0.75
P917,2015-06-05,0.089999998,1.0
P917,2015-06-08,0.150000006,0.0
P917,2015-06-10,0.029999999,0.0
P917,2015-06-11,0.100000001,1.0
P917,2015-06-13,0.200000003,1.0
P917,2015-06-15,0.180000007,1.0
P917,2015-06-16,0.170000002,1.0
P917,2015-06-20,0.01,1.0
P917,2015-06-28,0.0,1.0
P917,2015-07-02,0.159999996,1.0
P917,2015-07-04,0.150000006,1.0
P917,2015-07-06,0.129999995,1.0
P917,2015-07-11,0.25,0.0
P917,2015-07-19,0.129999995,0.0
P917,2015-07-26,0.119999997,0.0
P917,2015-07-28,0.090000004,1.0
P917,2015-07-31,0.07,0.0
P917,2015-08-02,0.100000001,0.0
P917,2015-08-04,0.02,0.0
P917,2015-08-15,0.200000003,1.0
P917,2015-08-19,0.059999999,1.0
P917,2015-08-20,0.090000004,0.0
P917,2015-08-21,0.01,1.0
P917,2015-08-27,0.050000001,1.0
P917,2015-08-30,0.07,0.0
P917,2015-09-06,0.0,0.0
P917,2015-09-12,0.180000007,1.0
P917,2015-09-22,0.119999997,0.0
P917,2015-09-26,0.039999999,0.0
P917,2015-10-08,0.25,1.0
P917,2015-10-15,0.170000002,1.0
P917,2015-10-16,0.200000003,1.0
P917,2015-10-19,0.1700000015,0.0
P917,2015-10-22,0.100000001,0.0
P917,2015-10-25,0.1000000005,1.0
P917,2015-11-13,0.059999999,1.0
P917,2015-11-15,0.090000004,0.0
P917,2015-11-17,0.150000006,1.0
P917,2015-11-18,0.129999995,0.0
P917,2015-11-21,0.07,0.0
P917,2015-11-23,0.119999997,0.0
P917,2015-11-26,0.06,0.6666666666666666
P917,2015-11-29,0.01,1.0
P917,2015-12-07,0.050000001,0.0
P917,2015-12-09,0.039999999,1.0
P917,2015-12-10,0.159999996,0.0
P917,2015-12-12,0.050000001,1.0
P917,2015-12-16,0.034999999000000004,0.0
P917,2015-12-20,0.02,1.0
P917,2015-12-21,0.090000004,0.0
P917,2016-01-01,0.150000006,0.0
P917,2016-01-04,0.01,1.0
P917,2016-01-05,0.0,0.0
P917,2016-01-12,0.0,1.0
P917,2016-01-13,0.25,0.0
P917,2016-01-14,0.200000003,0.0
P917,2016-01-17,0.25,0.0
P917,2016-01-18,0.180000007,1.0
P917,2016-01-20,0.079999997,1.0
P917,2016-01-22,0.200000003,0.0
P917,2016-01-24,0.180000007,1.0
P917,2016-01-26,0.07,1.0
P917,2016-01-28,0.02,1.0
P917,2016-01-31,0.01,1.0
P917,2016-02-05,0.170000002,0.0
P917,2016-02-07,0.059999999,0.0
P917,2016-02-09,0.170000002,1.0
P917,2016-02-16,0.119999997,1.0
P917,2016-02-20,0.159999996,1.0
P917,2016-02-26,0.0,1.0
P917,2016-02-28,0.159999996,0.0
P917,2016-03-03,0.16666666900000002,0.0
P917,2016-03-04,0.09666667033333333,0.3333333333333333
P917,2016-03-13,0.07,1.0
P917,2016-03-18,0.129999995,0.0
P917,2016-03-20,0.12000000100000001,0.0
P917,2016-03-23,0.119999997,1.0
P917,2016-03-25,0.065,0.0
P917,2016-03-28,0.180000007,0.0
P917,2016-03-29,0.059999999,0.0
P917,2016-03-30,0.02,1.0
P917,2016-03-31,0.170000002,0.0
P917,2016-04-01,0.159999996,1.0
P917,2016-04-04,0.150000006,1.0
P917,2016-04-05,0.090000004,1.0
P917,2016-04-08,0.129999995,1.0
P917,2016-04-09,0.07,1.0
P917,2016-04-11,0.050000001,1.0
P917,2016-04-14,0.059999999,1.0
P917,2016-04-17,0.050000001,1.0
P917,2016-04-19,0.01,0.0
P917,2016-04-22,0.034999999000000004,0.5
P917,2016-04-25,0.0,0.0
P917,2016-05-01,0.119999997,1.0
P917,2016-05-02,0.25,0.0
P917,2016-05-04,0.039999999,0.0
P917,2016-05-07,0.100000001,1.0
P917,2016-05-13,0.029999999,1.0
P917,2016-05-15,0.200000003,1.0
P917,2016-05-20,0.02,1.0
P917,2016-05-28,0.090000004,1.0
P917,2016-06-02,0.07,0.0
P917,2016-06-04,0.02,1.0
P917,2016-06-13,0.059999999,0.0
P917,2016-06-15,0.129999995,0.0
P917,2016-06-17,0.01,0.0
P917,2016-06-18,0.0,1.0
P917,2016-06-23,0.180000007,1.0
P917,2016-06-24,0.170000002,1.0
P917,2016-06-27,0.25,0.0
P917,2016-06-28,0.200000003,0.0
P917,2016-07-03,0.01,1.0
P917,2016-07-04,0.159999996,1.0
P917,2016-07-06,0.150000006,1.0
P917,2016-07-07,0.11500000399999999,0.5
P917,2016-07-11,0.124999996,0.5
P917,2016-07-12,0.039999999,0.0
P917,2016-07-13,0.0,1.0
P917,2016-07-16,0.18499999849999998,1.0
P917,2016-07-18,0.100000001,1.0
P917,2016-07-22,0.090000004,0.0
P917,2016-07-24,0.200000003,0.0
P917,2016-07-28,0.07,1.0
P917,2016-08-15,0.029999999,1.0
P917,2016-08-20,0.170000002,1.0
P917,2016-08-22,0.059999999,1.0
P917,2016-08-23,0.159999996,1.0
P917,2016-08-27,0.02,1.0
P917,2016-09-01,0.100000001,0.0
P917,2016-09-04,0.180000007,1.0
P917,2016-09-05,0.170000002,1.0
P917,2016-09-07,0.159999996,1.0
P917,2016-09-08,0.150000006,0.0
P917,2016-09-09,0.150000006,0.0
P917,2016-09-10,0.050000001,1.0
P917,2016-09-11,0.129999995,1.0
P917,2016-09-12,0.090000004,0.0
P917,2016-09-16,0.039999999,0.0
P917,2016-09-18,0.07,1.0
P917,2016-09-23,0.119999997,1.0
P917,2016-09-24,0.059999999,1.0
P917,2016-09-25,0.129999995,0.0
P917,2016-09-27,0.119999997,0.0
P917,2016-09-28,0.029999999,0.0
P917,2016-10-02,0.100000001,1.0
P917,2016-10-04,0.01,1.0
P917,2016-10-07,0.050000001,0.0
P917,2016-10-08,0.0,0.0
P917,2016-10-21,0.25,0.0
P917,2016-10-28,0.02,1.0
P917,2016-10-30,0.090000004,0.0
P917,2016-11-03,0.01,1.0
P917,2016-11-05,0.039999999,1.0
P917,2016-11-07,0.100000001,0.0
P917,2016-11-11,0.029999999,1.0
P917,2016-11-14,0.0,0.0
P917,2016-11-20,0.200000003,0.0
P917,2016-11-21,0.21500000349999998,0.5
P917,2016-11-25,0.200000003,0.0
P917,2016-12-03,0.090000004,0.0
P917,2016-12-04,0.07,1.0
P917,2016-12-12,0.02,1.0
P917,2016-12-17,0.01,0.0
P917,2016-12-18,0.180000007,0.0
P917,2016-12-21,0.059999999,0.0
P917,2016-12-25,0.0,0.0
P917,2016-12-26,0.12000000100000001,1.0
P917,2016-12-28,0.170000002,1.0
P917,2017-01-12,0.050000001,0.0
P917,2017-01-14,0.159999996,1.0
P917,2017-01-18,0.14999999833333333,0.6666666666666666
P917,2017-01-19,0.029999999,0.0
P917,2017-01-23,0.055,1.0
P917,2017-01-25,0.150000006,0.0
P917,2017-01-26,0.034999999000000004,0.5
P917,2017-01-28,0.02,1.0
P917,2017-01-29,0.129999995,0.0
P917,2017-01-30,0.01,1.0
P917,2017-02-07,0.200000003,0.0
P917,2017-02-09,0.180000007,1.0
P917,2017-02-10,0.02,0.0
P917,2017-02-17,0.150000006,0.0
P917,2017-02-18,0.01,0.0
P917,2017-02-25,0.0,1.0
P917,2017-02-26,0.0,0.0
P917,2017-03-04,0.119999997,1.0
P917,2017-03-06,0.25,1.0
P917,2017-03-07,0.129999995,1.0
P917,2017-03-10,0.25,1.0
P917,2017-03-14,0.100000001,0.0
P917,2017-03-16,0.200000003,1.0
P917,2017-03-18,0.090000004,1.0
P917,2017-03-19,0.170000002,0.0
P917,2017-03-22,0.159999996,0.0
P917,2017-03-24,0.180000007,0.0
P917,2017-03-30,0.119999997,1.0
P917,2017-04-01,0.170000002,1.0
P917,2017-04-03,0.1400000005,0.5
P917,2017-04-05,0.159999996,0.0
P917,2017-04-07,0.100000001,1.0
P917,2017-04-09,0.12000000499999999,1.0
P917,2017-04-15,0.07,1.0
P917,2017-04-16,0.200000003,1.0
P917,2017-04-17,0.119999997,1.0
P917,2017-04-18,0.07,1.0
P917,2017-04-22,0.180000007,0.0
P924,2015-01-01,0.02,1.0
P924,2015-01-05,0.02,1.0
P924,2015-01-06,0.124999996,0.5
P924,2015-01-08,0.100000001,0.0
P924,2015-01-11,0.01,0.0
P924,2015-01-12,0.0,1.0
P924,2015-01-20,0.119999997,1.0
P924,2015-01-21,0.0,0.0
P924,2015-01-22,0.090000004,1.0
P924,2015-01-23,0.200000003,1.0
P924,2015-01-25,0.07,1.0
P924,2015-01-30,0.25,0.0
P924,2015-02-04,0.180000007,1.0
P924,2015-02-08,0.059999999,0.0
P924,2015-02-11,0.050000001,0.0
P924,2015-02-16,0.07,1.0
P924,2015-02-25,0.02,0.0
P924,2015-02-26,0.059999999,1.0
P924,2015-02-27,0.159999996,0.0
P924,2015-02-28,0.029999999,1.0
P924,2015-03-02,0.030000000500000002,0.5
P924,2015-03-05,0.25,0.0
P924,2015-03-07,0.16,0.5
P924,2015-03-16,0.150000006,1.0
P924,2015-03-19,0.02,1.0
P924,2015-03-20,0.0,1.0
P924,2015-03-21,0.16,0.5
P924,2015-04-01,0.17333333433333334,0.6666666666666666
P924,2015-04-09,0.090000004,1.0
P924,2015-04-10,0.059999999,0.0
P924,2015-04-12,0.150000006,1.0
P924,2015-04-13,0.07,0.0
P924,2015-04-14,0.059999999,1.0
P924,2015-04-15,0.11500000399999999,1.0
P924,2015-04-19,0.119999997,0.0
P924,2015-04-21,0.100000001,0.0
P924,2015-04-24,0.090000004,0.0
P924,2015-04-27,0.039999999,1.0
P924,2015-05-03,0.029999999,0.0
P924,2015-05-11,0.159999996,1.0
P924,2015-05-15,0.150000006,0.0
P924,2015-05-17,0.01,1.0
P924,2015-05-19,0.059999999,1.0
P924,2015-05-25,0.0649999995,0.5
P924,2015-05-29,0.180000007,1.0
P924,2015-05-30,0.029999999,1.0
P924,2015-05-31,0.100000001,0.0
P924,2015-06-02,0.083333332,0.6666666666666666
P924,2015-06-03,0.07,1.0
P924,2015-06-07,0.029999999,0.0
P924,2015-06-11,0.150000006,0.0
P924,2015-06-15,0.02,0.0
P924,2015-06-20,0.129999995,0.0
P924,2015-06-28,0.0249999995,1.0
P924,2015-07-01,0.059999999,1.0
P924,2015-07-02,0.01,0.0
P924,2015-07-06,0.0,0.0
P924,2015-07-07,0.119999997,0.0
P924,2015-07-09,0.125,0.5
P924,2015-07-14,0.25,1.0
P924,2015-07-16,0.200000003,1.0
P924,2015-07-17,0.029999999,0.0
P924,2015-07-18,0.200000003,1.0
P924,2015-07-23,0.150000006,1.0
P924,2015-07-24,0.25,0.0
P924,2015-07-26,0.090000004,0.0
P924,2015-07-27,0.129999995,0.0
P924,2015-08-03,0.0,1.0
P924,2015-08-04,0.08,0.5
P924,2015-08-07,0.170000002,0.0
P924,2015-08-13,0.200000003,1.0
P924,2015-08-21,0.050000001,0.0
P924,2015-08-25,0.129999995,0.0
P924,2015-08-31,0.059999999,1.0
P924,2015-09-09,0.029999999,0.0
P924,2015-09-11,0.150000006,0.0
P924,2015-09-12,0.129999995,1.0
P924,2015-09-17,0.119999997,0.0
P924,2015-09-18,0.159999996,0.0
P924,2015-09-21,0.050000001,0.0
P924,2015-09-23,0.039999999,0.0
P924,2015-09-24,0.08333333566666667,1.0
P924,2015-09-25,0.029999999,1.0
P924,2015-09-28,0.1050000005,1.0
P924,2015-10-08,0.07,0.0
P924,2015-10-17,0.059999999,1.0
P924,2015-10-19,0.039999999,1.0
P924,2015-11-01,0.029999999,1.0
P924,2015-11-02,0.02,0.0
P924,2015-11-04,0.059999999,0.0
P924,2015-11-06,0.0950000035,0.0
P924,2015-11-15,0.050000001,0.0
P924,2015-11-20,0.029999999,1.0
P924,2015-11-21,0.25,1.0
P924,2015-11-22,0.170000002,0.0
P924,2015-11-25,0.159999996,1.0
P924,2015-11-26,0.01,1.0
P924,2015-12-01,0.18999999750000002,1.0
P924,2015-12-02,0.119999997,1.0
P924,2015-12-05,0.100000001,1.0
P924,2015-12-06,0.200000003,0.0
P924,2015-12-07,0.090000004,1.0
P924,2015-12-10,0.170000002,1.0
P924,2015-12-12,0.1399999965,0.0
P924,2015-12-16,0.150000006,1.0
P924,2015-12-19,0.200000003,0.0
P924,2015-12-20,0.090000004,1.0
P924,2015-12-21,0.0999999975,0.5
P924,2015-12-22,0.150000002,0.0
P924,2015-12-25,0.07,1.0
P924,2015-12-29,0.1150000005,0.5
P924,2016-01-09,0.150000006,0.0
P924,2016-01-12,0.129999995,0.0
P924,2016-01-23,0.059999999,0.5
P924,2016-01-24,0.045,0.0
P924,2016-01-25,0.04,0.5
P924,2016-01-29,0.01,0.0
P924,2016-02-01,0.0499999995,0.5
P924,2016-02-02,0.0,0.0
P924,2016-02-14,0.0350000005,1.0
P924,2016-02-15,0.180000007,1.0
P924,2016-02-17,0.09999999966666667,0.6666666666666666
P924,2016-02-20,0.029999999,0.0
P924,2016-02-22,0.200000003,1.0
P924,2016-02-23,0.100000001,1.0
P924,2016-02-26,0.159999996,0.0
P924,2016-03-02,0.170000002,0.0
P924,2016-03-03,0.25,1.0
P924,2016-03-04,0.190000005,0.5
P924,2016-03-12,0.0,1.0
P924,2016-03-13,0.20000000299999998,1.0
P924,2016-03-17,0.170000002,0.0
P924,2016-03-23,0.159999996,1.0
P924,2016-03-24,0.159999996,1.0
P924,2016-03-25,0.200000003,1.0
P924,2016-03-26,0.150000006,0.0
P924,2016-03-27,0.114999998,0.5
P924,2016-03-28,0.039999999,1.0
P924,2016-03-29,0.029999999,0.0
P924,2016-04-06,0.129999995,0.0
P924,2016-04-08,0.100000001,1.0
P924,2016-04-09,0.090000004,1.0
P924,2016-04-10,0.07,0.0
P924,2016-04-14,0.15000000200000002,0.5
P924,2016-04-19,0.170000002,1.0
P924,2016-04-20,0.170000002,1.0
P924,2016-04-23,0.155000001,0.5
P924,2016-04-24,0.129999995,0.0
P924,2016-04-25,0.050000001,1.0
P924,2016-04-27,0.159999996,0.0
P924,2016-04-28,0.1250000035,0.0
P924,2016-05-02,0.090000004,0.0
P924,2016-05-05,0.039999999,0.0
P924,2016-05-08,0.079999997,0.0
P924,2016-05-09,0.029999999,1.0
P924,2016-05-11,0.02,1.0
P924,2016-05-15,0.090000004,0.0
P924,2016-05-23,0.125,0.0
P924,2016-05-25,0.01,1.0
P924,2016-05-26,0.050000001,1.0
P924,2016-05-29,0.039999999,1.0
P924,2016-05-30,0.0,0.0
P924,2016-06-01,0.1350000055,1.0
P924,2016-06-07,0.170000002,1.0
P924,2016-06-22,0.07,1.0
P924,2016-06-26,0.159999996,0.0
P924,2016-06-27,0.050000001,1.0
P924,2016-07-01,0.200000003,1.0
P924,2016-07-02,0.029999999,0.0
P924,2016-07-06,0.159999996,0.0
P924,2016-07-07,0.150000006,0.0
P924,2016-07-14,0.180000007,1.0
P924,2016-07-23,0.050000001,1.0
P924,2016-07-28,0.170000002,0.0
P924,2016-08-11,0.100000001,0.0
P924,2016-08-13,0.125,0.0
P924,2016-08-15,0.150000006,1.0
P924,2016-08-17,0.02,1.0
P924,2016-08-19,0.029999999,1.0
P924,2016-08-24,0.0,0.0
P924,2016-08-26,0.180000007,0.0
P924,2016-08-31,0.123333335,0.6666666666666666
P924,2016-09-11,0.13,0.6666666666666666
P924,2016-09-12,0.029999999,1.0
P924,2016-09-15,0.159999996,0.0
P924,2016-09-18,0.07,1.0
P924,2016-09-24,0.034999999000000004,1.0
P924,2016-09-29,0.1499999985,0.0
P924,2016-10-05,0.159999996,1.0
P924,2016-10-06,0.01,1.0
P924,2016-10-07,0.1350000015,1.0
P924,2016-10-12,0.0649999975,0.5
P924,2016-10-13,0.119999997,0.0
P924,2016-10-18,0.180000007,1.0
P924,2016-10-19,0.07,0.0
P924,2016-10-25,0.089999998,1.0
P924,2016-10-26,0.100000001,1.0
P924,2016-10-27,0.170000002,1.0
P924,2016-10-29,0.050000001,1.0
P924,2016-10-31,0.039999999,0.0
P924,2016-11-08,0.029999999,1.0
P924,2016-11-16,0.150000006,1.0
P924,2016-11-18,0.129999995,1.0
P924,2016-12-01,0.02,1.0
P924,2016-12-03,0.0,0.0
P924,2016-12-06,0.25,1.0
P924,2016-12-07,0.129999995,0.0
P924,2016-12-10,0.150000001,1.0
P924,2016-12-14,0.180000007,0.0
P924,2016-12-31,0.200000003,1.0
P924,2017-01-04,0.11500000399999999,0.5
P924,2017-01-11,0.039999999,0.0
P924,2017-01-12,0.170000002,0.0
P924,2017-01-14,0.159999996,1.0
P924,2017-01-17,0.029999999,0.0
P924,2017-01-19,0.02,0.0
P924,2017-01-25,0.150000006,1.0
P924,2017-01-29,0.129999995,1.0
P924,2017-02-01,0.119999997,1.0
P924,2017-02-03,0.0249999995,0.5
P924,2017-02-09,0.25,0.0
P924,2017-02-10,0.01,0.0
P924,2017-02-12,0.200000003,1.0
P924,2017-02-13,0.129999995,1.0
P924,2017-02-21,0.100000001,0.0
P924,2017-02-25,0.125,1.0
P924,2017-03-01,0.090000004,0.0
P924,2017-03-05,0.170000002,1.0
P924,2017-03-10,0.1700000015,0.5
P924,2017-03-14,0.1050000025,0.5
P924,2017-03-17,0.170000002,0.0
P924,2017-03-19,0.01,0.0
P924,2017-03-20,0.129999995,1.0
P924,2017-03-22,0.0,0.0
P924,2017-03-23,0.039999999,1.0
P924,2017-03-30,0.150000006,1.0
P924,2017-03-31,0.200000003,1.0
P924,2017-04-04,0.0749999975,0.5
P924,2017-04-06,0.01,1.0
P924,2017-04-09,0.090000004,1.0
P924,2017-04-17,0.25,0.0
P924,2017-04-18,0.170000002,1.0
P924,2017-04-20,0.159999996,0.0
P926,2015-01-01,0.029999999,1.0
P926,2015-01-10,0.100000001,0.0
P926,2015-01-20,0.129999995,0.0
P926,2015-01-21,0.13,0.5
P926,2015-01-22,0.100000001,0.0
P926,2015-01-26,0.090000004,0.0
P926,2015-01-28,0.180000007,0.0
P926,2015-01-29,0.07,1.0
P926,2015-01-31,0.200000003,1.0
P926,2015-02-12,0.059999999,0.0
P926,2015-02-13,0.090000004,1.0
P926,2015-02-14,0.050000001,0.0
P926,2015-02-15,0.039999999,0.0
P926,2015-02-17,0.170000002,1.0
P926,2015-02-20,0.034999999000000004,1.0
P926,2015-02-23,0.170000002,1.0
P926,2015-02-27,0.159999996,0.0
P926,2015-02-28,0.150000006,1.0
P926,2015-03-03,0.0,0.0
P926,2015-03-05,0.129999995,0.0
P926,2015-03-07,0.02,0.0
P926,2015-03-08,0.180000007,1.0
P926,2015-03-09,0.170000002,1.0
P926,2015-03-12,0.1299999985,0.5
P926,2015-03-14,0.0249999995,1.0
P926,2015-03-18,0.079999997,0.5
P926,2015-03-21,0.146666669,0.3333333333333333
P926,2015-03-24,0.150000006,0.0
P926,2015-03-26,0.1099999995,0.5
P926,2015-03-27,0.0,0.0
P926,2015-04-04,0.11666666433333334,0.6666666666666666
P926,2015-04-05,0.200000003,0.0
P926,2015-04-07,0.0950000025,1.0
P926,2015-04-10,0.07,1.0
P926,2015-04-15,0.129999995,1.0
P926,2015-04-18,0.050000001,1.0
P926,2015-04-22,0.039999999,0.0
P926,2015-05-05,0.170000002,1.0
P926,2015-05-13,0.02,1.0
P926,2015-05-18,0.129999995,1.0
P926,2015-05-25,0.0,0.0
P926,2015-05-27,0.25,0.0
P926,2015-05-28,0.200000003,0.0
P926,2015-05-30,0.119999997,1.0
P926,2015-06-01,0.170000002,1.0
P926,2015-06-02,0.090000004,1.0
P926,2015-06-04,0.050000001,0.0
P926,2015-06-07,0.039999999,1.0
P926,2015-06-14,0.02,0.0
P926,2015-06-19,0.01,1.0
P926,2015-07-01,0.01,0.0
P926,2015-07-05,0.050000001,1.0
P926,2015-07-13,0.07,0.5
P926,2015-07-18,0.0,0.0
P926,2015-07-21,0.1750000045,0.5
P926,2015-07-23,0.159999996,1.0
P926,2015-07-29,0.015,0.5
P926,2015-07-30,0.200000003,1.0
P926,2015-08-01,0.07,1.0
P926,2015-08-03,0.180000007,0.0
P926,2015-08-04,0.18499999849999998,0.5
P926,2015-08-08,0.159999996,1.0
P926,2015-08-09,0.150000006,0.0
P926,2015-08-10,0.180000007,0.0
P926,2015-08-22,0.170000002,0.0
P926,2015-08-25,0.1350000055,0.0
P926,2015-08-26,0.039999999,1.0
P926,2015-08-28,0.170000002,1.0
P926,2015-08-30,0.159999996,1.0
P926,2015-08-31,0.07,0.0
P926,2015-09-10,0.02,1.0
P926,2015-09-13,0.01,0.0
P926,2015-09-16,0.119999997,0.0
P926,2015-09-24,0.100000001,0.0
P926,2015-09-25,0.129999995,0.0
P926,2015-09-28,0.100000001,1.0
P926,2015-10-02,0.090000004,0.0
P926,2015-10-11,0.25,1.0
P926,2015-10-12,0.04000000133333333,0.3333333333333333
P926,2015-10-13,0.13500000150000002,0.5
P926,2015-10-16,0.0649999995,1.0
P926,2015-10-17,0.11500000399999999,0.5
P926,2015-10-18,0.0,1.0
P926,2015-10-27,0.25,1.0
P926,2015-10-28,0.200000003,1.0
P926,2015-11-08,0.050000001,1.0
P926,2015-11-09,0.170000002,0.0
P926,2015-11-13,0.159999996,1.0
P926,2015-11-19,0.039999999,0.5
P926,2015-11-21,0.075000003,0.5
P926,2015-11-25,0.1100000015,0.0
P926,2015-11-27,0.0,0.0
P926,2015-11-28,0.180000007,0.0
P926,2015-11-30,0.129999995,0.0
P926,2015-12-01,0.150000006,1.0
P926,2015-12-06,0.029999999,0.0
P926,2015-12-12,0.10000000349999999,0.5
P926,2015-12-13,0.09000000100000001,1.0
P926,2015-12-14,0.0,1.0
P926,2015-12-17,0.100000001,1.0
P926,2015-12-18,0.25,1.0
P926,2015-12-22,0.159999996,1.0
P926,2015-12-25,0.100000001,0.0
P926,2015-12-27,0.090000004,0.0
P926,2015-12-31,0.159999996,0.0
P926,2016-01-01,0.150000006,1.0
P926,2016-01-08,0.050000001,1.0
P926,2016-01-16,0.119999997,1.0
P926,2016-01-18,0.100000001,1.0
P926,2016-01-22,0.07,1.0
P926,2016-01-23,0.0650000015,0.5
P926,2016-01-26,0.029999999,0.0
P926,2016-01-27,0.02,0.0
P926,2016-01-28,0.129999995,0.0
P926,2016-02-01,0.079999998,0.0
P926,2016-02-02,0.15499999949999999,0.5
P926,2016-02-10,0.02,1.0
P926,2016-02-11,0.01,1.0
P926,2016-02-13,0.200000003,0.0
P926,2016-02-14,0.0,1.0
P926,2016-02-24,0.170000002,0.0
P926,2016-02-25,0.02,1.0
P926,2016-02-26,0.180000007,1.0
P926,2016-03-02,0.0,0.0
P926,2016-03-03,0.090000004,0.0
P926,2016-03-06,0.07,0.0
P926,2016-03-08,0.059999999,0.0
P926,2016-03-11,0.01,1.0
P926,2016-03-19,0.129999995,0.0
P926,2016-03-20,0.119999997,0.0
P926,2016-03-25,0.150000006,1.0
P926,2016-03-26,0.050000001,0.0
P926,2016-03-31,0.02,1.0
P926,2016-04-01,0.01,0.0
P926,2016-04-05,0.0,1.0
P926,2016-04-07,0.119999997,0.0
P926,2016-04-08,0.25,0.0
P926,2016-04-11,0.090000004,0.0
P926,2016-04-13,0.07,0.0
P926,2016-04-15,0.120000003,0.5
P926,2016-04-16,0.180000007,1.0
P926,2016-04-20,0.059999999,1.0
P926,2016-04-27,0.119999997,0.0
P926,2016-05-01,0.050000001,1.0
P926,2016-05-06,0.05499999950000001,0.5
P926,2016-05-11,0.119999997,0.0
P926,2016-05-16,0.02,1.0
P926,2016-05-20,0.01,1.0
P926,2016-05-22,0.08,1.0
P926,2016-05-29,0.200000003,1.0
P926,2016-05-31,0.07,0.0
P926,2016-06-03,0.029999999,1.0
P926,2016-06-05,0.25,1.0
P926,2016-06-06,0.059999999,0.0
P926,2016-06-13,0.02,0.0
P926,2016-06-14,0.01,0.0
P926,2016-06-26,0.0,0.0
P926,2016-06-28,0.039999999,1.0
P926,2016-07-03,0.150000006,1.0
P926,2016-07-04,0.180000007,1.0
P926,2016-07-05,0.1499999985,1.0
P926,2016-07-06,0.109999999,0.5
P926,2016-07-08,0.25,1.0
P926,2016-07-11,0.200000003,1.0
P926,2016-07-12,0.059999999,1.0
P926,2016-07-13,0.129999995,0.0
P926,2016-07-16,0.090000004,0.0
P926,2016-07-17,0.07,0.0
P926,2016-07-25,0.089999998,0.0
P926,2016-08-03,0.039999999,1.0
P926,2016-08-05,0.029999999,1.0
P926,2016-08-08,0.089999998,0.5
P926,2016-08-09,0.030000000500000002,0.5
P926,2016-08-12,0.039999999,1.0
P926,2016-08-21,0.10500000150000001,0.5
P926,2016-08-23,0.129999995,0.0
P926,2016-08-25,0.02,1.0
P926,2016-08-26,0.090000004,1.0
P926,2016-08-27,0.0649999985,0.0
P926,2016-08-28,0.16,0.5
P926,2016-08-30,0.059999999,0.0
P926,2016-09-02,0.180000007,0.0
P926,2016-09-04,0.050000001,0.0
P926,2016-09-06,0.170000002,1.0
P926,2016-09-13,0.02,0.0
P926,2016-09-14,0.159999996,1.0
P926,2016-09-17,0.200000003,1.0
P926,2016-09-18,0.090000004,1.0
P926,2016-09-22,0.12000000366666667,1.0
P926,2016-09-23,0.050000001,0.0
P926,2016-09-25,0.129999995,1.0
P926,2016-09-26,0.180000007,0.0
P926,2016-10-02,0.02,1.0
P926,2016-10-03,0.01,1.0
P926,2016-10-04,0.0,0.0
P926,2016-10-09,0.25,1.0
P926,2016-10-11,0.100000001,0.0
P926,2016-10-13,0.25,1.0
P926,2016-10-15,0.090000004,1.0
P926,2016-10-17,0.200000003,1.0
P926,2016-10-19,0.100000001,1.0
P926,2016-10-21,0.090000004,1.0
P926,2016-10-23,0.200000003,1.0
P926,2016-10-27,0.07,1.0
P926,2016-10-28,0.120000003,1.0
P926,2016-11-01,0.050000001,1.0
P926,2016-11-02,0.170000002,1.0
P926,2016-11-03,0.0999999975,0.5
P926,2016-11-05,0.159999996,1.0
P926,2016-11-07,0.150000006,1.0
P926,2016-11-11,0.02,1.0
P926,2016-11-13,0.090000004,1.0
P926,2016-11-18,0.01,0.0
P926,2016-11-20,0.0649999995,0.5
P926,2016-11-21,0.029999999,0.0
P926,2016-12-03,0.050000001,1.0
P926,2016-12-06,0.0649999985,1.0
P926,2016-12-08,0.119999997,0.0
P926,2016-12-09,0.100000001,1.0
P926,2016-12-11,0.090000004,0.0
P926,2016-12-20,0.0850000005,1.0
P926,2016-12-21,0.090000004,0.0
P926,2016-12-22,0.07,1.0
P926,2016-12-25,0.059999999,1.0
P926,2016-12-29,0.059999999,0.0
P926,2016-12-31,0.170000002,0.0
P926,2017-01-02,0.050000001,0.0
P926,2017-01-11,0.039999999,0.0
P926,2017-01-12,0.039999999,0.0
P926,2017-01-17,0.029999999,0.0
P926,2017-01-25,0.159999996,1.0
P926,2017-02-05,0.005,0.5
P926,2017-02-06,0.02,1.0
P926,2017-02-08,0.150000006,0.0
P926,2017-02-17,0.180000007,1.0
P926,2017-02-27,0.119999997,1.0
P926,2017-02-28,0.100000001,1.0
P926,2017-03-05,0.200000003,1.0
P926,2017-03-10,0.07,0.5
P926,2017-03-19,0.059999999,1.0
P926,2017-03-20,0.159999996,1.0
P926,2017-03-22,0.050000001,1.0
P926,2017-03-25,0.25,0.0
P926,2017-04-01,0.029999999,0.0
P926,2017-04-03,0.08499999899999999,1.0
P926,2017-04-06,0.100000001,0.0
P926,2017-04-09,0.180000007,0.0
P926,2017-04-15,0.0,0.0
P926,2017-04-18,0.07,1.0
P926,2017-04-22,0.12000000100000001,0.5
P957,2015-01-01,0.11050000095000001,0.5
P957,2015-01-02,0.07999999993333334,0.26666666666666666
P957,2015-01-03,0.12642857214285713,0.5
P957,2015-01-04,0.11200000066666667,0.3333333333333333
P957,2015-01-05,0.0975000005,0.5
P957,2015-01-06,0.066923077,0.46153846153846156
P957,2015-01-07,0.12642857214285713,0.5714285714285714
P957,2015-01-08,0.10166666716666667,0.4444444444444444
P957,2015-01-09,0.1133333341111111,0.7777777777777778
P957,2015-01-10,0.08000000007142857,0.5714285714285714
P957,2015-01-11,0.10466666726666667,0.26666666666666666
P957,2015-01-12,0.10166666716666667,0.6111111111111112
P957,2015-01-13,0.12071428642857142,0.5714285714285714
P957,2015-01-14,0.10692307753846154,0.38461538461538464
P957,2015-01-15,0.053636363636363635,0.5454545454545454
P957,2015-01-16,0.162222223,0.6666666666666666
P957,2015-01-17,0.10176470635294117,0.47058823529411764
P957,2015-01-18,0.09533333406666666,0.6
P957,2015-01-19,0.0937500006875,0.5
P957,2015-01-20,0.1100000001,0.3
P957,2015-01-21,0.10000000111111113,0.7777777777777778
P957,2015-01-22,0.10166666716666667,0.5555555555555556
P957,2015-01-23,0.0969999998,0.5
P957,2015-01-24,0.1169230773846154,0.46153846153846156
P957,2015-01-25,0.056666667000000004,0.5
P957,2015-01-26,0.123750001,0.625
P957,2015-01-27,0.08800000026666667,0.8
P957,2015-01-28,0.09785714328571428,0.5714285714285714
P957,2015-01-29,0.13000000091666666,0.4166666666666667
P957,2015-01-30,0.09000000083333333,0.4166666666666667
P957,2015-01-31,0.0925,0.8125
P957,2015-02-01,0.1038461543076923,0.3076923076923077
P957,2015-02-02,0.1100000006875,0.625
P957,2015-02-03,0.10470588282352941,0.47058823529411764
P957,2015-02-04,0.10733333373333333,0.7333333333333333
P957,2015-02-05,0.09866666773333334,0.6
P957,2015-02-06,0.07461538423076923,0.6923076923076923
P957,2015-02-07,0.14444444566666667,0.3333333333333333
P957,2015-02-08,0.09928571514285714,0.7857142857142857
P957,2015-02-09,0.0950000004375,0.5625
P957,2015-02-10,0.0925,0.8125
P957,2015-02-11,0.11000000058333333,0.5833333333333334
P957,2015-02-12,0.1087500005625,0.5
P957,2015-02-13,0.10785714321428572,0.6428571428571429
P957,2015-02-14,0.06285714328571428,0.7142857142857143
P957,2015-02-15,0.11785714364285714,0.7857142857142857
P957,2015-02-16,0.0840000008,0.3
P957,2015-02-17,0.10526315847368421,0.47368421052631576
P957,2015-02-18,0.0969999998,0.7
P957,2015-02-19,0.11200000066666667,0.6
P957,2015-02-20,0.10166666716666667,0.3888888888888889
P957,2015-02-21,0.09947368463157895,0.2631578947368421
P957,2015-02-22,0.0950000011,0.6
P957,2015-02-23,0.07357142835714285,0.35714285714285715
P957,2015-02-24,0.14727272827272728,0.2727272727272727
P957,2015-02-25,0.10153846246153846,0.6153846153846154
P957,2015-02-26,0.09882352958823529,0.5294117647058824
P957,2015-02-27,0.08000000007142857,0.6428571428571429
P957,2015-02-28,0.10466666726666668,0.6666666666666666
P957,2015-03-01,0.1336363642727273,0.6363636363636364
P957,2015-03-02,0.09866666773333334,0.6
P957,2015-03-03,0.0824999995,0.75
P957,2015-03-04,0.0978947372631579,0.5789473684210527
P957,2015-03-05,0.11857143028571428,0.5714285714285714
P957,2015-03-06,0.07357142835714285,0.5714285714285714
P957,2015-03-07,0.17000000075,0.375
P957,2015-03-08,0.09071428678571428,0.5714285714285714
P957,2015-03-09,0.07357142835714285,0.5714285714285714
P957,2015-03-10,0.10947368468421052,0.5789473684210527
P957,2015-03-11,0.11692307769230768,0.46153846153846156
P957,2015-03-12,0.11833333374999999,0.4166666666666667
P957,2015-03-13,0.0470000003,0.7
P957,2015-03-14,0.10764705935294117,0.7058823529411765
P957,2015-03-15,0.14600000070000002,0.3
P957,2015-03-16,0.09866666773333334,0.5333333333333333
P957,2015-03-17,0.0709999995,0.5
P957,2015-03-18,0.1253846162307692,0.6923076923076923
P957,2015-03-19,0.10357142907142858,0.6428571428571429
P957,2015-03-20,0.059,0.5
P957,2015-03-21,0.10705882405882354,0.5294117647058824
P957,2015-03-22,0.111250000625,0.375
P957,2015-03-23,0.11833333374999999,0.8333333333333334
P957,2015-03-24,0.057500000375,0.375
P957,2015-03-25,0.14000000175,0.625
P957,2015-03-26,0.09000000033333334,0.6666666666666666
P957,2015-03-27,0.12375000012500001,0.625
P957,2015-03-28,0.10437500031250001,0.5625
P957,2015-03-29,0.09500000071428572,0.5
P957,2015-03-30,0.10590909127272727,0.5454545454545454
P957,2015-03-31,0.10062500068750001,0.5625
P957,2015-04-01,0.10250000035,0.4
P957,2015-04-02,0.09000000107692308,0.5384615384615384
P957,2015-04-03,0.07357142835714285,0.5714285714285714
P957,2015-04-04,0.14727272827272728,0.6363636363636364
P957,2015-04-05,0.029999999714285713,0.42857142857142855
P957,2015-04-06,0.10764705935294117,0.4117647058823529
P957,2015-04-07,0.09631578994736842,0.47368421052631576
P957,2015-04-08,0.162222223,0.8888888888888888
P957,2015-04-09,0.1006250006875,0.5
P957,2015-04-10,0.09869565260869564,0.7391304347826086
P957,2015-04-11,0.10785714321428572,0.5
P957,2015-04-12,0.10166666716666667,0.4444444444444444
P957,2015-04-13,0.08461538561538462,0.5384615384615384
P957,2015-04-14,0.09749999991666668,0.4166666666666667
P957,2015-04-15,0.1215384623846154,0.6153846153846154
P957,2015-04-16,0.10166666716666667,0.5555555555555556
P957,2015-04-17,0.09928571514285714,0.5714285714285714
P957,2015-04-18,0.065454545,0.45454545454545453
P957,2015-04-19,0.10166666716666667,0.6111111111111112
P957,2015-04-20,0.11800000066666666,0.4666666666666667
P957,2015-04-21,0.107500001375,0.25
P957,2015-04-22,0.079230769,0.7692307692307693
P957,2015-04-23,0.14090909190909093,0.9090909090909091
P957,2015-04-24,0.09928571514285714,0.7142857142857143
P957,2015-04-25,0.05999999958333333,0.5
P957,2015-04-26,0.13307692392307693,0.5384615384615384
P957,2015-04-27,0.10166666716666667,0.5555555555555556
P957,2015-04-28,0.11166666725,0.5833333333333334
P957,2015-04-29,0.053636363636363635,0.6363636363636364
P957,2015-04-30,0.1550000011,0.4
P957,2015-05-01,0.08272727345454546,0.5454545454545454
P957,2015-05-02,0.1100000001,0.7
P957,2015-05-03,0.11230769261538462,0.7692307692307693
P957,2015-05-04,0.09533333406666666,0.7333333333333333
P957,2015-05-05,0.066923077,0.5384615384615384
P957,2015-05-06,0.13307692392307693,0.38461538461538464
P957,2015-05-07,0.1100000006,0.5333333333333333
P957,2015-05-08,0.05888888866666667,0.7777777777777778
P957,2015-05-09,0.16500000150000002,0.8333333333333334
P957,2015-05-10,0.07571428585714286,1.0
P957,2015-05-11,0.11818181890909091,0.7272727272727273
P957,2015-05-12,0.08000000023076924,0.38461538461538464
P957,2015-05-13,0.11636363709090909,0.5454545454545454
P957,2015-05-14,0.1075000005625,0.6875
P957,2015-05-15,0.0840000008,0.5
P957,2015-05-16,0.09705882364705883,0.47058823529411764
P957,2015-05-17,0.09785714328571428,0.42857142857142855
P957,2015-05-18,0.12071428642857143,0.6428571428571429
P957,2015-05-19,0.0950000011,0.7
P957,2015-05-20,0.09764705923529413,0.23529411764705882
P957,2015-05-21,0.07999999993333334,0.6
P957,2015-05-22,0.14727272827272728,0.6363636363636364
P957,2015-05-23,0.10153846246153846,0.23076923076923078
P957,2015-05-24,0.07666666611111111,0.3333333333333333
P957,2015-05-25,0.11785714364285714,0.7142857142857143
P957,2015-05-26,0.057499999749999996,0.625
P957,2015-05-27,0.11071428635714287,0.5
P957,2015-05-28,0.12416666725000002,0.5833333333333334
P957,2015-05-29,0.09866666773333334,0.6
P957,2015-05-30,0.10318181845454545,0.36363636363636365
P957,2015-05-31,0.09928571514285714,0.5714285714285714
P957,2015-06-01,0.05999999958333333,0.4166666666666667
P957,2015-06-02,0.12642857214285713,0.5
P957,2015-06-03,0.11833333374999999,0.5
P957,2015-06-04,0.0470000003,0.5
P957,2015-06-05,0.1920000016,0.8
P957,2015-06-06,0.08800000026666667,0.3333333333333333
P957,2015-06-07,0.1114285720952381,0.7619047619047619
P957,2015-06-08,0.09823529488235294,0.6470588235294118
P957,2015-06-09,0.10473684236842105,0.5263157894736842
P957,2015-06-10,0.07818181827272727,0.6363636363636364
P957,2015-06-11,0.09200000045,0.35
P957,2015-06-12,0.17714285842857144,0.8571428571428571
P957,2015-06-13,0.10000000082352942,0.35294117647058826
P957,2015-06-14,0.065454545,0.7272727272727273
P957,2015-06-15,0.14090909190909093,0.45454545454545453
P957,2015-06-16,0.10235294147058824,0.7058823529411765
P957,2015-06-17,0.09500000071428572,0.5
P957,2015-06-18,0.10285714314285714,0.5714285714285714
P957,2015-06-19,0.09894736894736843,0.47368421052631576
P957,2015-06-20,0.11166666725,0.4166666666666667
P957,2015-06-21,0.08714285785714285,0.2857142857142857
P957,2015-06-22,0.08571428564285714,0.5
P957,2015-06-23,0.10166666716666667,0.4444444444444444
P957,2015-06-24,0.15111111177777778,0.4444444444444444
P957,2015-06-25,0.08461538561538462,0.38461538461538464
P957,2015-06-26,0.08571428564285714,0.5
P957,2015-06-27,0.12923077,0.46153846153846156
P957,2015-06-28,0.02499999983333333,0.8333333333333334
P957,2015-06-29,0.11714285804761906,0.5238095238095238
P957,2015-06-30,0.10166666716666667,0.3888888888888889
P957,2015-07-01,0.07999999993333334,0.6
P957,2015-07-02,0.1200000006,0.3333333333333333
P957,2015-07-03,0.11785714364285714,0.6428571428571429
P957,2015-07-04,0.0840000008,0.7
P957,2015-07-05,0.11666666666666667,0.5555555555555556
P957,2015-07-06,0.0950000011,0.4
P957,2015-07-07,0.0925,0.5625
P957,2015-07-08,0.14428571485714287,0.7142857142857143
P957,2015-07-09,0.04625000025,0.625
P957,2015-07-10,0.12357142935714285,0.42857142857142855
P957,2015-07-11,0.09842105305263157,0.5263157894736842
P957,2015-07-12,0.11833333374999999,0.4166666666666667
P957,2015-07-13,0.07666666716666667,0.16666666666666666
P957,2015-07-14,0.086250000375,0.6875
P957,2015-07-15,0.17714285842857144,0.7142857142857143
P957,2015-07-16,0.10000000082352942,0.6470588235294118
P957,2015-07-17,0.08357142842857143,0.42857142857142855
P957,2015-07-18,0.12300000070000001,0.7
P957,2015-07-19,0.10733333373333333,0.6
P957,2015-07-20,0.10176470635294117,0.5294117647058824
P957,2015-07-21,0.09071428678571428,0.5
P957,2015-07-22,0.0925,0.625
P957,2015-07-23,0.086250000375,0.6875
P957,2015-07-24,0.1200000006,0.4
P957,2015-07-25,0.11000000166666667,0.3333333333333333
P957,2015-07-26,0.0906249999375,0.625
P957,2015-07-27,0.13000000090909092,0.2727272727272727
P957,2015-07-28,0.10733333373333334,0.6666666666666666
P957,2015-07-29,0.09950000065,0.55
P957,2015-07-30,0.029999999714285713,0.8571428571428571
P957,2015-07-31,0.10947368468421052,0.3157894736842105
P957,2015-08-01,0.11692307769230768,0.6153846153846154
P957,2015-08-02,0.10529411823529411,0.5294117647058824
P957,2015-08-03,0.10000000111111111,0.4444444444444444
P957,2015-08-04,0.08533333313333333,0.4666666666666667
P957,2015-08-05,0.13000000090909092,0.6363636363636364
P957,2015-08-06,0.10166666716666667,0.5555555555555556
P957,2015-08-07,0.10625000062500001,0.4375
P957,2015-08-08,0.03499999975,0.5
P957,2015-08-09,0.12642857214285713,0.7142857142857143
P957,2015-08-10,0.11818181890909091,0.7272727272727273
P957,2015-08-11,0.0968750005,0.5625
P957,2015-08-12,0.10619047652380953,0.6190476190476191
P957,2015-08-13,0.09071428678571428,0.35714285714285715
P957,2015-08-14,0.14666666566666667,0.3333333333333333
P957,2015-08-15,0.10000000082352942,0.7058823529411765
P957,2015-08-16,0.0709999995,0.6
P957,2015-08-17,0.11600000073333333,0.5333333333333333
P957,2015-08-18,0.11166666725,0.5
P957,2015-08-19,0.059,0.5
P957,2015-08-20,0.14090909190909093,0.5454545454545454
P957,2015-08-21,0.09538461584615385,0.3076923076923077
P957,2015-08-22,0.07250000008333334,0.6666666666666666
P957,2015-08-23,0.13500000091666667,0.4166666666666667
P957,2015-08-24,0.0399999996,0.6
P957,2015-08-25,0.09200000045,0.45
P957,2015-08-26,0.1200000006,0.8
P957,2015-08-27,0.1215384623846154,0.3076923076923077
P957,2015-08-28,0.039999999714285715,0.5714285714285714
P957,2015-08-29,0.12923077,0.5384615384615384
P957,2015-08-30,0.09894736894736843,0.6842105263157895
P957,2015-08-31,0.10470588282352941,0.8823529411764706
P957,2015-09-01,0.08666666766666667,0.5555555555555556
P957,2015-09-02,0.0906249999375,0.5
P957,2015-09-03,0.11071428635714287,0.6428571428571429
P957,2015-09-04,0.09300000045,0.4
P957,2015-09-05,0.10857142914285714,0.7142857142857143
P957,2015-09-06,0.11636363709090909,0.2727272727272727
P957,2015-09-07,0.1060000006,0.5
P957,2015-09-08,0.07250000008333334,0.6666666666666666
P957,2015-09-09,0.09631578994736842,0.5789473684210527
P957,2015-09-10,0.14000000083333333,0.25
P957,2015-09-11,0.10692307753846154,0.5384615384615384
P957,2015-09-12,0.0968750005,0.3125
P957,2015-09-13,0.066923077,0.3076923076923077
P957,2015-09-14,0.14727272827272728,0.5454545454545454
P957,2015-09-15,0.10153846246153846,0.23076923076923078
P957,2015-09-16,0.09000000033333334,0.8666666666666667
P957,2015-09-17,0.10166666716666667,0.7777777777777778
P957,2015-09-18,0.08571428564285714,0.2857142857142857
P957,2015-09-19,0.12357142935714285,0.6428571428571429
P957,2015-09-20,0.09842105305263159,0.3157894736842105
P957,2015-09-21,0.1169230773846154,0.5384615384615384
P957,2015-09-22,0.09866666773333334,0.6
P957,2015-09-23,0.07461538423076923,0.6153846153846154
P957,2015-09-24,0.13000000090909092,0.6363636363636364
P957,2015-09-25,0.10785714321428572,0.7857142857142857
P957,2015-09-26,0.09071428678571428,0.5
P957,2015-09-27,0.10809523838095239,0.6666666666666666
P957,2015-09-28,0.1026315792631579,0.3684210526315789
P957,2015-09-29,0.09071428678571429,0.6428571428571429
P957,2015-09-30,0.08499999975,0.5833333333333334
P957,2015-10-01,0.11600000073333333,0.3333333333333333
P957,2015-10-02,0.10000000111111113,0.3333333333333333
P957,2015-10-03,0.10700000055,0.45
P957,2015-10-04,0.0709999995,1.0
P957,2015-10-05,0.1336363642727273,0.7272727272727273
P957,2015-10-06,0.09000000107692308,0.38461538461538464
P957,2015-10-07,0.08533333313333333,0.4666666666666667
P957,2015-10-08,0.0987500005625,0.75
P957,2015-10-09,0.09631578994736842,0.3157894736842105
P957,2015-10-10,0.162222223,0.6666666666666666
P957,2015-10-11,0.09500000071428572,0.5
P957,2015-10-12,0.1037500005,0.5833333333333334
P957,2015-10-13,0.0840000008,0.6
P957,2015-10-14,0.09705882364705883,0.47058823529411764
P957,2015-10-15,0.13000000088888888,0.3333333333333333
P957,2015-10-16,0.07333333344444444,0.4444444444444444
P957,2015-10-17,0.09785714328571428,0.6428571428571429
P957,2015-10-18,0.110000000875,0.375
P957,2015-10-19,0.0969999998,0.7
P957,2015-10-20,0.1133333341111111,0.4444444444444444
P957,2015-10-21,0.08000000007142857,0.6428571428571429
P957,2015-10-22,0.151250000875,0.5
P957,2015-10-23,0.1006250006875,0.5
P957,2015-10-24,0.08714285785714285,0.7142857142857143
P957,2015-10-25,0.10800000034999999,0.65
P957,2015-10-26,0.066923077,0.3076923076923077
P957,2015-10-27,0.1140000006,0.45
P957,2015-10-28,0.09785714328571428,0.7142857142857143
P957,2015-10-29,0.1253846162307692,0.6923076923076923
P957,2015-10-30,0.07333333344444444,0.3333333333333333
P957,2015-10-31,0.12300000070000001,0.2
P957,2015-11-01,0.10625000062500001,0.5
P957,2015-11-02,0.09571428614285715,0.5238095238095238
P957,2015-11-03,0.11230769261538462,0.46153846153846156
P957,2015-11-04,0.100588236,0.8823529411764706
P957,2015-11-05,0.10000000082352942,0.7058823529411765
P957,2015-11-06,0.10166666716666667,0.6666666666666666
P957,2015-11-07,0.10315789494736842,0.631578947368421
P957,2015-11-08,0.06999999999999999,0.5
P957,2015-11-09,0.0987500005625,0.625
P957,2015-11-10,0.14600000070000002,0.7
P957,2015-11-11,0.09866666773333334,0.6666666666666666
P957,2015-11-12,0.065454545,0.18181818181818182
P957,2015-11-13,0.12923077,0.6153846153846154
P957,2015-11-14,0.08666666766666667,0.6666666666666666
P957,2015-11-15,0.09153846146153846,0.6923076923076923
P957,2015-11-16,0.1253846162307692,0.38461538461538464
P957,2015-11-17,0.10153846246153846,0.23076923076923078
P957,2015-11-18,0.09000000033333334,0.7333333333333333
P957,2015-11-19,0.10363636363636365,0.5454545454545454
P957,2015-11-20,0.1169230773846154,0.6153846153846154
P957,2015-11-21,0.10176470635294117,0.6470588235294118
P957,2015-11-22,0.07666666716666666,0.6666666666666666
P957,2015-11-23,0.10166666716666667,0.3333333333333333
P957,2015-11-24,0.1057894745263158,0.42105263157894735
P957,2015-11-25,0.09153846146153846,0.5384615384615384
P957,2015-11-26,0.10166666716666667,0.6666666666666666
P957,2015-11-27,0.1253846162307692,0.6923076923076923
P957,2015-11-28,0.07333333344444444,0.6666666666666666
P957,2015-11-29,0.09200000039999999,0.5333333333333333
P957,2015-11-30,0.14090909190909093,0.36363636363636365
P957,2015-12-01,0.10235294147058824,0.5882352941176471
P957,2015-12-02,0.056666667000000004,0.5
P957,2015-12-03,0.12666666822222222,0.5555555555555556
P957,2015-12-04,0.07666666611111111,0.6666666666666666
P957,2015-12-05,0.12416666724999999,0.25
P957,2015-12-06,0.09000000107692308,0.5384615384615384
P957,2015-12-07,0.07357142835714285,0.6428571428571429
P957,2015-12-08,0.14727272827272728,0.5454545454545454
P957,2015-12-09,0.10166666716666667,0.5555555555555556
P957,2015-12-10,0.10153846246153846,0.5384615384615384
P957,2015-12-11,0.07461538423076923,0.38461538461538464
P957,2015-12-12,0.12333333425,0.3333333333333333
P957,2015-12-13,0.1100000006,0.3333333333333333
P957,2015-12-14,0.10235294147058825,0.6470588235294118
P957,2015-12-15,0.09500000071428572,0.5
P957,2015-12-16,0.07818181827272727,0.45454545454545453
P957,2015-12-17,0.1336363642727273,0.6363636363636364
P957,2015-12-18,0.062000000199999995,0.5
P957,2015-12-19,0.12333333425,0.4166666666666667
P957,2015-12-20,0.10000000111111113,0.5555555555555556
P957,2015-12-21,0.117142857,0.42857142857142855
P957,2015-12-22,0.0449999995,0.5
P957,2015-12-23,0.11785714364285714,0.7142857142857143
P957,2015-12-24,0.09181818272727273,0.6363636363636364
P957,2015-12-25,0.09764705923529413,0.7647058823529411
P957,2015-12-26,0.10363636363636365,0.45454545454545453
P957,2015-12-27,0.10166666716666667,0.6666666666666666
P957,2015-12-28,0.1169230773846154,0.46153846153846156
P957,2015-12-29,0.09866666773333334,0.8
P957,2015-12-30,0.10166666716666667,0.8888888888888888
P957,2015-12-31,0.09000000033333334,0.5333333333333333
P957,2016-01-01,0.10166666716666667,0.3333333333333333
P957,2016-01-02,0.07999999993333334,0.7333333333333333
P957,2016-01-03,0.12642857214285713,0.6428571428571429
P957,2016-01-04,0.11833333374999999,0.6666666666666666
P957,2016-01-05,0.06285714328571428,0.42857142857142855
P957,2016-01-06,0.12416666724999999,0.75
P957,2016-01-07,0.0620000002,0.6
P957,2016-01-08,0.11071428635714287,0.7142857142857143
P957,2016-01-09,0.11400000066666667,0.6
P957,2016-01-10,0.10500000108333334,0.6666666666666666
P957,2016-01-11,0.10400000005000001,0.7
P957,2016-01-12,0.06545454572727273,0.7272727272727273
P957,2016-01-13,0.11692307769230768,0.6153846153846154
P957,2016-01-14,0.1087500005625,0.625
P957,2016-01-15,0.10500000108333334,0.5833333333333334
P957,2016-01-16,0.05999999958333333,0.5833333333333334
P957,2016-01-17,0.10764705935294117,0.35294117647058826
P957,2016-01-18,0.11800000066666666,0.6
P957,2016-01-19,0.11500000071428572,0.5
P957,2016-01-20,0.09000000083333333,0.4166666666666667
P957,2016-01-21,0.08499999975,0.5
P957,2016-01-22,0.10647058876470587,0.47058823529411764
P957,2016-01-23,0.11785714364285714,0.5714285714285714
P957,2016-01-24,0.09181818272727273,0.7272727272727273
P957,2016-01-25,0.08499999975,0.25
P957,2016-01-26,0.1370000006,0.7
P957,2016-01-27,0.100588236,0.47058823529411764
P957,2016-01-28,0.07,0.625
P957,2016-01-29,0.1270000009,0.6
P957,2016-01-30,0.10166666716666667,0.7222222222222222
P957,2016-01-31,0.0968750005,0.5
P957,2016-02-01,0.066923077,0.7692307692307693
P957,2016-02-02,0.11714285804761904,0.6666666666666666
P957,2016-02-03,0.07999999993333334,0.5333333333333333
P957,2016-02-04,0.1200000006,0.6666666666666666
P957,2016-02-05,0.12666666822222222,0.6666666666666666
P957,2016-02-06,0.09882352958823529,0.47058823529411764
P957,2016-02-07,0.0937500006875,0.4375
P957,2016-02-08,0.11666666666666667,0.2222222222222222
P957,2016-02-09,0.10785714321428572,0.5714285714285714
P957,2016-02-10,0.07666666716666666,0.4166666666666667
P957,2016-02-11,0.13000000088888888,0.5555555555555556
P957,2016-02-12,0.09181818272727273,0.5454545454545454
P957,2016-02-13,0.10333333322222221,0.4444444444444444
P957,2016-02-14,0.1060000006,1.0
P957,2016-02-15,0.09000000022222222,0.5555555555555556
P957,2016-02-16,0.11500000071428572,0.7142857142857143
P957,2016-02-17,0.09538461584615385,0.6153846153846154
P957,2016-02-18,0.066923077,0.5384615384615384
P957,2016-02-19,0.12642857214285713,0.42857142857142855
P957,2016-02-20,0.10166666716666667,0.6666666666666666
P957,2016-02-21,0.1169230773846154,0.15384615384615385
P957,2016-02-22,0.09950000065,0.65
P957,2016-02-23,0.09181818272727273,0.5454545454545454
P957,2016-02-24,0.10333333322222221,0.1111111111111111
P957,2016-02-25,0.11166666725,0.5
P957,2016-02-26,0.06444444444444444,0.3333333333333333
P957,2016-02-27,0.10166666716666667,0.6666666666666666
P957,2016-02-28,0.11600000073333333,0.4
P957,2016-02-29,0.1100000006,0.8
P957,2016-03-01,0.05888888866666667,0.7777777777777778
P957,2016-03-02,0.13000000090909092,0.7272727272727273
P957,2016-03-03,0.09600000045,0.5
P957,2016-03-04,0.1087500005625,0.5
P957,2016-03-05,0.10500000108333334,0.5833333333333334
P957,2016-03-06,0.09000000033333334,0.5333333333333333
P957,2016-03-07,0.12375000012500001,0.625
P957,2016-03-08,0.09700000045,0.55
P957,2016-03-09,0.1100000010909091,0.5454545454545454
P957,2016-03-10,0.0950000004375,0.3125
P957,2016-03-11,0.10333333322222223,0.4444444444444444
P957,2016-03-12,0.11166666725,0.5833333333333334
P957,2016-03-13,0.053636363636363635,0.6363636363636364
P957,2016-03-14,0.17714285842857144,0.7142857142857143
P957,2016-03-15,0.06999999999999999,0.5833333333333334
P957,2016-03-16,0.10466666726666668,0.6
P957,2016-03-17,0.1388888898888889,0.4444444444444444
P957,2016-03-18,0.10250000035,0.65
P957,2016-03-19,0.08333333433333333,0.5
P957,2016-03-20,0.11000000061904763,0.47619047619047616
P957,2016-03-21,0.0950000004375,0.375
P957,2016-03-22,0.079230769,0.5384615384615384
P957,2016-03-23,0.14600000070000002,0.5
P957,2016-03-24,0.1010526322631579,0.631578947368421
P957,2016-03-25,0.09538461584615385,0.46153846153846156
P957,2016-03-26,0.10421052710526316,0.3684210526315789
P957,2016-03-27,0.10166666716666667,0.6111111111111112
P957,2016-03-28,0.08357142842857143,0.6428571428571429
P957,2016-03-29,0.10384615430769231,0.6923076923076923
P957,2016-03-30,0.088571429,0.7619047619047619
P957,2016-03-31,0.14727272827272728,0.7272727272727273
P957,2016-04-01,0.10153846246153846,0.38461538461538464
P957,2016-04-02,0.065454545,0.45454545454545453
P957,2016-04-03,0.10166666716666667,0.5555555555555556
P957,2016-04-04,0.155000001125,0.375
P957,2016-04-05,0.07,0.5
P957,2016-04-06,0.11400000066666667,0.3333333333333333
P957,2016-04-07,0.10692307753846153,0.6153846153846154
P957,2016-04-08,0.05363636363636364,0.45454545454545453
P957,2016-04-09,0.10764705935294117,0.11764705882352941
P957,2016-04-10,0.11800000066666666,0.4
P957,2016-04-11,0.11833333374999999,0.4166666666666667
P957,2016-04-12,0.08461538561538462,0.46153846153846156
P957,2016-04-13,0.09153846146153846,0.3076923076923077
P957,2016-04-14,0.1388888898888889,0.6666666666666666
P957,2016-04-15,0.08714285785714285,0.6428571428571429
P957,2016-04-16,0.09749999991666668,0.3333333333333333
P957,2016-04-17,0.10166666716666667,0.5
P957,2016-04-18,0.12636363690909092,0.45454545454545453
P957,2016-04-19,0.08461538561538462,0.38461538461538464
P957,2016-04-20,0.09153846146153846,0.6153846153846154
P957,2016-04-21,0.11600000073333333,0.6666666666666666
P957,2016-04-22,0.1060000006,0.5
P957,2016-04-23,0.10421052710526316,0.631578947368421
P957,2016-04-24,0.0824999995,0.25
P957,2016-04-25,0.1169230773846154,0.6923076923076923
P957,2016-04-26,0.08333333433333334,0.5833333333333334
P957,2016-04-27,0.11666666666666667,0.8888888888888888
P957,2016-04-28,0.10166666716666667,0.6666666666666666
P957,2016-04-29,0.10090909154545455,0.45454545454545453
P957,2016-04-30,0.07250000008333334,0.25
P957,2016-05-01,0.15111111177777778,0.8888888888888888
P957,2016-05-02,0.09533333406666666,0.4666666666666667
P957,2016-05-03,0.096250000375,0.5
P957,2016-05-04,0.11142857178571429,0.42857142857142855
P957,2016-05-05,0.1010526322631579,0.47368421052631576
P957,2016-05-06,0.10166666716666667,0.5
P957,2016-05-07,0.08272727345454546,0.7272727272727273
P957,2016-05-08,0.13142857157142857,0.42857142857142855
P957,2016-05-09,0.1013333338,0.6
P957,2016-05-10,0.053636363636363635,0.5454545454545454
P957,2016-05-11,0.10166666716666667,0.4444444444444444
P957,2016-05-12,0.13307692392307693,0.7692307692307693
P957,2016-05-13,0.1060000006,0.4
P957,2016-05-14,0.10421052710526317,0.42105263157894735
P957,2016-05-15,0.09882352958823529,0.6470588235294118
P957,2016-05-16,0.0937500006875,0.625
P957,2016-05-17,0.10363636363636365,0.6363636363636364
P957,2016-05-18,0.1169230773846154,0.38461538461538464
P957,2016-05-19,0.09000000107692308,0.46153846153846156
P957,2016-05-20,0.079230769,0.5384615384615384
P957,2016-05-21,0.14600000070000002,0.6
P957,2016-05-22,0.09500000071428572,0.42857142857142855
P957,2016-05-23,0.07250000008333334,0.4166666666666667
P957,2016-05-24,0.10166666716666667,0.7777777777777778
P957,2016-05-25,0.13500000091666667,0.3333333333333333
P957,2016-05-26,0.0975000005,0.5833333333333334
P957,2016-05-27,0.08800000026666668,0.7333333333333333
P957,2016-05-28,0.09785714328571428,0.5714285714285714
P957,2016-05-29,0.111250000625,0.3125
P957,2016-05-30,0.09000000038095238,0.5714285714285714
P957,2016-05-31,0.13500000091666667,0.5
P957,2016-06-01,0.09947368463157895,0.42105263157894735
P957,2016-06-02,0.10500000108333334,0.75
P957,2016-06-03,0.09500000043750001,0.6875
P957,2016-06-04,0.10809523838095239,0.6666666666666666
P957,2016-06-05,0.059,0.7
P957,2016-06-06,0.12923077,0.5384615384615384
P957,2016-06-07,0.10166666716666667,0.5555555555555556
P957,2016-06-08,0.08954545490909091,0.36363636363636365
P957,2016-06-09,0.135000002,0.6666666666666666
P957,2016-06-10,0.07357142835714285,0.5714285714285714
P957,2016-06-11,0.10166666716666667,0.7777777777777778
P957,2016-06-12,0.12642857214285713,0.5714285714285714
P957,2016-06-13,0.1169230773846154,0.6923076923076923
P957,2016-06-14,0.08333333433333334,0.5
P957,2016-06-15,0.10166666716666667,0.5
P957,2016-06-16,0.13142857157142857,0.7142857142857143
P957,2016-06-17,0.05888888866666667,0.7777777777777778
P957,2016-06-18,0.14444444566666667,0.6666666666666666
P957,2016-06-19,0.09000000083333333,0.4166666666666667
P957,2016-06-20,0.10166666716666667,0.5555555555555556
P957,2016-06-21,0.079230769,0.15384615384615385
P957,2016-06-22,0.12357142935714285,0.42857142857142855
P957,2016-06-23,0.11230769261538462,0.8461538461538461
P957,2016-06-24,0.07666666716666666,0.4166666666666667
P957,2016-06-25,0.10384615430769231,0.46153846153846156
P957,2016-06-26,0.10588235352941176,0.35294117647058826
P957,2016-06-27,0.1133333341111111,0.8888888888888888
P957,2016-06-28,0.08800000026666667,0.8666666666666667
P957,2016-06-29,0.1057894745263158,0.42105263157894735
P957,2016-06-30,0.07999999993333334,0.5333333333333333
P957,2016-07-01,0.162222223,0.4444444444444444
P957,2016-07-02,0.09000000107692308,0.3076923076923077
P957,2016-07-03,0.07357142835714285,0.5
P957,2016-07-04,0.17714285842857144,0.2857142857142857
P957,2016-07-05,0.07,0.375
P957,2016-07-06,0.10166666716666667,0.4444444444444444
P957,2016-07-07,0.1215384623846154,0.6923076923076923
P957,2016-07-08,0.09928571514285714,0.5
P957,2016-07-09,0.10166666716666667,0.3888888888888889
P957,2016-07-10,0.07461538423076923,0.5384615384615384
P957,2016-07-11,0.13700000110000002,0.6
P957,2016-07-12,0.10153846246153846,0.5384615384615384
P957,2016-07-13,0.0824999995,0.375
P957,2016-07-14,0.1169230773846154,0.5384615384615384
P957,2016-07-15,0.08333333433333334,0.3333333333333333
P957,2016-07-16,0.08571428564285714,0.2857142857142857
P957,2016-07-17,0.11625000070833334,0.7083333333333334
P957,2016-07-18,0.09823529488235294,0.6470588235294118
P957,2016-07-19,0.10166666716666667,0.7222222222222222
P957,2016-07-20,0.09764705923529413,0.47058823529411764
P957,2016-07-21,0.08571428564285714,0.5
P957,2016-07-22,0.14600000070000002,0.7
P957,2016-07-23,0.074545455,0.09090909090909091
P957,2016-07-24,0.1057894745263158,0.42105263157894735
P957,2016-07-25,0.09153846146153846,0.5384615384615384
P957,2016-07-26,0.11600000073333333,0.3333333333333333
P957,2016-07-27,0.1100000010909091,0.5454545454545454
P957,2016-07-28,0.10166666716666667,0.6111111111111112
P957,2016-07-29,0.08357142842857143,0.7857142857142857
P957,2016-07-30,0.12300000070000001,0.7
P957,2016-07-31,0.0950000011,0.5
P957,2016-08-01,0.079230769,0.8461538461538461
P957,2016-08-02,0.14600000070000002,0.6
P957,2016-08-03,0.10166666716666667,0.4444444444444444
P957,2016-08-04,0.074545455,0.45454545454545453
P957,2016-08-05,0.11636363709090909,0.45454545454545453
P957,2016-08-06,0.10166666716666667,0.6111111111111112
P957,2016-08-07,0.11142857178571429,0.7857142857142857
P957,2016-08-08,0.1006250006875,0.4375
P957,2016-08-09,0.059,0.5
P957,2016-08-10,0.14600000070000002,0.7
P957,2016-08-11,0.08333333433333334,0.4166666666666667
P957,2016-08-12,0.09749999991666668,0.6666666666666666
P957,2016-08-13,0.10588235352941176,0.6470588235294118
P957,2016-08-14,0.11500000071428572,0.21428571428571427
P957,2016-08-15,0.08272727345454546,0.6363636363636364
P957,2016-08-16,0.09153846146153846,0.6153846153846154
P957,2016-08-17,0.10409090963636364,0.5
P957,2016-08-18,0.086250000375,0.6875
P957,2016-08-19,0.10764705935294117,0.5882352941176471
P957,2016-08-20,0.12357142935714285,0.5714285714285714
P957,2016-08-21,0.1100000006,0.4
P957,2016-08-22,0.039999999714285715,0.5714285714285714
P957,2016-08-23,0.15857143057142856,0.5714285714285714
P957,2016-08-24,0.09882352958823529,0.5882352941176471
P957,2016-08-25,0.07818181827272727,0.5454545454545454
P957,2016-08-26,0.128000002,0.2
P957,2016-08-27,0.10363636363636365,0.6363636363636364
P957,2016-08-28,0.0978947372631579,0.5789473684210527
P957,2016-08-29,0.0973684215263158,0.3684210526315789
P957,2016-08-30,0.11600000073333333,0.3333333333333333
P957,2016-08-31,0.11142857178571429,0.5
P957,2016-09-01,0.04625000025,0.75
P957,2016-09-02,0.14090909190909093,0.6363636363636364
P957,2016-09-03,0.09928571514285714,0.42857142857142855
P957,2016-09-04,0.065454545,0.8181818181818182
P957,2016-09-05,0.14090909190909093,0.6363636363636364
P957,2016-09-06,0.08272727345454546,0.45454545454545453
P957,2016-09-07,0.09705882364705883,0.5294117647058824
P957,2016-09-08,0.12300000070000001,0.6
P957,2016-09-09,0.10411764764705882,0.7647058823529411
P957,2016-09-10,0.07333333344444444,0.6666666666666666
P957,2016-09-11,0.086250000375,0.6875
P957,2016-09-12,0.13307692392307693,0.6923076923076923
P957,2016-09-13,0.1100000010909091,0.36363636363636365
P957,2016-09-14,0.065454545,0.45454545454545453
P957,2016-09-15,0.10705882405882354,0.5294117647058824
P957,2016-09-16,0.1253846162307692,0.46153846153846156
P957,2016-09-17,0.10153846246153846,0.5384615384615384
P957,2016-09-18,0.0950000004375,0.625
P957,2016-09-19,0.1399999985,0.75
P957,2016-09-20,0.0995238101904762,0.6666666666666666
P957,2016-09-21,0.10153846246153846,0.5384615384615384
P957,2016-09-22,0.0824999995,0.375
P957,2016-09-23,0.09750000045833333,0.2916666666666667
P957,2016-09-24,0.086250000375,0.5625
P957,2016-09-25,0.14000000083333333,0.4166666666666667
P957,2016-09-26,0.10090909154545455,0.45454545454545453
P957,2016-09-27,0.09000000022222222,0.6666666666666666
P957,2016-09-28,0.10529411823529411,0.35294117647058826
P957,2016-09-29,0.11230769261538462,0.6923076923076923
P957,2016-09-30,0.057500000375,0.75
P957,2016-10-01,0.1336363642727273,0.45454545454545453
P957,2016-10-02,0.09500000071428572,0.7142857142857143
P957,2016-10-03,0.08800000026666667,0.3333333333333333
P957,2016-10-04,0.10900000089999999,0.45
P957,2016-10-05,0.07357142835714285,0.5714285714285714
P957,2016-10-06,0.1550000011,0.1
P957,2016-10-07,0.10250000025,0.375
P957,2016-10-08,0.09875000106250001,0.8125
P957,2016-10-09,0.0824999995,0.625
P957,2016-10-10,0.08590909127272728,0.6363636363636364
P957,2016-10-11,0.14727272827272728,0.45454545454545453
P957,2016-10-12,0.07333333344444444,0.7777777777777778
P957,2016-10-13,0.11000000058333333,0.5833333333333334
P957,2016-10-14,0.11500000071428572,0.5714285714285714
P957,2016-10-15,0.08272727345454546,0.36363636363636365
P957,2016-10-16,0.07999999993333334,0.3333333333333333
P957,2016-10-17,0.14727272827272728,0.7272727272727273
P957,2016-10-18,0.09181818272727273,0.45454545454545453
P957,2016-10-19,0.10333333322222221,0.5555555555555556
P957,2016-10-20,0.1100000006,0.6666666666666666
P957,2016-10-21,0.10250000025,0.1875
P957,2016-10-22,0.08461538561538462,0.5384615384615384
P957,2016-10-23,0.10526315847368421,0.5263157894736842
P957,2016-10-24,0.09764705923529413,0.5294117647058824
P957,2016-10-25,0.1100000001,0.7
P957,2016-10-26,0.11166666725,0.5
P957,2016-10-27,0.0968750005,0.5625
P957,2016-10-28,0.10421052710526317,0.3157894736842105
P957,2016-10-29,0.065454545,0.6363636363636364
P957,2016-10-30,0.11250000056250001,0.375
P957,2016-10-31,0.12666666822222222,0.7777777777777778
P957,2016-11-01,0.0709999995,0.6
P957,2016-11-02,0.13363636427272726,0.45454545454545453
P957,2016-11-03,0.08750000039285714,0.39285714285714285
P957,2016-11-04,0.092941177,0.5294117647058824
P957,2016-11-05,0.10166666716666667,0.3888888888888889
P957,2016-11-06,0.14000000083333333,0.5833333333333334
P957,2016-11-07,0.10733333373333333,0.4666666666666667
P957,2016-11-08,0.10176470635294117,0.29411764705882354
P957,2016-11-09,0.05222222255555556,0.4444444444444444
P957,2016-11-10,0.12923077,0.6923076923076923
P957,2016-11-11,0.0950000011,0.3
P957,2016-11-12,0.10473684236842105,0.5263157894736842
P957,2016-11-13,0.0937500006875,0.6875
P957,2016-11-14,0.09153846146153846,0.5384615384615384
P957,2016-11-15,0.10166666716666667,0.5555555555555556
P957,2016-11-16,0.1370000006,0.9
P957,2016-11-17,0.05222222255555556,0.6666666666666666
P957,2016-11-18,0.12923077,0.46153846153846156
P957,2016-11-19,0.10500000108333334,0.5
P957,2016-11-20,0.09000000033333334,0.6666666666666666
P957,2016-11-21,0.12375000012500001,0.5
P957,2016-11-22,0.10166666716666667,0.4444444444444444
P957,2016-11-23,0.0975000005,0.4166666666666667
P957,2016-11-24,0.10166666716666667,0.3888888888888889
P957,2016-11-25,0.09823529488235294,0.7058823529411765
P957,2016-11-26,0.079230769,0.46153846153846156
P957,2016-11-27,0.15111111177777778,0.7777777777777778
P957,2016-11-28,0.09533333406666666,0.8
P957,2016-11-29,0.10550000050000001,0.5
P957,2016-11-30,0.053636363636363635,0.36363636363636365
P957,2016-12-01,0.1550000011,0.5
P957,2016-12-02,0.03499999975,1.0
P957,2016-12-03,0.12642857214285713,0.42857142857142855
P957,2016-12-04,0.1087500005625,0.6875
P957,2016-12-05,0.10500000108333334,0.4166666666666667
P957,2016-12-06,0.09882352958823529,0.7647058823529411
P957,2016-12-07,0.0840000001,0.8
P957,2016-12-08,0.11400000066666666,0.3333333333333333
P957,2016-12-09,0.10785714321428572,0.5714285714285714
P957,2016-12-10,0.09772727331818182,0.8181818181818182
P957,2016-12-11,0.10785714321428572,0.2857142857142857
P957,2016-12-12,0.08461538561538462,0.6923076923076923
P957,2016-12-13,0.09749999991666668,0.5
P957,2016-12-14,0.12666666822222222,0.3333333333333333
P957,2016-12-15,0.0709999995,0.6
P957,2016-12-16,0.1388888898888889,0.3333333333333333
P957,2016-12-17,0.07,0.625
P957,2016-12-18,0.10588235352941176,0.5882352941176471
P957,2016-12-19,0.1169230773846154,0.38461538461538464
P957,2016-12-20,0.04111111133333333,0.2222222222222222
P957,2016-12-21,0.162222223,0.6666666666666666
P957,2016-12-22,0.0620000002,0.6
P957,2016-12-23,0.114285715,0.6428571428571429
P957,2016-12-24,0.09181818272727273,0.7272727272727273
P957,2016-12-25,0.117142857,0.8571428571428571
P957,2016-12-26,0.09181818272727273,0.45454545454545453
P957,2016-12-27,0.07357142835714285,0.7857142857142857
P957,2016-12-28,0.10764705935294118,0.4117647058823529
P957,2016-12-29,0.12923077,0.6153846153846154
P957,2016-12-30,0.10692307753846154,0.7692307692307693
P957,2016-12-31,0.059,0.4
P957,2017-01-01,0.12357142935714285,0.2857142857142857
P957,2017-01-02,0.10000000111111113,0.6666666666666666
P957,2017-01-03,0.09090909063636364,0.5454545454545454
P957,2017-01-04,0.1215384623846154,0.38461538461538464
P957,2017-01-05,0.10133333380000001,0.6666666666666666
P957,2017-01-06,0.08000000023076924,0.46153846153846156
P957,2017-01-07,0.1038461543076923,0.5384615384615384
P957,2017-01-08,0.12636363690909092,0.2727272727272727
P957,2017-01-09,0.09071428678571428,0.21428571428571427
P957,2017-01-10,0.10166666716666667,0.6111111111111112
P957,2017-01-11,0.08499999975,0.5
P957,2017-01-12,0.10166666716666667,0.3888888888888889
P957,2017-01-13,0.12071428642857143,0.5
P957,2017-01-14,0.0950000011,0.9
P957,2017-01-15,0.10473684236842107,0.42105263157894735
P957,2017-01-16,0.07818181827272727,0.5454545454545454
P957,2017-01-17,0.1253846162307692,0.8461538461538461
P957,2017-01-18,0.10153846246153846,0.6153846153846154
P957,2017-01-19,0.10166666716666667,0.5
P957,2017-01-20,0.10166666716666667,0.6666666666666666
P957,2017-01-21,0.065454545,0.45454545454545453
P957,2017-01-22,0.11250000056250001,0.3125
P957,2017-01-23,0.12416666725000002,0.5833333333333334
P957,2017-01-24,0.08333333433333334,0.4166666666666667
P957,2017-01-25,0.11666666666666667,0.2222222222222222
P957,2017-01-26,0.10090909154545455,0.45454545454545453
P957,2017-01-27,0.08800000026666667,0.6666666666666666
P957,2017-01-28,0.10166666716666667,0.7777777777777778
P957,2017-01-29,0.11636363709090909,0.45454545454545453
P957,2017-01-30,0.1100000006,0.4
P957,2017-01-31,0.10166666716666667,0.4444444444444444
P957,2017-02-01,0.09538461584615385,0.46153846153846156
P957,2017-02-02,0.10421052710526316,0.6842105263157895
P957,2017-02-03,0.09500000043750001,0.75
P957,2017-02-04,0.08499999975,0.3333333333333333
P957,2017-02-05,0.11600000073333333,0.4666666666666667
P957,2017-02-06,0.11142857178571429,0.7142857142857143
P957,2017-02-07,0.08333333433333334,0.5833333333333334
P957,2017-02-08,0.09153846146153846,0.6153846153846154
P957,2017-02-09,0.111250000625,0.8125
P957,2017-02-10,0.1087500005625,0.4375
P957,2017-02-11,0.10692307753846153,0.6923076923076923
P957,2017-02-12,0.08000000023076924,0.46153846153846156
P957,2017-02-13,0.1038461543076923,0.7692307692307693
P957,2017-02-14,0.11785714364285714,0.5714285714285714
P957,2017-02-15,0.09181818272727273,0.6363636363636364
P957,2017-02-16,0.0925,0.375
P957,2017-02-17,0.10166666716666667,0.5555555555555556
P957,2017-02-18,0.11391304413043478,0.6086956521739131
P957,2017-02-19,0.09266666746666667,0.4
P957,2017-02-20,0.10809523838095239,0.47619047619047616
P957,2017-02-21,0.0968750005,0.4375
P957,2017-02-22,0.07818181827272727,0.6363636363636364
P957,2017-02-23,0.1253846162307692,0.5384615384615384
P957,2017-02-24,0.10357142907142858,0.6428571428571429
P957,2017-02-25,0.09266666746666667,0.6666666666666666
P957,2017-02-26,0.09764705923529413,0.8235294117647058
P957,2017-02-27,0.10526315847368421,0.5789473684210527
P957,2017-02-28,0.07357142835714285,0.6428571428571429
P957,2017-03-01,0.14000000083333333,0.5833333333333334
P957,2017-03-02,0.10411764764705882,0.7647058823529411
P957,2017-03-03,0.09700000045,0.7
P957,2017-03-04,0.10470588282352941,0.8823529411764706
P957,2017-03-05,0.10785714321428572,0.5
P957,2017-03-06,0.100588236,0.29411764705882354
P957,2017-03-07,0.0968750005,0.4375
P957,2017-03-08,0.07818181827272727,0.8181818181818182
P957,2017-03-09,0.12071428642857142,0.5
P957,2017-03-10,0.10166666716666667,0.6111111111111112
P957,2017-03-11,0.10692307753846154,0.6153846153846154
P957,2017-03-12,0.06444444444444446,0.3333333333333333
P957,2017-03-13,0.10166666716666667,0.5555555555555556
P957,2017-03-14,0.10409090963636364,0.5454545454545454
P957,2017-03-15,0.137500001,0.75
P957,2017-03-16,0.10235294147058824,0.5294117647058824
P957,2017-03-17,0.04111111133333333,0.6666666666666666
P957,2017-03-18,0.1550000011,0.7
P957,2017-03-19,0.10000000047368421,0.42105263157894735
P957,2017-03-20,0.10352941229411765,0.47058823529411764
P957,2017-03-21,0.09928571514285714,0.7142857142857143
P957,2017-03-22,0.10166666716666667,0.7222222222222222
P957,2017-03-23,0.05999999958333333,0.5833333333333334
P957,2017-03-24,0.14727272827272728,0.5454545454545454
P957,2017-03-25,0.08500000029166667,0.625
P957,2017-03-26,0.14090909190909093,0.7272727272727273
P957,2017-03-27,0.05888888866666667,0.4444444444444444
P957,2017-03-28,0.0987500005625,0.6875
P957,2017-03-29,0.11800000066666666,0.5333333333333333
P957,2017-03-30,0.1133333341111111,0.6666666666666666
P957,2017-03-31,0.066923077,0.5384615384615384
P957,2017-04-01,0.12000000059999999,0.3333333333333333
P957,2017-04-02,0.11400000066666666,0.6
P957,2017-04-03,0.08666666766666667,0.7777777777777778
P957,2017-04-04,0.11666666666666667,0.4444444444444444
P957,2017-04-05,0.10166666716666667,0.5
P957,2017-04-06,0.106250000625,0.625
P957,2017-04-07,0.10000000047368421,0.47368421052631576
P957,2017-04-08,0.0975000005,0.5833333333333334
P957,2017-04-09,0.0937500006875,0.5625
P957,2017-04-10,0.1100000001,0.7
P957,2017-04-11,0.11230769261538462,0.5384615384615384
P957,2017-04-12,0.09875000106250001,0.875
P957,2017-04-13,0.05999999958333333,0.5833333333333334
P957,2017-04-14,0.11375000056250001,0.625
P957,2017-04-15,0.10647058876470587,0.5882352941176471
P957,2017-04-16,0.12416666724999999,0.4166666666666667
P957,2017-04-17,0.09866666773333334,0.4666666666666667
P957,2017-04-18,0.10318181845454545,0.5909090909090909
P957,2017-04-19,0.09318181854545454,0.45454545454545453
P957,2017-04-20,0.09857142985714286,0.2857142857142857
P957,2017-04-21,0.07999999993333334,0.6666666666666666
P957,2017-04-22,0.10764705935294117,0.35294117647058826
P957,2017-04-23,0.12923077,0.38461538461538464
P957,2017-04-24,0.09285714323809524,0.47619047619047616
P957,2017-04-25,0.12416666725000002,0.4166666666666667
P957,2017-04-26,0.09500000071428572,0.5714285714285714
P957,2017-04-27,0.0937500006875,0.6875
P957,2017-04-28,0.10363636363636365,0.2727272727272727
P957,2017-04-29,0.11200000066666667,0.7333333333333333
P957,2017-04-30,0.09181818272727273,0.5454545454545454
P957,2017-05-01,0.10700000055,0.65
P957,2017-05-02,0.10400000005000001,0.65
P957,2017-05-03,0.07666666716666666,0.25
P957,2017-05-04,0.09588235329411765,0.4117647058823529
P957,2017-05-05,0.10684210589473683,0.7368421052631579
P957,2017-05-06,0.11000000058333333,0.3333333333333333
P957,2017-05-07,0.11818181890909091,0.9090909090909091
P957,2017-05-08,0.0968750005,0.5
P957,2017-05-09,0.1037500005,0.625
P957,2017-05-10,0.10357142907142856,0.6428571428571429
P957,2017-05-11,0.09266666746666667,0.4
P957,2017-05-12,0.0925,0.3125
P957,2017-05-13,0.09200000039999999,0.4
P957,2017-05-14,0.12923077,0.46153846153846156
P957,2017-05-15,0.10625000062500001,0.1875
P957,2017-05-16,0.09000000083333333,0.5833333333333334
P957,2017-05-17,0.0969999998,0.6
P957,2017-05-18,0.11833333374999999,0.5833333333333334
P957,2017-05-19,0.07666666716666666,0.5833333333333334
P957,2017-05-20,0.1038461543076923,0.46153846153846156
P957,2017-05-21,0.11400000066666667,0.6
P957,2017-05-22,0.09600000045,0.55
P957,2017-05-23,0.09857142985714286,0.7142857142857143
P957,2017-05-24,0.1100000001,0.5
P957,2017-05-25,0.11230769261538462,0.6153846153846154
P957,2017-05-26,0.06545454572727273,0.45454545454545453
P957,2017-05-27,0.11692307769230768,0.6923076923076923
P957,2017-05-28,0.11500000071428572,0.35714285714285715
P957,2017-05-29,0.10235294147058824,0.47058823529411764
P957,2017-05-30,0.10166666716666667,0.4444444444444444
P957,2017-05-31,0.09500000071428572,0.7857142857142857
P957,2017-06-01,0.09823529488235294,0.5294117647058824
P957,2017-06-02,0.0925,0.5
P957,2017-06-03,0.09200000039999999,0.6
P957,2017-06-04,0.14600000070000002,0.6
P957,2017-06-05,0.10176470635294117,0.47058823529411764
P957,2017-06-06,0.0470000003,0.4
P957,2017-06-07,0.1550000011,0.8
P957,2017-06-08,0.10250000025,0.8125
P957,2017-06-09,0.07666666716666666,0.5833333333333334
P957,2017-06-10,0.11000000058333333,0.16666666666666666
P957,2017-06-11,0.1169230773846154,0.38461538461538464
P957,2017-06-12,0.1006250006875,0.625
P957,2017-06-13,0.10250000035,0.65
P957,2017-06-14,0.10176470635294117,0.5294117647058824
P957,2017-06-15,0.07666666716666666,0.5833333333333334
P957,2017-06-16,0.10166666716666667,0.6666666666666666
P957,2017-06-17,0.09200000039999999,0.6
P957,2017-06-18,0.14090909190909093,0.6363636363636364
P957,2017-06-19,0.09928571514285714,0.5
P957,2017-06-20,0.10315789494736842,0.631578947368421
P957,2017-06-21,0.10000000082352942,0.47058823529411764
P957,2017-06-22,0.07461538423076923,0.38461538461538464
P957,2017-06-23,0.14444444566666667,0.5555555555555556
P957,2017-06-24,0.09000000083333333,0.5
P957,2017-06-25,0.08533333313333333,0.4
P957,2017-06-26,0.177500002,0.75
P957,2017-06-27,0.1055000005,0.5
P957,2017-06-28,0.08800000020000001,0.2
P957,2017-06-29,0.10500000108333334,0.75
P957,2017-06-30,0.07461538423076923,0.46153846153846156
P957,2017-07-01,0.11692307769230768,0.5384615384615384
P957,2017-07-02,0.10166666716666667,0.6111111111111112
P957,2017-07-03,0.1087500005625,0.5625
P957,2017-07-04,0.10625000062500001,0.375
P957,2017-07-05,0.08272727345454546,0.45454545454545453
P957,2017-07-06,0.0906249999375,0.5
P957,2017-07-07,0.13000000090909092,0.5454545454545454
P957,2017-07-08,0.10090909154545455,0.7272727272727273
P957,2017-07-09,0.066923077,0.7692307692307693
P957,2017-07-10,0.14727272827272728,0.45454545454545453
P957,2017-07-11,0.10352941229411765,0.47058823529411764
P957,2017-07-12,0.10235294147058824,0.4117647058823529
P957,2017-07-13,0.09000000107692308,0.5384615384615384
P957,2017-07-14,0.07357142835714285,0.7142857142857143
P957,2017-07-15,0.1550000011,0.6
P957,2017-07-16,0.09928571514285714,0.42857142857142855
P957,2017-07-17,0.0824999995,0.625
P957,2017-07-18,0.0978947372631579,0.3684210526315789
P957,2017-07-19,0.12636363690909092,0.5454545454545454
P957,2017-07-20,0.09565217452173913,0.4782608695652174
P957,2017-07-21,0.10166666716666667,0.5555555555555556
P957,2017-07-22,0.1100000010909091,0.36363636363636365
P957,2017-07-23,0.10315789494736842,0.6842105263157895
P957,2017-07-24,0.08000000023076924,0.6153846153846154
P957,2017-07-25,0.10166666716666667,0.3333333333333333
P957,2017-07-26,0.09785714328571428,0.35714285714285715
P957,2017-07-27,0.1385714297142857,0.5714285714285714
P957,2017-07-28,0.0840000001,0.7
P957,2017-07-29,0.1100000006875,0.5625
P957,2017-07-30,0.11166666725,0.25
P957,2017-07-31,0.053636363636363635,0.5454545454545454
P957,2017-08-01,0.1550000011,0.6
P957,2017-08-02,0.10166666716666667,0.3888888888888889
P957,2017-08-03,0.10000000047368421,0.5263157894736842
P957,2017-08-04,0.10357142907142858,0.5714285714285714
P957,2017-08-05,0.059,0.7
P957,2017-08-06,0.155000001125,0.375
P957,2017-08-07,0.059,0.7
P957,2017-08-08,0.12357142935714285,0.5714285714285714
P957,2017-08-09,0.1060000006,0.3
P957,2017-08-10,0.0840000001,0.5
P957,2017-08-11,0.10588235352941176,0.5882352941176471
P957,2017-08-12,0.11200000066666667,0.26666666666666666
P957,2017-08-13,0.10153846246153846,0.6153846153846154
P957,2017-08-14,0.09882352958823529,0.6470588235294118
P957,2017-08-15,0.0840000001,0.4
P957,2017-08-16,0.123750001,0.125
P957,2017-08-17,0.10200000043999999,0.64
P957,2017-08-18,0.10500000108333334,0.5833333333333334
P957,2017-08-19,0.05999999958333333,0.3333333333333333
P957,2017-08-20,0.17000000075,0.75
P957,2017-08-21,0.10166666716666667,0.6666666666666666
P957,2017-08-22,0.0987500010625,0.75
P957,2017-08-23,0.07461538423076923,0.7692307692307693
P957,2017-08-24,0.11692307769230768,0.5384615384615384
P957,2017-08-25,0.1133333341111111,0.5555555555555556
P957,2017-08-26,0.096250000375,0.875
P957,2017-08-27,0.11230769261538462,0.8461538461538461
P957,2017-08-28,0.06285714328571428,0.8571428571428571
P957,2017-08-29,0.12666666822222222,0.8888888888888888
P957,2017-08-30,0.05999999958333333,0.6666666666666666
P957,2017-08-31,0.13307692392307693,0.46153846153846156
P957,2017-09-01,0.09142857176190476,0.6190476190476191
P957,2017-09-02,0.10166666716666667,0.6111111111111112
P957,2017-09-03,0.0968421057368421,0.42105263157894735
P957,2017-09-04,0.12357142935714285,0.6428571428571429
P957,2017-09-05,0.11142857178571429,0.5714285714285714
P957,2017-09-06,0.10176470635294117,0.7058823529411765
P957,2017-09-07,0.08461538561538462,0.3076923076923077
P957,2017-09-08,0.09749999991666668,0.5
P957,2017-09-09,0.1100000006875,0.375
P957,2017-09-10,0.11166666725,0.25
P957,2017-09-11,0.059,0.6
P957,2017-09-12,0.10166666716666667,0.5555555555555556
P957,2017-09-13,0.09631578994736842,0.5263157894736842
P957,2017-09-14,0.10764705935294117,0.7058823529411765
P957,2017-09-15,0.11250000056250001,0.625
P957,2017-09-16,0.12636363690909092,0.36363636363636365
P957,2017-09-17,0.08461538561538462,0.38461538461538464
P957,2017-09-18,0.10363636363636365,0.9090909090909091
P957,2017-09-19,0.1087500005625,0.375
P957,2017-09-20,0.08666666766666667,0.7777777777777778
P957,2017-09-21,0.10363636363636365,0.5454545454545454
P957,2017-09-22,0.10529411823529411,0.47058823529411764
P957,2017-09-23,0.10166666716666667,0.6111111111111112
P957,2017-09-24,0.1100000006,0.6
P957,2017-09-25,0.10235294147058824,0.47058823529411764
P957,2017-09-26,0.10166666716666667,0.6666666666666666
P957,2017-09-27,0.04625000025,0.625
P957,2017-09-28,0.12923077,0.46153846153846156
P957,2017-09-29,0.10625000062500001,0.5625
P957,2017-09-30,0.039999999714285715,0.7142857142857143
P957,2017-10-01,0.14090909190909093,0.45454545454545453
P957,2017-10-02,0.05499999975,0.5
P977,2015-01-04,0.01,1.0
P977,2015-01-05,0.029999999,1.0
P977,2015-01-08,0.0350000005,0.5
P977,2015-01-10,0.039999999,0.0
P977,2015-01-14,0.0199999995,0.5
P977,2015-01-15,0.129999995,0.0
P977,2015-01-17,0.0,1.0
P977,2015-01-23,0.1750000005,1.0
P977,2015-01-24,0.055000002,0.5
P977,2015-01-25,0.10500000150000001,0.5
P977,2015-01-26,0.0,0.0
P977,2015-01-31,0.180000007,1.0
P977,2015-02-01,0.170000002,1.0
P977,2015-02-02,0.0,0.0
P977,2015-02-04,0.25,1.0
P977,2015-02-06,0.119999997,1.0
P977,2015-02-07,0.07,1.0
P977,2015-02-08,0.25,0.0
P977,2015-02-11,0.1299999985,0.5
P977,2015-02-15,0.200000003,0.0
P977,2015-02-17,0.150000006,1.0
P977,2015-02-18,0.200000003,1.0
P977,2015-02-22,0.180000007,0.0
P977,2015-02-26,0.129999995,0.0
P977,2015-02-28,0.059999999,0.0
P977,2015-03-01,0.050000001,0.0
P977,2015-03-02,0.119999997,0.0
P977,2015-03-06,0.170000002,1.0
P977,2015-03-08,0.140000004,1.0
P977,2015-03-09,0.039999999,1.0
P977,2015-03-15,0.090000004,1.0
P977,2015-03-19,0.130000003,0.0
P977,2015-03-20,0.159999996,0.0
P977,2015-03-22,0.07,1.0
P977,2015-03-24,0.150000006,0.0
P977,2015-03-30,0.159999996,0.0
P977,2015-04-13,0.150000006,0.0
P977,2015-04-15,0.07,0.0
P977,2015-04-17,0.129999995,0.0
P977,2015-04-22,0.044999999,1.0
P977,2015-04-24,0.129999995,1.0
P977,2015-04-25,0.119999997,0.0
P977,2015-04-26,0.119999997,0.0
P977,2015-05-03,0.050000001,0.0
P977,2015-05-08,0.059999999,1.0
P977,2015-05-15,0.100000001,1.0
P977,2015-05-18,0.07000000249999999,1.0
P977,2015-05-19,0.039999999,1.0
P977,2015-05-20,0.029999999,1.0
P977,2015-05-21,0.02,1.0
P977,2015-05-22,0.039999999,1.0
P977,2015-06-01,0.015,1.0
P977,2015-06-08,0.07,0.0
P977,2015-06-09,0.059999999,1.0
P977,2015-06-13,0.100000001,1.0
P977,2015-06-14,0.029999999,0.0
P977,2015-06-19,0.0,0.0
P977,2015-06-22,0.090000004,1.0
P977,2015-06-29,0.02,1.0
P977,2015-07-04,0.050000001,1.0
P977,2015-07-08,0.25,0.0
P977,2015-07-14,0.01,1.0
P977,2015-07-16,0.200000003,1.0
P977,2015-07-21,0.03999999966666667,1.0
P977,2015-07-24,0.1750000045,0.0
P977,2015-07-25,0.0149999995,0.5
P977,2015-07-27,0.059999999,0.0
P977,2015-07-29,0.0,1.0
P977,2015-08-01,0.02,0.0
P977,2015-08-03,0.25,0.0
P977,2015-08-06,0.20499999800000002,1.0
P977,2015-08-13,0.125000002,1.0
P977,2015-08-14,0.180000007,1.0
P977,2015-08-15,0.01,0.0
P977,2015-08-16,0.1400000025,0.75
P977,2015-08-19,0.129999995,0.0
P977,2015-08-20,0.159999996,1.0
P977,2015-08-22,0.119999997,1.0
P977,2015-08-26,0.029999999,1.0
P977,2015-08-28,0.0,1.0
P977,2015-08-29,0.21500000349999998,0.5
P977,2015-08-30,0.200000003,1.0
P977,2015-09-05,0.150000006,1.0
P977,2015-09-06,0.170000002,0.0
P977,2015-09-09,0.02,1.0
P977,2015-09-11,0.1750000045,0.0
P977,2015-09-12,0.01,0.0
P977,2015-09-15,0.0,0.0
P977,2015-09-18,0.1449999955,1.0
P977,2015-09-21,0.150000006,1.0
P977,2015-09-23,0.119999997,1.0
P977,2015-09-30,0.100000001,0.0
P977,2015-10-05,0.090000004,0.0
P977,2015-10-15,0.07,1.0
P977,2015-10-16,0.25,1.0
P977,2015-10-20,0.1449999955,1.0
P977,2015-10-22,0.200000003,0.0
P977,2015-10-23,0.059999999,0.0
P977,2015-10-28,0.119999997,1.0
P977,2015-11-02,0.100000001,1.0
P977,2015-11-03,0.100000001,0.0
P977,2015-11-04,0.050000001,1.0
P977,2015-11-05,0.090000004,0.0
P977,2015-11-11,0.0650000015,0.5
P977,2015-11-12,0.180000007,1.0
P977,2015-11-13,0.07,1.0
P977,2015-11-15,0.059999999,0.0
P977,2015-11-16,0.07,1.0
P977,2015-11-19,0.050000001,0.0
P977,2015-11-21,0.059999999,1.0
P977,2015-11-26,0.164999999,0.5
P977,2015-11-28,0.150000006,0.0
P977,2015-11-30,0.039999999,1.0
P977,2015-12-02,0.050000001,0.0
P977,2015-12-07,0.029999999,1.0
P977,2015-12-09,0.150000006,1.0
P977,2015-12-15,0.0299999995,1.0
P977,2015-12-28,0.029999999,0.0
P977,2015-12-30,0.029999999,0.0
P977,2016-01-01,0.02,0.0
P977,2016-01-10,0.01,1.0
P977,2016-01-11,0.02,1.0
P977,2016-01-12,0.01,1.0
P977,2016-01-15,0.0,0.0
P977,2016-01-16,0.129999995,1.0
P977,2016-01-21,0.01,1.0
P977,2016-01-23,0.0,1.0
P977,2016-01-27,0.0,0.0
P977,2016-02-06,0.25,0.0
P977,2016-02-07,0.25,1.0
P977,2016-02-13,0.129999995,1.0
P977,2016-02-15,0.200000003,1.0
P977,2016-02-16,0.180000007,1.0
P977,2016-02-18,0.119999997,0.0
P977,2016-02-20,0.1850000025,0.5
P977,2016-02-26,0.119999997,0.0
P977,2016-02-28,0.180000007,1.0
P977,2016-02-29,0.159999996,1.0
P977,2016-03-03,0.100000001,0.0
P977,2016-03-04,0.090000004,0.0
P977,2016-03-06,0.07,1.0
P977,2016-03-07,0.150000006,1.0
P977,2016-03-09,0.059999999,1.0
P977,2016-03-15,0.129999995,1.0
P977,2016-03-19,0.170000002,1.0
P977,2016-03-21,0.119999997,0.0
P977,2016-03-24,0.050000001,1.0
P977,2016-03-25,0.1299999985,0.0
P977,2016-03-28,0.25,1.0
P977,2016-04-02,0.100000001,1.0
P977,2016-04-07,0.200000003,0.0
P977,2016-04-11,0.090000004,0.0
P977,2016-04-12,0.090000004,1.0
P977,2016-04-15,0.05499999950000001,1.0
P977,2016-04-16,0.07,1.0
P977,2016-04-22,0.059999999,0.0
P977,2016-04-23,0.059999999,1.0
P977,2016-04-24,0.150000006,1.0
P977,2016-04-30,0.050000001,1.0
P977,2016-05-01,0.180000007,1.0
P977,2016-05-03,0.029999999,1.0
P977,2016-05-09,0.164999999,0.5
P977,2016-05-11,0.02,1.0
P977,2016-05-14,0.050000001,1.0
P977,2016-05-22,0.129999995,1.0
P977,2016-05-30,0.150000006,1.0
P977,2016-06-02,0.039999999,0.0
P977,2016-06-05,0.01,0.0
P977,2016-06-08,0.074999998,0.0
P977,2016-06-09,0.02,1.0
P977,2016-06-12,0.039999999,0.0
P977,2016-06-19,0.0,1.0
P977,2016-06-25,0.100000001,0.0
P977,2016-06-26,0.25,1.0
P977,2016-06-30,0.005,0.0
P977,2016-07-01,0.25,1.0
P977,2016-07-05,0.200000003,0.0
P977,2016-07-07,0.1450000035,1.0
P977,2016-07-14,0.029999999,1.0
P977,2016-07-18,0.180000007,0.0
P977,2016-07-23,0.07,0.0
P977,2016-07-25,0.02,1.0
P977,2016-07-27,0.059999999,1.0
P977,2016-07-28,0.180000007,0.0
P977,2016-08-07,0.170000002,1.0
P977,2016-08-08,0.170000002,1.0
P977,2016-08-10,0.129999995,1.0
P977,2016-08-12,0.08499999800000001,0.5
P977,2016-08-16,0.066666669,0.6666666666666666
P977,2016-08-22,0.159999996,0.0
P977,2016-08-26,0.150000006,1.0
P977,2016-08-30,0.039999999,1.0
P977,2016-09-01,0.2250000015,0.5
P977,2016-09-02,0.129999995,1.0
P977,2016-09-03,0.119999997,1.0
P977,2016-09-12,0.150000002,0.5
P977,2016-09-14,0.170000002,1.0
P977,2016-09-16,0.159999996,0.0
P977,2016-09-17,0.100000001,0.0
P977,2016-09-18,0.150000006,1.0
P977,2016-09-20,0.129999995,1.0
P977,2016-09-22,0.090000004,0.0
P977,2016-09-23,0.129999995,0.0
P977,2016-09-26,0.029999999,0.0
P977,2016-09-29,0.0699999985,0.5
P977,2016-09-30,0.119999997,0.0
P977,2016-10-05,0.01,0.0
P977,2016-10-13,0.0500000005,0.5
P977,2016-10-14,0.07,1.0
P977,2016-10-15,0.25,1.0
P977,2016-10-16,0.059999999,0.0
P977,2016-10-19,0.100000001,0.0
P977,2016-10-20,0.090000004,0.0
P977,2016-10-21,0.200000003,0.0
P977,2016-10-24,0.180000007,1.0
P977,2016-11-03,0.07,0.0
P977,2016-11-05,0.059999999,1.0
P977,2016-11-06,0.100000001,1.0
P977,2016-11-15,0.090000004,0.0
P977,2016-11-18,0.170000002,1.0
P977,2016-11-21,0.080000002,0.5
P977,2016-11-23,0.050000001,0.0
P977,2016-11-24,0.059999999,1.0
P977,2016-11-25,0.050000001,0.0
P977,2016-11-27,0.07,0.0
P977,2016-11-28,0.039999999,1.0
P977,2016-11-30,0.039999999,0.0
P977,2016-12-10,0.044999999,1.0
P977,2016-12-12,0.159999996,1.0
P977,2016-12-14,0.050000001,1.0
P977,2016-12-17,0.029999999,1.0
P977,2016-12-23,0.0950000025,1.0
P977,2016-12-25,0.015,1.0
P977,2016-12-28,0.029999999,0.0
P977,2016-12-29,0.050000001,1.0
P977,2017-01-05,0.129999995,1.0
P977,2017-01-08,0.039999999,1.0
P977,2017-01-11,0.01,0.5
P977,2017-01-15,0.02,1.0
P977,2017-01-23,0.25,1.0
P977,2017-01-24,0.01,1.0
P977,2017-01-25,0.0,0.0
P977,2017-01-27,0.119999997,0.0
P977,2017-01-29,0.25,0.0
P977,2017-02-02,0.029999999,1.0
P977,2017-02-03,0.01,0.0
P977,2017-02-11,0.100000001,1.0
P977,2017-02-12,0.0,0.0
P977,2017-02-15,0.25,1.0
P977,2017-02-17,0.02,0.0
P977,2017-02-19,0.01,0.0
P977,2017-03-01,0.0,1.0
P977,2017-03-04,0.090000004,1.0
P977,2017-03-05,0.200000003,0.5
P977,2017-03-07,0.180000007,1.0
P977,2017-03-16,0.25,1.0
P977,2017-03-21,0.1750000045,0.5
P977,2017-03-27,0.200000003,0.0
P977,2017-03-28,0.170000002,0.0
P977,2017-03-30,0.1700000015,0.5
P977,2017-04-01,0.170000002,0.0
P977,2017-04-02,0.200000003,0.0
P977,2017-04-03,0.16666667166666668,0.3333333333333333
P977,2017-04-04,0.07,0.0
P977,2017-04-07,0.059999999,0.0
P977,2017-04-11,0.1449999955,0.5
P977,2017-04-12,0.1350000015,1.0
P977,2017-04-14,0.129999995,1.0
P977,2017-04-16,0.159999996,1.0
P977,2017-04-18,0.050000001,0.0
P981,2017-04-23,0.0149999995,1.0
P981,2017-04-24,0.25,0.0
P981,2017-04-26,0.1100000015,1.0
P981,2017-05-01,0.01,1.0
P981,2017-05-02,0.0,0.0
P981,2017-05-06,0.119999997,0.0
P981,2017-05-08,0.01,1.0
P981,2017-05-15,0.170000002,0.0
P981,2017-05-17,0.20499999800000002,0.5
P981,2017-05-26,0.0,1.0
P981,2017-06-01,0.200000003,1.0
P981,2017-06-02,0.180000007,0.0
P981,2017-06-05,0.210000001,0.0
P981,2017-06-06,0.150000006,0.0
P981,2017-06-07,0.180000007,1.0
P981,2017-06-11,0.159999996,1.0
P981,2017-06-18,0.170000002,0.0
P981,2017-06-20,0.129999995,1.0
P981,2017-06-26,0.119999997,1.0
P981,2017-06-29,0.150000006,0.0
P981,2017-07-02,0.100000001,0.0
P981,2017-07-03,0.129999995,0.0
P981,2017-07-10,0.159999996,0.0
P981,2017-07-13,0.150000006,0.0
P981,2017-07-15,0.0950000025,0.5
P981,2017-07-17,0.090000004,0.0
P981,2017-07-18,0.09499999775000001,0.5
P981,2017-07-19,0.119999997,1.0
P981,2017-07-20,0.200000003,1.0
P981,2017-07-22,0.050000001,1.0
P981,2017-07-30,0.100000001,1.0
P981,2017-07-31,0.090000004,0.0
P981,2017-08-01,0.110000003,0.0
P981,2017-08-05,0.170000002,0.0
P981,2017-08-06,0.07,0.0
P981,2017-08-07,0.029999999,0.0
P981,2017-08-14,0.100000001,1.0
P981,2017-08-19,0.090000004,1.0
P981,2017-08-21,0.059999999,0.0
P981,2017-08-24,0.07,1.0
P981,2017-08-27,0.159999996,1.0
P981,2017-08-28,0.07,0.0
P981,2017-08-29,0.059999999,1.0
P981,2017-09-05,0.1050000025,0.5
P981,2017-09-06,0.0749999975,1.0
P981,2017-09-08,0.050000001,1.0
P982,2017-04-23,0.21000000333333335,0.6666666666666666
P982,2017-04-25,0.170000002,0.0
P982,2017-04-26,0.159999996,1.0
P982,2017-04-28,0.150000006,1.0
P982,2017-05-06,0.129999995,1.0
P982,2017-05-07,0.109999999,0.0
P982,2017-05-08,0.090000004,0.0
P982,2017-05-09,0.0649999995,0.0
P982,2017-05-11,0.050000001,1.0
P982,2017-05-12,0.039999999,0.0
P982,2017-05-15,0.029999999,0.0
P982,2017-05-17,0.02,0.0
P982,2017-05-20,0.01,1.0
P982,2017-05-22,0.0,0.0
P982,2017-05-23,0.25,1.0
P982,2017-05-25,0.200000003,1.0
P982,2017-05-27,0.180000007,0.0
P982,2017-05-28,0.170000002,0.0
P982,2017-05-31,0.159999996,1.0
P982,2017-06-06,0.150000006,1.0
P982,2017-06-11,0.129999995,0.0
P982,2017-06-12,0.119999997,1.0
P982,2017-06-18,0.0950000025,1.0
P982,2017-06-25,0.07,0.0
P982,2017-06-26,0.059999999,0.0
P982,2017-07-06,0.050000001,0.0
P982,2017-07-10,0.039999999,1.0
P982,2017-07-12,0.029999999,0.0
P982,2017-07-13,0.02,1.0
P982,2017-07-14,0.01,1.0
P982,2017-07-16,0.0,0.0
P982,2017-07-22,0.25,1.0
P982,2017-07-23,0.200000003,0.0
P982,2017-07-24,0.180000007,1.0
P982,2017-07-26,0.170000002,1.0
P982,2017-07-30,0.159999996,0.0
P982,2017-08-05,0.1400000005,0.5
P982,2017-08-06,0.119999997,1.0
P982,2017-08-07,0.0950000025,0.0
P982,2017-08-11,0.07,1.0
P982,2017-08-14,0.059999999,1.0
P982,2017-08-15,0.050000001,1.0
P982,2017-08-19,0.039999999,1.0
P982,2017-08-21,0.029999999,1.0
P982,2017-08-23,0.01,0.3333333333333333
P982,2017-08-26,0.25,0.0
P982,2017-08-27,0.18333333733333335,0.3333333333333333
P982,2017-09-04,0.159999996,1.0
P982,2017-09-09,0.150000006,0.0
